"YEAR","ELECTION_E","ELECTION_F","PROVINCE_ID","PROVINCE_E","PROVINCE_F","GENDER_E","GENDER_F","AGE_GROUP_ID","AGE_GROUP_E","AGE_GROUP_F","VOTES","ELIGIBLE_ELECTORS","TURNOUT_ELIGIBLE_ELECTOR"
2004,"GE 38, 2004","ÉG 38, 2004",10,"Newfoundland and Labrador","Terre-Neuve-et-Labrador","All genders","Tous les genres",1,"First time","1re fois",6360,27145,0.2342889616
2004,"GE 38, 2004","ÉG 38, 2004",10,"Newfoundland and Labrador","Terre-Neuve-et-Labrador","All genders","Tous les genres",2,"Not first time","2e fois ou plus",5386,23570,0.2285151781
2004,"GE 38, 2004","ÉG 38, 2004",10,"Newfoundland and Labrador","Terre-Neuve-et-Labrador","All genders","Tous les genres",3,"18 to 24 years","18 à 24 ans",11746,50716,0.2316010058
2004,"GE 38, 2004","ÉG 38, 2004",10,"Newfoundland and Labrador","Terre-Neuve-et-Labrador","All genders","Tous les genres",4,"25 to 34 years","25 à 34 ans",22340,64397,0.3469049439
2004,"GE 38, 2004","ÉG 38, 2004",10,"Newfoundland and Labrador","Terre-Neuve-et-Labrador","All genders","Tous les genres",5,"35 to 44 years","35 à 44 ans",37938,83220,0.4558723118
2004,"GE 38, 2004","ÉG 38, 2004",10,"Newfoundland and Labrador","Terre-Neuve-et-Labrador","All genders","Tous les genres",6,"45 to 54 years","45 à 54 ans",47237,84885,0.5564818091
2004,"GE 38, 2004","ÉG 38, 2004",10,"Newfoundland and Labrador","Terre-Neuve-et-Labrador","All genders","Tous les genres",7,"55 to 64 years","55 à 64 ans",40019,61811,0.6474389007
2004,"GE 38, 2004","ÉG 38, 2004",10,"Newfoundland and Labrador","Terre-Neuve-et-Labrador","All genders","Tous les genres",8,"65 to 74 years","65 à 74 ans",22848,36826,0.6204440863
2004,"GE 38, 2004","ÉG 38, 2004",10,"Newfoundland and Labrador","Terre-Neuve-et-Labrador","All genders","Tous les genres",9,"75 years and over","75 ans et plus",16271,29666,0.5484566086
2004,"GE 38, 2004","ÉG 38, 2004",10,"Newfoundland and Labrador","Terre-Neuve-et-Labrador","All genders","Tous les genres",10,"All ages","Tous les âges",198398,411521,0.482109054
2004,"GE 38, 2004","ÉG 38, 2004",11,"Prince Edward Island","Île-du-Prince-Édouard","All genders","Tous les genres",1,"First time","1re fois",3727,7061,0.5278858923
2004,"GE 38, 2004","ÉG 38, 2004",11,"Prince Edward Island","Île-du-Prince-Édouard","All genders","Tous les genres",2,"Not first time","2e fois ou plus",2752,6214,0.4428939892
2004,"GE 38, 2004","ÉG 38, 2004",11,"Prince Edward Island","Île-du-Prince-Édouard","All genders","Tous les genres",3,"18 to 24 years","18 à 24 ans",6480,13274,0.4881381298
2004,"GE 38, 2004","ÉG 38, 2004",11,"Prince Edward Island","Île-du-Prince-Édouard","All genders","Tous les genres",4,"25 to 34 years","25 à 34 ans",10029,16634,0.6029047352
2004,"GE 38, 2004","ÉG 38, 2004",11,"Prince Edward Island","Île-du-Prince-Édouard","All genders","Tous les genres",5,"35 to 44 years","35 à 44 ans",15114,20365,0.7421419244
2004,"GE 38, 2004","ÉG 38, 2004",11,"Prince Edward Island","Île-du-Prince-Édouard","All genders","Tous les genres",6,"45 to 54 years","45 à 54 ans",16833,20686,0.8137408026
2004,"GE 38, 2004","ÉG 38, 2004",11,"Prince Edward Island","Île-du-Prince-Édouard","All genders","Tous les genres",7,"55 to 64 years","55 à 64 ans",13679,15188,0.9006546564
2004,"GE 38, 2004","ÉG 38, 2004",11,"Prince Edward Island","Île-du-Prince-Édouard","All genders","Tous les genres",8,"65 to 74 years","65 à 74 ans",8670,10034,0.8640416282
2004,"GE 38, 2004","ÉG 38, 2004",11,"Prince Edward Island","Île-du-Prince-Édouard","All genders","Tous les genres",9,"75 years and over","75 ans et plus",6059,9004,0.6729273601
2004,"GE 38, 2004","ÉG 38, 2004",11,"Prince Edward Island","Île-du-Prince-Édouard","All genders","Tous les genres",10,"All ages","Tous les âges",76863,105185,0.7307410753
2004,"GE 38, 2004","ÉG 38, 2004",12,"Nova Scotia","Nouvelle-Écosse","All genders","Tous les genres",1,"First time","1re fois",16686,43701,0.3818143108
2004,"GE 38, 2004","ÉG 38, 2004",12,"Nova Scotia","Nouvelle-Écosse","All genders","Tous les genres",2,"Not first time","2e fois ou plus",16315,40469,0.4031586598
2004,"GE 38, 2004","ÉG 38, 2004",12,"Nova Scotia","Nouvelle-Écosse","All genders","Tous les genres",3,"18 to 24 years","18 à 24 ans",33001,84170,0.39207669
2004,"GE 38, 2004","ÉG 38, 2004",12,"Nova Scotia","Nouvelle-Écosse","All genders","Tous les genres",4,"25 to 34 years","25 à 34 ans",54660,116600,0.4687846335
2004,"GE 38, 2004","ÉG 38, 2004",12,"Nova Scotia","Nouvelle-Écosse","All genders","Tous les genres",5,"35 to 44 years","35 à 44 ans",82719,143827,0.5751290978
2004,"GE 38, 2004","ÉG 38, 2004",12,"Nova Scotia","Nouvelle-Écosse","All genders","Tous les genres",6,"45 to 54 years","45 à 54 ans",105775,143896,0.7350769149
2004,"GE 38, 2004","ÉG 38, 2004",12,"Nova Scotia","Nouvelle-Écosse","All genders","Tous les genres",7,"55 to 64 years","55 à 64 ans",78781,110921,0.710245365
2004,"GE 38, 2004","ÉG 38, 2004",12,"Nova Scotia","Nouvelle-Écosse","All genders","Tous les genres",8,"65 to 74 years","65 à 74 ans",44451,68722,0.6468258345
2004,"GE 38, 2004","ÉG 38, 2004",12,"Nova Scotia","Nouvelle-Écosse","All genders","Tous les genres",9,"75 years and over","75 ans et plus",33660,60600,0.5554390282
2004,"GE 38, 2004","ÉG 38, 2004",12,"Nova Scotia","Nouvelle-Écosse","All genders","Tous les genres",10,"All ages","Tous les âges",433047,728736,0.5942440061
2004,"GE 38, 2004","ÉG 38, 2004",13,"New Brunswick","Nouveau-Brunswick","All genders","Tous les genres",1,"First time","1re fois",14370,35403,0.4058955796
2004,"GE 38, 2004","ÉG 38, 2004",13,"New Brunswick","Nouveau-Brunswick","All genders","Tous les genres",2,"Not first time","2e fois ou plus",9909,33197,0.2985027883
2004,"GE 38, 2004","ÉG 38, 2004",13,"New Brunswick","Nouveau-Brunswick","All genders","Tous les genres",3,"18 to 24 years","18 à 24 ans",24279,68600,0.3539259223
2004,"GE 38, 2004","ÉG 38, 2004",13,"New Brunswick","Nouveau-Brunswick","All genders","Tous les genres",4,"25 to 34 years","25 à 34 ans",45351,95871,0.4730371321
2004,"GE 38, 2004","ÉG 38, 2004",13,"New Brunswick","Nouveau-Brunswick","All genders","Tous les genres",5,"35 to 44 years","35 à 44 ans",74407,117578,0.632827298
2004,"GE 38, 2004","ÉG 38, 2004",13,"New Brunswick","Nouveau-Brunswick","All genders","Tous les genres",6,"45 to 54 years","45 à 54 ans",84095,121020,0.6948839033
2004,"GE 38, 2004","ÉG 38, 2004",13,"New Brunswick","Nouveau-Brunswick","All genders","Tous les genres",7,"55 to 64 years","55 à 64 ans",69104,85632,0.8069853488
2004,"GE 38, 2004","ÉG 38, 2004",13,"New Brunswick","Nouveau-Brunswick","All genders","Tous les genres",8,"65 to 74 years","65 à 74 ans",44635,52876,0.8441423449
2004,"GE 38, 2004","ÉG 38, 2004",13,"New Brunswick","Nouveau-Brunswick","All genders","Tous les genres",9,"75 years and over","75 ans et plus",31091,49305,0.6305867723
2004,"GE 38, 2004","ÉG 38, 2004",13,"New Brunswick","Nouveau-Brunswick","All genders","Tous les genres",10,"All ages","Tous les âges",372961,590882,0.631193707
2004,"GE 38, 2004","ÉG 38, 2004",24,"Quebec","Québec","All genders","Tous les genres",1,"First time","1re fois",149651,309446,0.4836098782
2004,"GE 38, 2004","ÉG 38, 2004",24,"Quebec","Québec","All genders","Tous les genres",2,"Not first time","2e fois ou plus",131588,330429,0.3982344316
2004,"GE 38, 2004","ÉG 38, 2004",24,"Quebec","Québec","All genders","Tous les genres",3,"18 to 24 years","18 à 24 ans",281239,639874,0.4395230113
2004,"GE 38, 2004","ÉG 38, 2004",24,"Quebec","Québec","All genders","Tous les genres",4,"25 to 34 years","25 à 34 ans",433414,932985,0.4645456463
2004,"GE 38, 2004","ÉG 38, 2004",24,"Quebec","Québec","All genders","Tous les genres",5,"35 to 44 years","35 à 44 ans",631731,1164548,0.5424691747
2004,"GE 38, 2004","ÉG 38, 2004",24,"Quebec","Québec","All genders","Tous les genres",6,"45 to 54 years","45 à 54 ans",758966,1163452,0.6523396974
2004,"GE 38, 2004","ÉG 38, 2004",24,"Quebec","Québec","All genders","Tous les genres",7,"55 to 64 years","55 à 64 ans",634811,860734,0.7375227628
2004,"GE 38, 2004","ÉG 38, 2004",24,"Quebec","Québec","All genders","Tous les genres",8,"65 to 74 years","65 à 74 ans",432227,543742,0.7949121915
2004,"GE 38, 2004","ÉG 38, 2004",24,"Quebec","Québec","All genders","Tous les genres",9,"75 years and over","75 ans et plus",322065,456366,0.705716798
2004,"GE 38, 2004","ÉG 38, 2004",24,"Quebec","Québec","All genders","Tous les genres",10,"All ages","Tous les âges",3494454,5761701,0.6064969355
2004,"GE 38, 2004","ÉG 38, 2004",35,"Ontario","Ontario","All genders","Tous les genres",1,"First time","1re fois",226332,538480,0.4203169628
2004,"GE 38, 2004","ÉG 38, 2004",35,"Ontario","Ontario","All genders","Tous les genres",2,"Not first time","2e fois ou plus",179855,506359,0.3551918729
2004,"GE 38, 2004","ÉG 38, 2004",35,"Ontario","Ontario","All genders","Tous les genres",3,"18 to 24 years","18 à 24 ans",406187,1044839,0.388755473
2004,"GE 38, 2004","ÉG 38, 2004",35,"Ontario","Ontario","All genders","Tous les genres",4,"25 to 34 years","25 à 34 ans",669004,1495104,0.4474630569
2004,"GE 38, 2004","ÉG 38, 2004",35,"Ontario","Ontario","All genders","Tous les genres",5,"35 to 44 years","35 à 44 ans",1064172,1850950,0.5749330027
2004,"GE 38, 2004","ÉG 38, 2004",35,"Ontario","Ontario","All genders","Tous les genres",6,"45 to 54 years","45 à 54 ans",1129032,1638060,0.689249356
2004,"GE 38, 2004","ÉG 38, 2004",35,"Ontario","Ontario","All genders","Tous les genres",7,"55 to 64 years","55 à 64 ans",865229,1185005,0.7301481396
2004,"GE 38, 2004","ÉG 38, 2004",35,"Ontario","Ontario","All genders","Tous les genres",8,"65 to 74 years","65 à 74 ans",577895,790982,0.7306049659
2004,"GE 38, 2004","ÉG 38, 2004",35,"Ontario","Ontario","All genders","Tous les genres",9,"75 years and over","75 ans et plus",397926,707489,0.5624478955
2004,"GE 38, 2004","ÉG 38, 2004",35,"Ontario","Ontario","All genders","Tous les genres",10,"All ages","Tous les âges",5109445,8712429,0.5864547074
2004,"GE 38, 2004","ÉG 38, 2004",46,"Manitoba","Manitoba","All genders","Tous les genres",1,"First time","1re fois",17065,58332,0.2925563601
2004,"GE 38, 2004","ÉG 38, 2004",46,"Manitoba","Manitoba","All genders","Tous les genres",2,"Not first time","2e fois ou plus",15794,52805,0.2991075434
2004,"GE 38, 2004","ÉG 38, 2004",46,"Manitoba","Manitoba","All genders","Tous les genres",3,"18 to 24 years","18 à 24 ans",32860,111137,0.295669052
2004,"GE 38, 2004","ÉG 38, 2004",46,"Manitoba","Manitoba","All genders","Tous les genres",4,"25 to 34 years","25 à 34 ans",56587,144649,0.3912020038
2004,"GE 38, 2004","ÉG 38, 2004",46,"Manitoba","Manitoba","All genders","Tous les genres",5,"35 to 44 years","35 à 44 ans",88156,166180,0.5304854766
2004,"GE 38, 2004","ÉG 38, 2004",46,"Manitoba","Manitoba","All genders","Tous les genres",6,"45 to 54 years","45 à 54 ans",102005,159730,0.6386106848
2004,"GE 38, 2004","ÉG 38, 2004",46,"Manitoba","Manitoba","All genders","Tous les genres",7,"55 to 64 years","55 à 64 ans",83278,112939,0.7373742701
2004,"GE 38, 2004","ÉG 38, 2004",46,"Manitoba","Manitoba","All genders","Tous les genres",8,"65 to 74 years","65 à 74 ans",56054,76103,0.7365606897
2004,"GE 38, 2004","ÉG 38, 2004",46,"Manitoba","Manitoba","All genders","Tous les genres",9,"75 years and over","75 ans et plus",55825,79703,0.7004140104
2004,"GE 38, 2004","ÉG 38, 2004",46,"Manitoba","Manitoba","All genders","Tous les genres",10,"All ages","Tous les âges",474766,850441,0.5582585976
2004,"GE 38, 2004","ÉG 38, 2004",47,"Saskatchewan","Saskatchewan","All genders","Tous les genres",1,"First time","1re fois",16325,55162,0.2959520762
2004,"GE 38, 2004","ÉG 38, 2004",47,"Saskatchewan","Saskatchewan","All genders","Tous les genres",2,"Not first time","2e fois ou plus",12824,47182,0.2718068505
2004,"GE 38, 2004","ÉG 38, 2004",47,"Saskatchewan","Saskatchewan","All genders","Tous les genres",3,"18 to 24 years","18 à 24 ans",29150,102344,0.2848207931
2004,"GE 38, 2004","ÉG 38, 2004",47,"Saskatchewan","Saskatchewan","All genders","Tous les genres",4,"25 to 34 years","25 à 34 ans",42871,119760,0.3579734026
2004,"GE 38, 2004","ÉG 38, 2004",47,"Saskatchewan","Saskatchewan","All genders","Tous les genres",5,"35 to 44 years","35 à 44 ans",68525,135644,0.5051814366
2004,"GE 38, 2004","ÉG 38, 2004",47,"Saskatchewan","Saskatchewan","All genders","Tous les genres",6,"45 to 54 years","45 à 54 ans",88298,138626,0.6369513136
2004,"GE 38, 2004","ÉG 38, 2004",47,"Saskatchewan","Saskatchewan","All genders","Tous les genres",7,"55 to 64 years","55 à 64 ans",72024,92931,0.7750218125
2004,"GE 38, 2004","ÉG 38, 2004",47,"Saskatchewan","Saskatchewan","All genders","Tous les genres",8,"65 to 74 years","65 à 74 ans",57562,69330,0.8302588977
2004,"GE 38, 2004","ÉG 38, 2004",47,"Saskatchewan","Saskatchewan","All genders","Tous les genres",9,"75 years and over","75 ans et plus",68050,76958,0.8842506437
2004,"GE 38, 2004","ÉG 38, 2004",47,"Saskatchewan","Saskatchewan","All genders","Tous les genres",10,"All ages","Tous les âges",426479,735593,0.5797757727
2004,"GE 38, 2004","ÉG 38, 2004",48,"Alberta","Alberta","All genders","Tous les genres",1,"First time","1re fois",58546,163817,0.3573858669
2004,"GE 38, 2004","ÉG 38, 2004",48,"Alberta","Alberta","All genders","Tous les genres",2,"Not first time","2e fois ou plus",46445,159865,0.2905282212
2004,"GE 38, 2004","ÉG 38, 2004",48,"Alberta","Alberta","All genders","Tous les genres",3,"18 to 24 years","18 à 24 ans",104991,323682,0.3243651937
2004,"GE 38, 2004","ÉG 38, 2004",48,"Alberta","Alberta","All genders","Tous les genres",4,"25 to 34 years","25 à 34 ans",203845,446667,0.4563699732
2004,"GE 38, 2004","ÉG 38, 2004",48,"Alberta","Alberta","All genders","Tous les genres",5,"35 to 44 years","35 à 44 ans",265170,488647,0.5426611714
2004,"GE 38, 2004","ÉG 38, 2004",48,"Alberta","Alberta","All genders","Tous les genres",6,"45 to 54 years","45 à 54 ans",287722,455027,0.6323194674
2004,"GE 38, 2004","ÉG 38, 2004",48,"Alberta","Alberta","All genders","Tous les genres",7,"55 to 64 years","55 à 64 ans",192521,280876,0.6854294659
2004,"GE 38, 2004","ÉG 38, 2004",48,"Alberta","Alberta","All genders","Tous les genres",8,"65 to 74 years","65 à 74 ans",132298,174661,0.7574586882
2004,"GE 38, 2004","ÉG 38, 2004",48,"Alberta","Alberta","All genders","Tous les genres",9,"75 years and over","75 ans et plus",85964,143975,0.5970762717
2004,"GE 38, 2004","ÉG 38, 2004",48,"Alberta","Alberta","All genders","Tous les genres",10,"All ages","Tous les âges",1272512,2313535,0.5500292842
2004,"GE 38, 2004","ÉG 38, 2004",59,"British Columbia","Colombie-Britannique","All genders","Tous les genres",1,"First time","1re fois",59697,186221,0.320571243
2004,"GE 38, 2004","ÉG 38, 2004",59,"British Columbia","Colombie-Britannique","All genders","Tous les genres",2,"Not first time","2e fois ou plus",53347,170131,0.3135671684
2004,"GE 38, 2004","ÉG 38, 2004",59,"British Columbia","Colombie-Britannique","All genders","Tous les genres",3,"18 to 24 years","18 à 24 ans",113045,356352,0.3172273296
2004,"GE 38, 2004","ÉG 38, 2004",59,"British Columbia","Colombie-Britannique","All genders","Tous les genres",4,"25 to 34 years","25 à 34 ans",202215,490791,0.4120180992
2004,"GE 38, 2004","ÉG 38, 2004",59,"British Columbia","Colombie-Britannique","All genders","Tous les genres",5,"35 to 44 years","35 à 44 ans",295099,607847,0.4854829049
2004,"GE 38, 2004","ÉG 38, 2004",59,"British Columbia","Colombie-Britannique","All genders","Tous les genres",6,"45 to 54 years","45 à 54 ans",385411,600927,0.6413610713
2004,"GE 38, 2004","ÉG 38, 2004",59,"British Columbia","Colombie-Britannique","All genders","Tous les genres",7,"55 to 64 years","55 à 64 ans",323325,427231,0.7567929966
2004,"GE 38, 2004","ÉG 38, 2004",59,"British Columbia","Colombie-Britannique","All genders","Tous les genres",8,"65 to 74 years","65 à 74 ans",223628,282548,0.7914674595
2004,"GE 38, 2004","ÉG 38, 2004",59,"British Columbia","Colombie-Britannique","All genders","Tous les genres",9,"75 years and over","75 ans et plus",190910,264830,0.7208780858
2004,"GE 38, 2004","ÉG 38, 2004",59,"British Columbia","Colombie-Britannique","All genders","Tous les genres",10,"All ages","Tous les âges",1733633,3030526,0.5720567981
2004,"GE 38, 2004","ÉG 38, 2004",60,"Yukon","Yukon","All genders","Tous les genres",1,"First time","1re fois",449,1745,0.2574965502
2004,"GE 38, 2004","ÉG 38, 2004",60,"Yukon","Yukon","All genders","Tous les genres",2,"Not first time","2e fois ou plus",416,1387,0.3001335334
2004,"GE 38, 2004","ÉG 38, 2004",60,"Yukon","Yukon","All genders","Tous les genres",3,"18 to 24 years","18 à 24 ans",866,3133,0.2762900386
2004,"GE 38, 2004","ÉG 38, 2004",60,"Yukon","Yukon","All genders","Tous les genres",4,"25 to 34 years","25 à 34 ans",1726,3910,0.4414666892
2004,"GE 38, 2004","ÉG 38, 2004",60,"Yukon","Yukon","All genders","Tous les genres",5,"35 to 44 years","35 à 44 ans",2645,5149,0.5136184299
2004,"GE 38, 2004","ÉG 38, 2004",60,"Yukon","Yukon","All genders","Tous les genres",6,"45 to 54 years","45 à 54 ans",3386,5021,0.6744597322
2004,"GE 38, 2004","ÉG 38, 2004",60,"Yukon","Yukon","All genders","Tous les genres",7,"55 to 64 years","55 à 64 ans",2325,3339,0.6963327094
2004,"GE 38, 2004","ÉG 38, 2004",60,"Yukon","Yukon","All genders","Tous les genres",8,"65 to 74 years","65 à 74 ans",1096,1386,0.7909093955
2004,"GE 38, 2004","ÉG 38, 2004",60,"Yukon","Yukon","All genders","Tous les genres",9,"75 years and over","75 ans et plus",478,631,0.7573844767
2004,"GE 38, 2004","ÉG 38, 2004",60,"Yukon","Yukon","All genders","Tous les genres",10,"All ages","Tous les âges",12522,22569,0.554831849
2004,"GE 38, 2004","ÉG 38, 2004",61,"Northwest Territories","Territoires du Nord-Ouest","All genders","Tous les genres",1,"First time","1re fois",661,2170,0.304390119
2004,"GE 38, 2004","ÉG 38, 2004",61,"Northwest Territories","Territoires du Nord-Ouest","All genders","Tous les genres",2,"Not first time","2e fois ou plus",612,2183,0.2804587329
2004,"GE 38, 2004","ÉG 38, 2004",61,"Northwest Territories","Territoires du Nord-Ouest","All genders","Tous les genres",3,"18 to 24 years","18 à 24 ans",1273,4354,0.292321537
2004,"GE 38, 2004","ÉG 38, 2004",61,"Northwest Territories","Territoires du Nord-Ouest","All genders","Tous les genres",4,"25 to 34 years","25 à 34 ans",2692,7076,0.3804307164
2004,"GE 38, 2004","ÉG 38, 2004",61,"Northwest Territories","Territoires du Nord-Ouest","All genders","Tous les genres",5,"35 to 44 years","35 à 44 ans",3596,7398,0.4860963919
2004,"GE 38, 2004","ÉG 38, 2004",61,"Northwest Territories","Territoires du Nord-Ouest","All genders","Tous les genres",6,"45 to 54 years","45 à 54 ans",3536,5436,0.6505510373
2004,"GE 38, 2004","ÉG 38, 2004",61,"Northwest Territories","Territoires du Nord-Ouest","All genders","Tous les genres",7,"55 to 64 years","55 à 64 ans",1723,3259,0.5285573509
2004,"GE 38, 2004","ÉG 38, 2004",61,"Northwest Territories","Territoires du Nord-Ouest","All genders","Tous les genres",8,"65 to 74 years","65 à 74 ans",417,1120,0.3719915505
2004,"GE 38, 2004","ÉG 38, 2004",61,"Northwest Territories","Territoires du Nord-Ouest","All genders","Tous les genres",9,"75 years and over","75 ans et plus",184,635,0.2890847082
2004,"GE 38, 2004","ÉG 38, 2004",61,"Northwest Territories","Territoires du Nord-Ouest","All genders","Tous les genres",10,"All ages","Tous les âges",13420,29278,0.4583646424
2004,"GE 38, 2004","ÉG 38, 2004",62,"Nunavut","Nunavut","All genders","Tous les genres",1,"First time","1re fois",492,1851,0.2655689525
2004,"GE 38, 2004","ÉG 38, 2004",62,"Nunavut","Nunavut","All genders","Tous les genres",2,"Not first time","2e fois ou plus",432,1540,0.2804270782
2004,"GE 38, 2004","ÉG 38, 2004",62,"Nunavut","Nunavut","All genders","Tous les genres",3,"18 to 24 years","18 à 24 ans",923,3391,0.2723166711
2004,"GE 38, 2004","ÉG 38, 2004",62,"Nunavut","Nunavut","All genders","Tous les genres",4,"25 to 34 years","25 à 34 ans",1990,4795,0.414917034
2004,"GE 38, 2004","ÉG 38, 2004",62,"Nunavut","Nunavut","All genders","Tous les genres",5,"35 to 44 years","35 à 44 ans",1833,3925,0.4669495091
2004,"GE 38, 2004","ÉG 38, 2004",62,"Nunavut","Nunavut","All genders","Tous les genres",6,"45 to 54 years","45 à 54 ans",1337,2786,0.4799426888
2004,"GE 38, 2004","ÉG 38, 2004",62,"Nunavut","Nunavut","All genders","Tous les genres",7,"55 to 64 years","55 à 64 ans",850,1376,0.6179362261
2004,"GE 38, 2004","ÉG 38, 2004",62,"Nunavut","Nunavut","All genders","Tous les genres",8,"65 to 74 years","65 à 74 ans",376,517,0.7277893271
2004,"GE 38, 2004","ÉG 38, 2004",62,"Nunavut","Nunavut","All genders","Tous les genres",9,"75 years and over","75 ans et plus",85,178,0.4752949826
2004,"GE 38, 2004","ÉG 38, 2004",62,"Nunavut","Nunavut","All genders","Tous les genres",10,"All ages","Tous les âges",7394,16968,0.4357614333
2004,"GE 38, 2004","ÉG 38, 2004",99,"Canada","Canada","All genders","Tous les genres",1,"First time","1re fois",570361,1430534,0.3987051655
2004,"GE 38, 2004","ÉG 38, 2004",99,"Canada","Canada","All genders","Tous les genres",2,"Not first time","2e fois ou plus",475678,1375332,0.3458639924
2004,"GE 38, 2004","ÉG 38, 2004",99,"Canada","Canada","All genders","Tous les genres",3,"18 to 24 years","18 à 24 ans",1046039,2805866,0.3728043718
2004,"GE 38, 2004","ÉG 38, 2004",99,"Canada","Canada","All genders","Tous les genres",4,"25 to 34 years","25 à 34 ans",1746723,3939239,0.4434162936
2004,"GE 38, 2004","ÉG 38, 2004",99,"Canada","Canada","All genders","Tous les genres",5,"35 to 44 years","35 à 44 ans",2631104,4795278,0.5486864862
2004,"GE 38, 2004","ÉG 38, 2004",99,"Canada","Canada","All genders","Tous les genres",6,"45 to 54 years","45 à 54 ans",3013634,4539551,0.6638617111
2004,"GE 38, 2004","ÉG 38, 2004",99,"Canada","Canada","All genders","Tous les genres",7,"55 to 64 years","55 à 64 ans",2377669,3241242,0.7335672196
2004,"GE 38, 2004","ÉG 38, 2004",99,"Canada","Canada","All genders","Tous les genres",8,"65 to 74 years","65 à 74 ans",1602158,2108846,0.7597322377
2004,"GE 38, 2004","ÉG 38, 2004",99,"Canada","Canada","All genders","Tous les genres",9,"75 years and over","75 ans et plus",1208567,1879338,0.6430810362
2004,"GE 38, 2004","ÉG 38, 2004",99,"Canada","Canada","All genders","Tous les genres",10,"All ages","Tous les âges",13625894,23309360,0.5845674871
2006,"GE 39, 2006","ÉG 39, 2006",10,"Newfoundland and Labrador","Terre-Neuve-et-Labrador","All genders","Tous les genres",1,"First time","1re fois",2551,10368,0.2460075756
2006,"GE 39, 2006","ÉG 39, 2006",10,"Newfoundland and Labrador","Terre-Neuve-et-Labrador","All genders","Tous les genres",2,"Not first time","2e fois ou plus",8607,36839,0.2336318575
2006,"GE 39, 2006","ÉG 39, 2006",10,"Newfoundland and Labrador","Terre-Neuve-et-Labrador","All genders","Tous les genres",3,"18 to 24 years","18 à 24 ans",11157,47207,0.2363499172
2006,"GE 39, 2006","ÉG 39, 2006",10,"Newfoundland and Labrador","Terre-Neuve-et-Labrador","All genders","Tous les genres",4,"25 to 34 years","25 à 34 ans",20888,62814,0.3325423458
2006,"GE 39, 2006","ÉG 39, 2006",10,"Newfoundland and Labrador","Terre-Neuve-et-Labrador","All genders","Tous les genres",5,"35 to 44 years","35 à 44 ans",44737,81059,0.551900995
2006,"GE 39, 2006","ÉG 39, 2006",10,"Newfoundland and Labrador","Terre-Neuve-et-Labrador","All genders","Tous les genres",6,"45 to 54 years","45 à 54 ans",57089,86573,0.6594283785
2006,"GE 39, 2006","ÉG 39, 2006",10,"Newfoundland and Labrador","Terre-Neuve-et-Labrador","All genders","Tous les genres",7,"55 to 64 years","55 à 64 ans",48350,66628,0.7256727666
2006,"GE 39, 2006","ÉG 39, 2006",10,"Newfoundland and Labrador","Terre-Neuve-et-Labrador","All genders","Tous les genres",8,"65 to 74 years","65 à 74 ans",29725,38589,0.7702854319
2006,"GE 39, 2006","ÉG 39, 2006",10,"Newfoundland and Labrador","Terre-Neuve-et-Labrador","All genders","Tous les genres",9,"75 years and over","75 ans et plus",17015,30162,0.564133982
2006,"GE 39, 2006","ÉG 39, 2006",10,"Newfoundland and Labrador","Terre-Neuve-et-Labrador","All genders","Tous les genres",10,"All ages","Tous les âges",228961,413032,0.5543420365
2006,"GE 39, 2006","ÉG 39, 2006",11,"Prince Edward Island","Île-du-Prince-Édouard","All genders","Tous les genres",1,"First time","1re fois",1628,3009,0.5412000787
2006,"GE 39, 2006","ÉG 39, 2006",11,"Prince Edward Island","Île-du-Prince-Édouard","All genders","Tous les genres",2,"Not first time","2e fois ou plus",5521,10545,0.5235197752
2006,"GE 39, 2006","ÉG 39, 2006",11,"Prince Edward Island","Île-du-Prince-Édouard","All genders","Tous les genres",3,"18 to 24 years","18 à 24 ans",7149,13554,0.5274448182
2006,"GE 39, 2006","ÉG 39, 2006",11,"Prince Edward Island","Île-du-Prince-Édouard","All genders","Tous les genres",4,"25 to 34 years","25 à 34 ans",10316,17293,0.5965452762
2006,"GE 39, 2006","ÉG 39, 2006",11,"Prince Edward Island","Île-du-Prince-Édouard","All genders","Tous les genres",5,"35 to 44 years","35 à 44 ans",14351,19148,0.7494896955
2006,"GE 39, 2006","ÉG 39, 2006",11,"Prince Edward Island","Île-du-Prince-Édouard","All genders","Tous les genres",6,"45 to 54 years","45 à 54 ans",17344,20724,0.8368867173
2006,"GE 39, 2006","ÉG 39, 2006",11,"Prince Edward Island","Île-du-Prince-Édouard","All genders","Tous les genres",7,"55 to 64 years","55 à 64 ans",13918,16723,0.8322482521
2006,"GE 39, 2006","ÉG 39, 2006",11,"Prince Edward Island","Île-du-Prince-Édouard","All genders","Tous les genres",8,"65 to 74 years","65 à 74 ans",8584,10096,0.850269178
2006,"GE 39, 2006","ÉG 39, 2006",11,"Prince Edward Island","Île-du-Prince-Édouard","All genders","Tous les genres",9,"75 years and over","75 ans et plus",7167,9024,0.7942244363
2006,"GE 39, 2006","ÉG 39, 2006",11,"Prince Edward Island","Île-du-Prince-Édouard","All genders","Tous les genres",10,"All ages","Tous les âges",78829,106562,0.7397477525
2006,"GE 39, 2006","ÉG 39, 2006",12,"Nova Scotia","Nouvelle-Écosse","All genders","Tous les genres",1,"First time","1re fois",9535,19644,0.4853941673
2006,"GE 39, 2006","ÉG 39, 2006",12,"Nova Scotia","Nouvelle-Écosse","All genders","Tous les genres",2,"Not first time","2e fois ou plus",30396,62898,0.4832509406
2006,"GE 39, 2006","ÉG 39, 2006",12,"Nova Scotia","Nouvelle-Écosse","All genders","Tous les genres",3,"18 to 24 years","18 à 24 ans",39931,82542,0.4837610027
2006,"GE 39, 2006","ÉG 39, 2006",12,"Nova Scotia","Nouvelle-Écosse","All genders","Tous les genres",4,"25 to 34 years","25 à 34 ans",53561,115025,0.4656485911
2006,"GE 39, 2006","ÉG 39, 2006",12,"Nova Scotia","Nouvelle-Écosse","All genders","Tous les genres",5,"35 to 44 years","35 à 44 ans",92273,140449,0.656988588
2006,"GE 39, 2006","ÉG 39, 2006",12,"Nova Scotia","Nouvelle-Écosse","All genders","Tous les genres",6,"45 to 54 years","45 à 54 ans",112060,147729,0.7585535959
2006,"GE 39, 2006","ÉG 39, 2006",12,"Nova Scotia","Nouvelle-Écosse","All genders","Tous les genres",7,"55 to 64 years","55 à 64 ans",91704,117893,0.7778552471
2006,"GE 39, 2006","ÉG 39, 2006",12,"Nova Scotia","Nouvelle-Écosse","All genders","Tous les genres",8,"65 to 74 years","65 à 74 ans",55032,70814,0.7771315852
2006,"GE 39, 2006","ÉG 39, 2006",12,"Nova Scotia","Nouvelle-Écosse","All genders","Tous les genres",9,"75 years and over","75 ans et plus",35019,61050,0.573610664
2006,"GE 39, 2006","ÉG 39, 2006",12,"Nova Scotia","Nouvelle-Écosse","All genders","Tous les genres",10,"All ages","Tous les âges",479580,735502,0.652044454
2006,"GE 39, 2006","ÉG 39, 2006",13,"New Brunswick","Nouveau-Brunswick","All genders","Tous les genres",1,"First time","1re fois",6939,15404,0.450450887
2006,"GE 39, 2006","ÉG 39, 2006",13,"New Brunswick","Nouveau-Brunswick","All genders","Tous les genres",2,"Not first time","2e fois ou plus",23644,51359,0.4603712649
2006,"GE 39, 2006","ÉG 39, 2006",13,"New Brunswick","Nouveau-Brunswick","All genders","Tous les genres",3,"18 to 24 years","18 à 24 ans",30583,66763,0.4580823698
2006,"GE 39, 2006","ÉG 39, 2006",13,"New Brunswick","Nouveau-Brunswick","All genders","Tous les genres",4,"25 to 34 years","25 à 34 ans",50590,95637,0.5289759294
2006,"GE 39, 2006","ÉG 39, 2006",13,"New Brunswick","Nouveau-Brunswick","All genders","Tous les genres",5,"35 to 44 years","35 à 44 ans",77297,112893,0.6846926663
2006,"GE 39, 2006","ÉG 39, 2006",13,"New Brunswick","Nouveau-Brunswick","All genders","Tous les genres",6,"45 to 54 years","45 à 54 ans",92042,123885,0.7429595707
2006,"GE 39, 2006","ÉG 39, 2006",13,"New Brunswick","Nouveau-Brunswick","All genders","Tous les genres",7,"55 to 64 years","55 à 64 ans",76394,92308,0.8275963425
2006,"GE 39, 2006","ÉG 39, 2006",13,"New Brunswick","Nouveau-Brunswick","All genders","Tous les genres",8,"65 to 74 years","65 à 74 ans",46208,54447,0.8486768331
2006,"GE 39, 2006","ÉG 39, 2006",13,"New Brunswick","Nouveau-Brunswick","All genders","Tous les genres",9,"75 years and over","75 ans et plus",37805,49874,0.7580131829
2006,"GE 39, 2006","ÉG 39, 2006",13,"New Brunswick","Nouveau-Brunswick","All genders","Tous les genres",10,"All ages","Tous les âges",410918,595807,0.6896830685
2006,"GE 39, 2006","ÉG 39, 2006",24,"Quebec","Québec","All genders","Tous les genres",1,"First time","1re fois",66537,140543,0.4734266219
2006,"GE 39, 2006","ÉG 39, 2006",24,"Quebec","Québec","All genders","Tous les genres",2,"Not first time","2e fois ou plus",242175,474198,0.5107043082
2006,"GE 39, 2006","ÉG 39, 2006",24,"Quebec","Québec","All genders","Tous les genres",3,"18 to 24 years","18 à 24 ans",308712,614741,0.5021818282
2006,"GE 39, 2006","ÉG 39, 2006",24,"Quebec","Québec","All genders","Tous les genres",4,"25 to 34 years","25 à 34 ans",544377,954003,0.5706238673
2006,"GE 39, 2006","ÉG 39, 2006",24,"Quebec","Québec","All genders","Tous les genres",5,"35 to 44 years","35 à 44 ans",699997,1125509,0.6219377574
2006,"GE 39, 2006","ÉG 39, 2006",24,"Quebec","Québec","All genders","Tous les genres",6,"45 to 54 years","45 à 54 ans",806593,1199364,0.6725170941
2006,"GE 39, 2006","ÉG 39, 2006",24,"Quebec","Québec","All genders","Tous les genres",7,"55 to 64 years","55 à 64 ans",675054,906804,0.7444319833
2006,"GE 39, 2006","ÉG 39, 2006",24,"Quebec","Québec","All genders","Tous les genres",8,"65 to 74 years","65 à 74 ans",441011,554538,0.7952758051
2006,"GE 39, 2006","ÉG 39, 2006",24,"Quebec","Québec","All genders","Tous les genres",9,"75 years and over","75 ans et plus",262106,472509,0.5547121206
2006,"GE 39, 2006","ÉG 39, 2006",24,"Quebec","Québec","All genders","Tous les genres",10,"All ages","Tous les âges",3737849,5827468,0.641419052
2006,"GE 39, 2006","ÉG 39, 2006",35,"Ontario","Ontario","All genders","Tous les genres",1,"First time","1re fois",99843,227034,0.439769832
2006,"GE 39, 2006","ÉG 39, 2006",35,"Ontario","Ontario","All genders","Tous les genres",2,"Not first time","2e fois ou plus",393632,818148,0.4811256739
2006,"GE 39, 2006","ÉG 39, 2006",35,"Ontario","Ontario","All genders","Tous les genres",3,"18 to 24 years","18 à 24 ans",493475,1045182,0.4721423751
2006,"GE 39, 2006","ÉG 39, 2006",35,"Ontario","Ontario","All genders","Tous les genres",4,"25 to 34 years","25 à 34 ans",810749,1505733,0.5384415036
2006,"GE 39, 2006","ÉG 39, 2006",35,"Ontario","Ontario","All genders","Tous les genres",5,"35 to 44 years","35 à 44 ans",1199519,1858249,0.645510634
2006,"GE 39, 2006","ÉG 39, 2006",35,"Ontario","Ontario","All genders","Tous les genres",6,"45 to 54 years","45 à 54 ans",1222963,1733370,0.7055408498
2006,"GE 39, 2006","ÉG 39, 2006",35,"Ontario","Ontario","All genders","Tous les genres",7,"55 to 64 years","55 à 64 ans",954336,1248166,0.7645905665
2006,"GE 39, 2006","ÉG 39, 2006",35,"Ontario","Ontario","All genders","Tous les genres",8,"65 to 74 years","65 à 74 ans",584534,802686,0.7282227013
2006,"GE 39, 2006","ÉG 39, 2006",35,"Ontario","Ontario","All genders","Tous les genres",9,"75 years and over","75 ans et plus",416789,732490,0.5690032606
2006,"GE 39, 2006","ÉG 39, 2006",35,"Ontario","Ontario","All genders","Tous les genres",10,"All ages","Tous les âges",5682366,8925876,0.6366171791
2006,"GE 39, 2006","ÉG 39, 2006",46,"Manitoba","Manitoba","All genders","Tous les genres",1,"First time","1re fois",8078,23719,0.3405557866
2006,"GE 39, 2006","ÉG 39, 2006",46,"Manitoba","Manitoba","All genders","Tous les genres",2,"Not first time","2e fois ou plus",29114,86066,0.3382773672
2006,"GE 39, 2006","ÉG 39, 2006",46,"Manitoba","Manitoba","All genders","Tous les genres",3,"18 to 24 years","18 à 24 ans",37192,109785,0.3387696187
2006,"GE 39, 2006","ÉG 39, 2006",46,"Manitoba","Manitoba","All genders","Tous les genres",4,"25 to 34 years","25 à 34 ans",66672,146707,0.4544596369
2006,"GE 39, 2006","ÉG 39, 2006",46,"Manitoba","Manitoba","All genders","Tous les genres",5,"35 to 44 years","35 à 44 ans",96511,161292,0.5983643846
2006,"GE 39, 2006","ÉG 39, 2006",46,"Manitoba","Manitoba","All genders","Tous les genres",6,"45 to 54 years","45 à 54 ans",116189,166227,0.6989778332
2006,"GE 39, 2006","ÉG 39, 2006",46,"Manitoba","Manitoba","All genders","Tous les genres",7,"55 to 64 years","55 à 64 ans",87965,119334,0.7371347694
2006,"GE 39, 2006","ÉG 39, 2006",46,"Manitoba","Manitoba","All genders","Tous les genres",8,"65 to 74 years","65 à 74 ans",57404,74535,0.7701588977
2006,"GE 39, 2006","ÉG 39, 2006",46,"Manitoba","Manitoba","All genders","Tous les genres",9,"75 years and over","75 ans et plus",55623,79111,0.7031052173
2006,"GE 39, 2006","ÉG 39, 2006",46,"Manitoba","Manitoba","All genders","Tous les genres",10,"All ages","Tous les âges",517557,856991,0.6039234951
2006,"GE 39, 2006","ÉG 39, 2006",47,"Saskatchewan","Saskatchewan","All genders","Tous les genres",1,"First time","1re fois",7012,23053,0.3041629335
2006,"GE 39, 2006","ÉG 39, 2006",47,"Saskatchewan","Saskatchewan","All genders","Tous les genres",2,"Not first time","2e fois ou plus",21007,78547,0.2674493539
2006,"GE 39, 2006","ÉG 39, 2006",47,"Saskatchewan","Saskatchewan","All genders","Tous les genres",3,"18 to 24 years","18 à 24 ans",28019,101600,0.2757796507
2006,"GE 39, 2006","ÉG 39, 2006",47,"Saskatchewan","Saskatchewan","All genders","Tous les genres",4,"25 to 34 years","25 à 34 ans",47471,120892,0.3926737961
2006,"GE 39, 2006","ÉG 39, 2006",47,"Saskatchewan","Saskatchewan","All genders","Tous les genres",5,"35 to 44 years","35 à 44 ans",73161,130405,0.5610320905
2006,"GE 39, 2006","ÉG 39, 2006",47,"Saskatchewan","Saskatchewan","All genders","Tous les genres",6,"45 to 54 years","45 à 54 ans",100353,143792,0.6979028118
2006,"GE 39, 2006","ÉG 39, 2006",47,"Saskatchewan","Saskatchewan","All genders","Tous les genres",7,"55 to 64 years","55 à 64 ans",82956,97480,0.8510006876
2006,"GE 39, 2006","ÉG 39, 2006",47,"Saskatchewan","Saskatchewan","All genders","Tous les genres",8,"65 to 74 years","65 à 74 ans",64910,68453,0.948245911
2006,"GE 39, 2006","ÉG 39, 2006",47,"Saskatchewan","Saskatchewan","All genders","Tous les genres",9,"75 years and over","75 ans et plus",66918,76187,0.8783337274
2006,"GE 39, 2006","ÉG 39, 2006",47,"Saskatchewan","Saskatchewan","All genders","Tous les genres",10,"All ages","Tous les âges",463788,738809,0.6277508801
2006,"GE 39, 2006","ÉG 39, 2006",48,"Alberta","Alberta","All genders","Tous les genres",1,"First time","1re fois",30430,74698,0.4073718554
2006,"GE 39, 2006","ÉG 39, 2006",48,"Alberta","Alberta","All genders","Tous les genres",2,"Not first time","2e fois ou plus",107342,250184,0.4290514975
2006,"GE 39, 2006","ÉG 39, 2006",48,"Alberta","Alberta","All genders","Tous les genres",3,"18 to 24 years","18 à 24 ans",137772,324882,0.4240668388
2006,"GE 39, 2006","ÉG 39, 2006",48,"Alberta","Alberta","All genders","Tous les genres",4,"25 to 34 years","25 à 34 ans",184941,459180,0.402763614
2006,"GE 39, 2006","ÉG 39, 2006",48,"Alberta","Alberta","All genders","Tous les genres",5,"35 to 44 years","35 à 44 ans",290743,487377,0.5965464069
2006,"GE 39, 2006","ÉG 39, 2006",48,"Alberta","Alberta","All genders","Tous les genres",6,"45 to 54 years","45 à 54 ans",357901,477170,0.7500484163
2006,"GE 39, 2006","ÉG 39, 2006",48,"Alberta","Alberta","All genders","Tous les genres",7,"55 to 64 years","55 à 64 ans",222400,301208,0.7383613566
2006,"GE 39, 2006","ÉG 39, 2006",48,"Alberta","Alberta","All genders","Tous les genres",8,"65 to 74 years","65 à 74 ans",138011,175910,0.7845524119
2006,"GE 39, 2006","ÉG 39, 2006",48,"Alberta","Alberta","All genders","Tous les genres",9,"75 years and over","75 ans et plus",104888,149282,0.702614902
2006,"GE 39, 2006","ÉG 39, 2006",48,"Alberta","Alberta","All genders","Tous les genres",10,"All ages","Tous les âges",1436655,2375009,0.6049050762
2006,"GE 39, 2006","ÉG 39, 2006",59,"British Columbia","Colombie-Britannique","All genders","Tous les genres",1,"First time","1re fois",29343,78672,0.3729730904
2006,"GE 39, 2006","ÉG 39, 2006",59,"British Columbia","Colombie-Britannique","All genders","Tous les genres",2,"Not first time","2e fois ou plus",91949,276218,0.3328851212
2006,"GE 39, 2006","ÉG 39, 2006",59,"British Columbia","Colombie-Britannique","All genders","Tous les genres",3,"18 to 24 years","18 à 24 ans",121291,354890,0.3417718205
2006,"GE 39, 2006","ÉG 39, 2006",59,"British Columbia","Colombie-Britannique","All genders","Tous les genres",4,"25 to 34 years","25 à 34 ans",193603,492613,0.393012784
2006,"GE 39, 2006","ÉG 39, 2006",59,"British Columbia","Colombie-Britannique","All genders","Tous les genres",5,"35 to 44 years","35 à 44 ans",329193,604659,0.5444271047
2006,"GE 39, 2006","ÉG 39, 2006",59,"British Columbia","Colombie-Britannique","All genders","Tous les genres",6,"45 to 54 years","45 à 54 ans",431095,623342,0.6915871952
2006,"GE 39, 2006","ÉG 39, 2006",59,"British Columbia","Colombie-Britannique","All genders","Tous les genres",7,"55 to 64 years","55 à 64 ans",333279,456805,0.7295873771
2006,"GE 39, 2006","ÉG 39, 2006",59,"British Columbia","Colombie-Britannique","All genders","Tous les genres",8,"65 to 74 years","65 à 74 ans",233110,284358,0.819777215
2006,"GE 39, 2006","ÉG 39, 2006",59,"British Columbia","Colombie-Britannique","All genders","Tous les genres",9,"75 years and over","75 ans et plus",190985,273670,0.6978657759
2006,"GE 39, 2006","ÉG 39, 2006",59,"British Columbia","Colombie-Britannique","All genders","Tous les genres",10,"All ages","Tous les âges",1832557,3090337,0.5929958448
2006,"GE 39, 2006","ÉG 39, 2006",60,"Yukon","Yukon","All genders","Tous les genres",1,"First time","1re fois",223,667,0.3342953234
2006,"GE 39, 2006","ÉG 39, 2006",60,"Yukon","Yukon","All genders","Tous les genres",2,"Not first time","2e fois ou plus",740,2387,0.3100389951
2006,"GE 39, 2006","ÉG 39, 2006",60,"Yukon","Yukon","All genders","Tous les genres",3,"18 to 24 years","18 à 24 ans",963,3054,0.3153366281
2006,"GE 39, 2006","ÉG 39, 2006",60,"Yukon","Yukon","All genders","Tous les genres",4,"25 to 34 years","25 à 34 ans",1714,3551,0.4827165372
2006,"GE 39, 2006","ÉG 39, 2006",60,"Yukon","Yukon","All genders","Tous les genres",5,"35 to 44 years","35 à 44 ans",3008,5243,0.5736918251
2006,"GE 39, 2006","ÉG 39, 2006",60,"Yukon","Yukon","All genders","Tous les genres",6,"45 to 54 years","45 à 54 ans",4287,5432,0.7892581539
2006,"GE 39, 2006","ÉG 39, 2006",60,"Yukon","Yukon","All genders","Tous les genres",7,"55 to 64 years","55 à 64 ans",2627,3620,0.7256203873
2006,"GE 39, 2006","ÉG 39, 2006",60,"Yukon","Yukon","All genders","Tous les genres",8,"65 to 74 years","65 à 74 ans",1037,1499,0.6920058011
2006,"GE 39, 2006","ÉG 39, 2006",60,"Yukon","Yukon","All genders","Tous les genres",9,"75 years and over","75 ans et plus",570,726,0.7846508071
2006,"GE 39, 2006","ÉG 39, 2006",60,"Yukon","Yukon","All genders","Tous les genres",10,"All ages","Tous les âges",14206,23125,0.6143135135
2006,"GE 39, 2006","ÉG 39, 2006",61,"Northwest Territories","Territoires du Nord-Ouest","All genders","Tous les genres",1,"First time","1re fois",321,1081,0.297086944
2006,"GE 39, 2006","ÉG 39, 2006",61,"Northwest Territories","Territoires du Nord-Ouest","All genders","Tous les genres",2,"Not first time","2e fois ou plus",1169,3569,0.3275845197
2006,"GE 39, 2006","ÉG 39, 2006",61,"Northwest Territories","Territoires du Nord-Ouest","All genders","Tous les genres",3,"18 to 24 years","18 à 24 ans",1490,4650,0.3204946532
2006,"GE 39, 2006","ÉG 39, 2006",61,"Northwest Territories","Territoires du Nord-Ouest","All genders","Tous les genres",4,"25 to 34 years","25 à 34 ans",2942,7106,0.4140223932
2006,"GE 39, 2006","ÉG 39, 2006",61,"Northwest Territories","Territoires du Nord-Ouest","All genders","Tous les genres",5,"35 to 44 years","35 à 44 ans",4098,7409,0.5531237511
2006,"GE 39, 2006","ÉG 39, 2006",61,"Northwest Territories","Territoires du Nord-Ouest","All genders","Tous les genres",6,"45 to 54 years","45 à 54 ans",4141,5712,0.7249003878
2006,"GE 39, 2006","ÉG 39, 2006",61,"Northwest Territories","Territoires du Nord-Ouest","All genders","Tous les genres",7,"55 to 64 years","55 à 64 ans",2384,3532,0.6750666635
2006,"GE 39, 2006","ÉG 39, 2006",61,"Northwest Territories","Territoires du Nord-Ouest","All genders","Tous les genres",8,"65 to 74 years","65 à 74 ans",784,1355,0.578477209
2006,"GE 39, 2006","ÉG 39, 2006",61,"Northwest Territories","Territoires du Nord-Ouest","All genders","Tous les genres",9,"75 years and over","75 ans et plus",347,708,0.4897736951
2006,"GE 39, 2006","ÉG 39, 2006",61,"Northwest Territories","Territoires du Nord-Ouest","All genders","Tous les genres",10,"All ages","Tous les âges",16186,30472,0.5311761617
2006,"GE 39, 2006","ÉG 39, 2006",62,"Nunavut","Nunavut","All genders","Tous les genres",1,"First time","1re fois",170,763,0.2231024145
2006,"GE 39, 2006","ÉG 39, 2006",62,"Nunavut","Nunavut","All genders","Tous les genres",2,"Not first time","2e fois ou plus",984,2753,0.3574757675
2006,"GE 39, 2006","ÉG 39, 2006",62,"Nunavut","Nunavut","All genders","Tous les genres",3,"18 to 24 years","18 à 24 ans",1154,3516,0.3283156798
2006,"GE 39, 2006","ÉG 39, 2006",62,"Nunavut","Nunavut","All genders","Tous les genres",4,"25 to 34 years","25 à 34 ans",2283,4955,0.4607274059
2006,"GE 39, 2006","ÉG 39, 2006",62,"Nunavut","Nunavut","All genders","Tous les genres",5,"35 to 44 years","35 à 44 ans",2381,3593,0.6626327956
2006,"GE 39, 2006","ÉG 39, 2006",62,"Nunavut","Nunavut","All genders","Tous les genres",6,"45 to 54 years","45 à 54 ans",1737,3061,0.5673590915
2006,"GE 39, 2006","ÉG 39, 2006",62,"Nunavut","Nunavut","All genders","Tous les genres",7,"55 to 64 years","55 à 64 ans",1138,1600,0.7115508471
2006,"GE 39, 2006","ÉG 39, 2006",62,"Nunavut","Nunavut","All genders","Tous les genres",8,"65 to 74 years","65 à 74 ans",450,647,0.6950690451
2006,"GE 39, 2006","ÉG 39, 2006",62,"Nunavut","Nunavut","All genders","Tous les genres",9,"75 years and over","75 ans et plus",108,181,0.5968007296
2006,"GE 39, 2006","ÉG 39, 2006",62,"Nunavut","Nunavut","All genders","Tous les genres",10,"All ages","Tous les âges",9251,17553,0.5270324161
2006,"GE 39, 2006","ÉG 39, 2006",99,"Canada","Canada","All genders","Tous les genres",1,"First time","1re fois",262609,618655,0.4244832315
2006,"GE 39, 2006","ÉG 39, 2006",99,"Canada","Canada","All genders","Tous les genres",2,"Not first time","2e fois ou plus",956280,2153711,0.444014784
2006,"GE 39, 2006","ÉG 39, 2006",99,"Canada","Canada","All genders","Tous les genres",3,"18 to 24 years","18 à 24 ans",1218888,2772366,0.4396563073
2006,"GE 39, 2006","ÉG 39, 2006",99,"Canada","Canada","All genders","Tous les genres",4,"25 to 34 years","25 à 34 ans",1990108,3985507,0.4993362454
2006,"GE 39, 2006","ÉG 39, 2006",99,"Canada","Canada","All genders","Tous les genres",5,"35 to 44 years","35 à 44 ans",2927270,4737286,0.6179212167
2006,"GE 39, 2006","ÉG 39, 2006",99,"Canada","Canada","All genders","Tous les genres",6,"45 to 54 years","45 à 54 ans",3323793,4736381,0.7017578873
2006,"GE 39, 2006","ÉG 39, 2006",99,"Canada","Canada","All genders","Tous les genres",7,"55 to 64 years","55 à 64 ans",2592505,3432101,0.7553696622
2006,"GE 39, 2006","ÉG 39, 2006",99,"Canada","Canada","All genders","Tous les genres",8,"65 to 74 years","65 à 74 ans",1660799,2137926,0.776827236
2006,"GE 39, 2006","ÉG 39, 2006",99,"Canada","Canada","All genders","Tous les genres",9,"75 years and over","75 ans et plus",1195340,1934975,0.6177549215
2006,"GE 39, 2006","ÉG 39, 2006",99,"Canada","Canada","All genders","Tous les genres",10,"All ages","Tous les âges",14908703,23736542,0.6280907725
2008,"GE 40, 2008","ÉG 40, 2008",10,"Newfoundland and Labrador","Terre-Neuve-et-Labrador","All genders","Tous les genres",1,"First time","1re fois",5596,17651,0.3170492857
2008,"GE 40, 2008","ÉG 40, 2008",10,"Newfoundland and Labrador","Terre-Neuve-et-Labrador","All genders","Tous les genres",2,"Not first time","2e fois ou plus",9244,25471,0.3629082812
2008,"GE 40, 2008","ÉG 40, 2008",10,"Newfoundland and Labrador","Terre-Neuve-et-Labrador","All genders","Tous les genres",3,"18 to 24 years","18 à 24 ans",14840,43123,0.34413701
2008,"GE 40, 2008","ÉG 40, 2008",10,"Newfoundland and Labrador","Terre-Neuve-et-Labrador","All genders","Tous les genres",4,"25 to 34 years","25 à 34 ans",24339,57377,0.4241955978
2008,"GE 40, 2008","ÉG 40, 2008",10,"Newfoundland and Labrador","Terre-Neuve-et-Labrador","All genders","Tous les genres",5,"35 to 44 years","35 à 44 ans",35644,73855,0.4826178226
2008,"GE 40, 2008","ÉG 40, 2008",10,"Newfoundland and Labrador","Terre-Neuve-et-Labrador","All genders","Tous les genres",6,"45 to 54 years","45 à 54 ans",43850,84468,0.5191340536
2008,"GE 40, 2008","ÉG 40, 2008",10,"Newfoundland and Labrador","Terre-Neuve-et-Labrador","All genders","Tous les genres",7,"55 to 64 years","55 à 64 ans",41677,74613,0.5585725192
2008,"GE 40, 2008","ÉG 40, 2008",10,"Newfoundland and Labrador","Terre-Neuve-et-Labrador","All genders","Tous les genres",8,"65 to 74 years","65 à 74 ans",21388,42099,0.5080464965
2008,"GE 40, 2008","ÉG 40, 2008",10,"Newfoundland and Labrador","Terre-Neuve-et-Labrador","All genders","Tous les genres",9,"75 years and over","75 ans et plus",13931,31540,0.4416847474
2008,"GE 40, 2008","ÉG 40, 2008",10,"Newfoundland and Labrador","Terre-Neuve-et-Labrador","All genders","Tous les genres",10,"All ages","Tous les âges",195669,407075,0.4806707517
2008,"GE 40, 2008","ÉG 40, 2008",10,"Newfoundland and Labrador","Terre-Neuve-et-Labrador","Female","Femme",1,"First time","1re fois",2898,8555,0.3387810824
2008,"GE 40, 2008","ÉG 40, 2008",10,"Newfoundland and Labrador","Terre-Neuve-et-Labrador","Female","Femme",2,"Not first time","2e fois ou plus",4920,12704,0.3873145373
2008,"GE 40, 2008","ÉG 40, 2008",10,"Newfoundland and Labrador","Terre-Neuve-et-Labrador","Female","Femme",3,"18 to 24 years","18 à 24 ans",7819,21259,0.3677829944
2008,"GE 40, 2008","ÉG 40, 2008",10,"Newfoundland and Labrador","Terre-Neuve-et-Labrador","Female","Femme",4,"25 to 34 years","25 à 34 ans",13082,29197,0.4480698255
2008,"GE 40, 2008","ÉG 40, 2008",10,"Newfoundland and Labrador","Terre-Neuve-et-Labrador","Female","Femme",5,"35 to 44 years","35 à 44 ans",19493,38221,0.5100025252
2008,"GE 40, 2008","ÉG 40, 2008",10,"Newfoundland and Labrador","Terre-Neuve-et-Labrador","Female","Femme",6,"45 to 54 years","45 à 54 ans",23563,42996,0.5480143561
2008,"GE 40, 2008","ÉG 40, 2008",10,"Newfoundland and Labrador","Terre-Neuve-et-Labrador","Female","Femme",7,"55 to 64 years","55 à 64 ans",20613,37730,0.5463178306
2008,"GE 40, 2008","ÉG 40, 2008",10,"Newfoundland and Labrador","Terre-Neuve-et-Labrador","Female","Femme",8,"65 to 74 years","65 à 74 ans",10917,21444,0.5091097313
2008,"GE 40, 2008","ÉG 40, 2008",10,"Newfoundland and Labrador","Terre-Neuve-et-Labrador","Female","Femme",9,"75 years and over","75 ans et plus",8340,18571,0.4491028915
2008,"GE 40, 2008","ÉG 40, 2008",10,"Newfoundland and Labrador","Terre-Neuve-et-Labrador","Female","Femme",10,"All ages","Tous les âges",103827,209419,0.4957856152
2008,"GE 40, 2008","ÉG 40, 2008",10,"Newfoundland and Labrador","Terre-Neuve-et-Labrador","Male","Homme",1,"First time","1re fois",2698,9096,0.296608387
2008,"GE 40, 2008","ÉG 40, 2008",10,"Newfoundland and Labrador","Terre-Neuve-et-Labrador","Male","Homme",2,"Not first time","2e fois ou plus",4323,12768,0.3386240914
2008,"GE 40, 2008","ÉG 40, 2008",10,"Newfoundland and Labrador","Terre-Neuve-et-Labrador","Male","Homme",3,"18 to 24 years","18 à 24 ans",7021,21863,0.3211444409
2008,"GE 40, 2008","ÉG 40, 2008",10,"Newfoundland and Labrador","Terre-Neuve-et-Labrador","Male","Homme",4,"25 to 34 years","25 à 34 ans",11257,28181,0.3994608364
2008,"GE 40, 2008","ÉG 40, 2008",10,"Newfoundland and Labrador","Terre-Neuve-et-Labrador","Male","Homme",5,"35 to 44 years","35 à 44 ans",16151,35634,0.453244848
2008,"GE 40, 2008","ÉG 40, 2008",10,"Newfoundland and Labrador","Terre-Neuve-et-Labrador","Male","Homme",6,"45 to 54 years","45 à 54 ans",20288,41472,0.4891920766
2008,"GE 40, 2008","ÉG 40, 2008",10,"Newfoundland and Labrador","Terre-Neuve-et-Labrador","Male","Homme",7,"55 to 64 years","55 à 64 ans",21064,36883,0.5711089174
2008,"GE 40, 2008","ÉG 40, 2008",10,"Newfoundland and Labrador","Terre-Neuve-et-Labrador","Male","Homme",8,"65 to 74 years","65 à 74 ans",10471,20656,0.50694269
2008,"GE 40, 2008","ÉG 40, 2008",10,"Newfoundland and Labrador","Terre-Neuve-et-Labrador","Male","Homme",9,"75 years and over","75 ans et plus",5590,12968,0.4310613934
2008,"GE 40, 2008","ÉG 40, 2008",10,"Newfoundland and Labrador","Terre-Neuve-et-Labrador","Male","Homme",10,"All ages","Tous les âges",91842,197656,0.4646563922
2008,"GE 40, 2008","ÉG 40, 2008",11,"Prince Edward Island","Île-du-Prince-Édouard","All genders","Tous les genres",1,"First time","1re fois",2301,5146,0.4471158538
2008,"GE 40, 2008","ÉG 40, 2008",11,"Prince Edward Island","Île-du-Prince-Édouard","All genders","Tous les genres",2,"Not first time","2e fois ou plus",3930,7302,0.5382511613
2008,"GE 40, 2008","ÉG 40, 2008",11,"Prince Edward Island","Île-du-Prince-Édouard","All genders","Tous les genres",3,"18 to 24 years","18 à 24 ans",6231,12448,0.5005783834
2008,"GE 40, 2008","ÉG 40, 2008",11,"Prince Edward Island","Île-du-Prince-Édouard","All genders","Tous les genres",4,"25 to 34 years","25 à 34 ans",9398,14798,0.6351246443
2008,"GE 40, 2008","ÉG 40, 2008",11,"Prince Edward Island","Île-du-Prince-Édouard","All genders","Tous les genres",5,"35 to 44 years","35 à 44 ans",12917,17630,0.7326887997
2008,"GE 40, 2008","ÉG 40, 2008",11,"Prince Edward Island","Île-du-Prince-Édouard","All genders","Tous les genres",6,"45 to 54 years","45 à 54 ans",15723,21333,0.7370310415
2008,"GE 40, 2008","ÉG 40, 2008",11,"Prince Edward Island","Île-du-Prince-Édouard","All genders","Tous les genres",7,"55 to 64 years","55 à 64 ans",14780,18372,0.8045078847
2008,"GE 40, 2008","ÉG 40, 2008",11,"Prince Edward Island","Île-du-Prince-Édouard","All genders","Tous les genres",8,"65 to 74 years","65 à 74 ans",8770,11106,0.789669441
2008,"GE 40, 2008","ÉG 40, 2008",11,"Prince Edward Island","Île-du-Prince-Édouard","All genders","Tous les genres",9,"75 years and over","75 ans et plus",6816,9448,0.721432092
2008,"GE 40, 2008","ÉG 40, 2008",11,"Prince Edward Island","Île-du-Prince-Édouard","All genders","Tous les genres",10,"All ages","Tous les âges",74636,105134,0.7099135529
2008,"GE 40, 2008","ÉG 40, 2008",11,"Prince Edward Island","Île-du-Prince-Édouard","Female","Femme",1,"First time","1re fois",1160,2533,0.457726506
2008,"GE 40, 2008","ÉG 40, 2008",11,"Prince Edward Island","Île-du-Prince-Édouard","Female","Femme",2,"Not first time","2e fois ou plus",1913,3599,0.5314422254
2008,"GE 40, 2008","ÉG 40, 2008",11,"Prince Edward Island","Île-du-Prince-Édouard","Female","Femme",3,"18 to 24 years","18 à 24 ans",3072,6132,0.500990886
2008,"GE 40, 2008","ÉG 40, 2008",11,"Prince Edward Island","Île-du-Prince-Édouard","Female","Femme",4,"25 to 34 years","25 à 34 ans",5104,7764,0.6573180465
2008,"GE 40, 2008","ÉG 40, 2008",11,"Prince Edward Island","Île-du-Prince-Édouard","Female","Femme",5,"35 to 44 years","35 à 44 ans",6843,8808,0.776918216
2008,"GE 40, 2008","ÉG 40, 2008",11,"Prince Edward Island","Île-du-Prince-Édouard","Female","Femme",6,"45 to 54 years","45 à 54 ans",8351,10958,0.7621095133
2008,"GE 40, 2008","ÉG 40, 2008",11,"Prince Edward Island","Île-du-Prince-Édouard","Female","Femme",7,"55 to 64 years","55 à 64 ans",7361,9298,0.7916369227
2008,"GE 40, 2008","ÉG 40, 2008",11,"Prince Edward Island","Île-du-Prince-Édouard","Female","Femme",8,"65 to 74 years","65 à 74 ans",4640,5741,0.8083134403
2008,"GE 40, 2008","ÉG 40, 2008",11,"Prince Edward Island","Île-du-Prince-Édouard","Female","Femme",9,"75 years and over","75 ans et plus",4005,5690,0.7039010074
2008,"GE 40, 2008","ÉG 40, 2008",11,"Prince Edward Island","Île-du-Prince-Édouard","Female","Femme",10,"All ages","Tous les âges",39377,54392,0.7239445549
2008,"GE 40, 2008","ÉG 40, 2008",11,"Prince Edward Island","Île-du-Prince-Édouard","Male","Homme",1,"First time","1re fois",1141,2612,0.436826075
2008,"GE 40, 2008","ÉG 40, 2008",11,"Prince Edward Island","Île-du-Prince-Édouard","Male","Homme",2,"Not first time","2e fois ou plus",2018,3703,0.5448692567
2008,"GE 40, 2008","ÉG 40, 2008",11,"Prince Edward Island","Île-du-Prince-Édouard","Male","Homme",3,"18 to 24 years","18 à 24 ans",3159,6315,0.50017782
2008,"GE 40, 2008","ÉG 40, 2008",11,"Prince Edward Island","Île-du-Prince-Édouard","Male","Homme",4,"25 to 34 years","25 à 34 ans",4295,7034,0.6106263948
2008,"GE 40, 2008","ÉG 40, 2008",11,"Prince Edward Island","Île-du-Prince-Édouard","Male","Homme",5,"35 to 44 years","35 à 44 ans",6074,8822,0.6885264556
2008,"GE 40, 2008","ÉG 40, 2008",11,"Prince Edward Island","Île-du-Prince-Édouard","Male","Homme",6,"45 to 54 years","45 à 54 ans",7372,10375,0.7105412869
2008,"GE 40, 2008","ÉG 40, 2008",11,"Prince Edward Island","Île-du-Prince-Édouard","Male","Homme",7,"55 to 64 years","55 à 64 ans",7419,9073,0.8176978834
2008,"GE 40, 2008","ÉG 40, 2008",11,"Prince Edward Island","Île-du-Prince-Édouard","Male","Homme",8,"65 to 74 years","65 à 74 ans",4130,5365,0.769719133
2008,"GE 40, 2008","ÉG 40, 2008",11,"Prince Edward Island","Île-du-Prince-Édouard","Male","Homme",9,"75 years and over","75 ans et plus",2811,3758,0.7479756355
2008,"GE 40, 2008","ÉG 40, 2008",11,"Prince Edward Island","Île-du-Prince-Édouard","Male","Homme",10,"All ages","Tous les âges",35259,50742,0.6948729997
2008,"GE 40, 2008","ÉG 40, 2008",12,"Nova Scotia","Nouvelle-Écosse","All genders","Tous les genres",1,"First time","1re fois",13274,32662,0.4064134503
2008,"GE 40, 2008","ÉG 40, 2008",12,"Nova Scotia","Nouvelle-Écosse","All genders","Tous les genres",2,"Not first time","2e fois ou plus",21580,49820,0.4331502733
2008,"GE 40, 2008","ÉG 40, 2008",12,"Nova Scotia","Nouvelle-Écosse","All genders","Tous les genres",3,"18 to 24 years","18 à 24 ans",34854,82482,0.4225627938
2008,"GE 40, 2008","ÉG 40, 2008",12,"Nova Scotia","Nouvelle-Écosse","All genders","Tous les genres",4,"25 to 34 years","25 à 34 ans",50456,107142,0.4709229976
2008,"GE 40, 2008","ÉG 40, 2008",12,"Nova Scotia","Nouvelle-Écosse","All genders","Tous les genres",5,"35 to 44 years","35 à 44 ans",67060,127168,0.5273333595
2008,"GE 40, 2008","ÉG 40, 2008",12,"Nova Scotia","Nouvelle-Écosse","All genders","Tous les genres",6,"45 to 54 years","45 à 54 ans",93042,151978,0.612204617
2008,"GE 40, 2008","ÉG 40, 2008",12,"Nova Scotia","Nouvelle-Écosse","All genders","Tous les genres",7,"55 to 64 years","55 à 64 ans",88861,125804,0.706344612
2008,"GE 40, 2008","ÉG 40, 2008",12,"Nova Scotia","Nouvelle-Écosse","All genders","Tous les genres",8,"65 to 74 years","65 à 74 ans",57868,77254,0.7490596543
2008,"GE 40, 2008","ÉG 40, 2008",12,"Nova Scotia","Nouvelle-Écosse","All genders","Tous les genres",9,"75 years and over","75 ans et plus",46411,65705,0.7063563303
2008,"GE 40, 2008","ÉG 40, 2008",12,"Nova Scotia","Nouvelle-Écosse","All genders","Tous les genres",10,"All ages","Tous les âges",438551,737533,0.594618937
2008,"GE 40, 2008","ÉG 40, 2008",12,"Nova Scotia","Nouvelle-Écosse","Female","Femme",1,"First time","1re fois",6545,16126,0.4058241107
2008,"GE 40, 2008","ÉG 40, 2008",12,"Nova Scotia","Nouvelle-Écosse","Female","Femme",2,"Not first time","2e fois ou plus",11815,25050,0.4716431622
2008,"GE 40, 2008","ÉG 40, 2008",12,"Nova Scotia","Nouvelle-Écosse","Female","Femme",3,"18 to 24 years","18 à 24 ans",18359,41176,0.4458654071
2008,"GE 40, 2008","ÉG 40, 2008",12,"Nova Scotia","Nouvelle-Écosse","Female","Femme",4,"25 to 34 years","25 à 34 ans",26138,55798,0.4684477042
2008,"GE 40, 2008","ÉG 40, 2008",12,"Nova Scotia","Nouvelle-Écosse","Female","Femme",5,"35 to 44 years","35 à 44 ans",35653,64701,0.5510436517
2008,"GE 40, 2008","ÉG 40, 2008",12,"Nova Scotia","Nouvelle-Écosse","Female","Femme",6,"45 to 54 years","45 à 54 ans",49239,77378,0.6363418168
2008,"GE 40, 2008","ÉG 40, 2008",12,"Nova Scotia","Nouvelle-Écosse","Female","Femme",7,"55 to 64 years","55 à 64 ans",44803,63923,0.7008907062
2008,"GE 40, 2008","ÉG 40, 2008",12,"Nova Scotia","Nouvelle-Écosse","Female","Femme",8,"65 to 74 years","65 à 74 ans",28958,40045,0.7231484068
2008,"GE 40, 2008","ÉG 40, 2008",12,"Nova Scotia","Nouvelle-Écosse","Female","Femme",9,"75 years and over","75 ans et plus",28015,39964,0.7010038646
2008,"GE 40, 2008","ÉG 40, 2008",12,"Nova Scotia","Nouvelle-Écosse","Female","Femme",10,"All ages","Tous les âges",231166,382985,0.6035894885
2008,"GE 40, 2008","ÉG 40, 2008",12,"Nova Scotia","Nouvelle-Écosse","Male","Homme",1,"First time","1re fois",6730,16535,0.4069882154
2008,"GE 40, 2008","ÉG 40, 2008",12,"Nova Scotia","Nouvelle-Écosse","Male","Homme",2,"Not first time","2e fois ou plus",9765,24770,0.3942231426
2008,"GE 40, 2008","ÉG 40, 2008",12,"Nova Scotia","Nouvelle-Écosse","Male","Homme",3,"18 to 24 years","18 à 24 ans",16495,41306,0.3993332306
2008,"GE 40, 2008","ÉG 40, 2008",12,"Nova Scotia","Nouvelle-Écosse","Male","Homme",4,"25 to 34 years","25 à 34 ans",24317,51344,0.4736129945
2008,"GE 40, 2008","ÉG 40, 2008",12,"Nova Scotia","Nouvelle-Écosse","Male","Homme",5,"35 to 44 years","35 à 44 ans",31407,62466,0.5027747596
2008,"GE 40, 2008","ÉG 40, 2008",12,"Nova Scotia","Nouvelle-Écosse","Male","Homme",6,"45 to 54 years","45 à 54 ans",43803,74600,0.5871683014
2008,"GE 40, 2008","ÉG 40, 2008",12,"Nova Scotia","Nouvelle-Écosse","Male","Homme",7,"55 to 64 years","55 à 64 ans",44058,61881,0.7119784946
2008,"GE 40, 2008","ÉG 40, 2008",12,"Nova Scotia","Nouvelle-Écosse","Male","Homme",8,"65 to 74 years","65 à 74 ans",28909,37209,0.7769456193
2008,"GE 40, 2008","ÉG 40, 2008",12,"Nova Scotia","Nouvelle-Écosse","Male","Homme",9,"75 years and over","75 ans et plus",18397,25742,0.7146659511
2008,"GE 40, 2008","ÉG 40, 2008",12,"Nova Scotia","Nouvelle-Écosse","Male","Homme",10,"All ages","Tous les âges",207385,354548,0.5849288776
2008,"GE 40, 2008","ÉG 40, 2008",13,"New Brunswick","Nouveau-Brunswick","All genders","Tous les genres",1,"First time","1re fois",9008,25431,0.3542301124
2008,"GE 40, 2008","ÉG 40, 2008",13,"New Brunswick","Nouveau-Brunswick","All genders","Tous les genres",2,"Not first time","2e fois ou plus",19299,38675,0.4989959497
2008,"GE 40, 2008","ÉG 40, 2008",13,"New Brunswick","Nouveau-Brunswick","All genders","Tous les genres",3,"18 to 24 years","18 à 24 ans",28307,64106,0.4415670781
2008,"GE 40, 2008","ÉG 40, 2008",13,"New Brunswick","Nouveau-Brunswick","All genders","Tous les genres",4,"25 to 34 years","25 à 34 ans",52962,88751,0.5967454288
2008,"GE 40, 2008","ÉG 40, 2008",13,"New Brunswick","Nouveau-Brunswick","All genders","Tous les genres",5,"35 to 44 years","35 à 44 ans",62156,103915,0.5981444644
2008,"GE 40, 2008","ÉG 40, 2008",13,"New Brunswick","Nouveau-Brunswick","All genders","Tous les genres",6,"45 to 54 years","45 à 54 ans",77176,120953,0.6380660698
2008,"GE 40, 2008","ÉG 40, 2008",13,"New Brunswick","Nouveau-Brunswick","All genders","Tous les genres",7,"55 to 64 years","55 à 64 ans",66958,101247,0.6613312784
2008,"GE 40, 2008","ÉG 40, 2008",13,"New Brunswick","Nouveau-Brunswick","All genders","Tous les genres",8,"65 to 74 years","65 à 74 ans",44047,59573,0.739380865
2008,"GE 40, 2008","ÉG 40, 2008",13,"New Brunswick","Nouveau-Brunswick","All genders","Tous les genres",9,"75 years and over","75 ans et plus",39980,51843,0.7711607121
2008,"GE 40, 2008","ÉG 40, 2008",13,"New Brunswick","Nouveau-Brunswick","All genders","Tous les genres",10,"All ages","Tous les âges",371586,590389,0.6293916667
2008,"GE 40, 2008","ÉG 40, 2008",13,"New Brunswick","Nouveau-Brunswick","Female","Femme",1,"First time","1re fois",4584,12371,0.3705563224
2008,"GE 40, 2008","ÉG 40, 2008",13,"New Brunswick","Nouveau-Brunswick","Female","Femme",2,"Not first time","2e fois ou plus",10562,18812,0.5614388532
2008,"GE 40, 2008","ÉG 40, 2008",13,"New Brunswick","Nouveau-Brunswick","Female","Femme",3,"18 to 24 years","18 à 24 ans",15146,31183,0.4857111693
2008,"GE 40, 2008","ÉG 40, 2008",13,"New Brunswick","Nouveau-Brunswick","Female","Femme",4,"25 to 34 years","25 à 34 ans",28759,44732,0.6429162326
2008,"GE 40, 2008","ÉG 40, 2008",13,"New Brunswick","Nouveau-Brunswick","Female","Femme",5,"35 to 44 years","35 à 44 ans",33071,52622,0.6284642864
2008,"GE 40, 2008","ÉG 40, 2008",13,"New Brunswick","Nouveau-Brunswick","Female","Femme",6,"45 to 54 years","45 à 54 ans",40996,61643,0.6650544037
2008,"GE 40, 2008","ÉG 40, 2008",13,"New Brunswick","Nouveau-Brunswick","Female","Femme",7,"55 to 64 years","55 à 64 ans",34016,51197,0.6644171494
2008,"GE 40, 2008","ÉG 40, 2008",13,"New Brunswick","Nouveau-Brunswick","Female","Femme",8,"65 to 74 years","65 à 74 ans",22911,30631,0.7479718488
2008,"GE 40, 2008","ÉG 40, 2008",13,"New Brunswick","Nouveau-Brunswick","Female","Femme",9,"75 years and over","75 ans et plus",25166,31480,0.7994467719
2008,"GE 40, 2008","ÉG 40, 2008",13,"New Brunswick","Nouveau-Brunswick","Female","Femme",10,"All ages","Tous les âges",200065,303487,0.6592209025
2008,"GE 40, 2008","ÉG 40, 2008",13,"New Brunswick","Nouveau-Brunswick","Male","Homme",1,"First time","1re fois",4424,13060,0.3387651596
2008,"GE 40, 2008","ÉG 40, 2008",13,"New Brunswick","Nouveau-Brunswick","Male","Homme",2,"Not first time","2e fois ou plus",8737,19863,0.4398577771
2008,"GE 40, 2008","ÉG 40, 2008",13,"New Brunswick","Nouveau-Brunswick","Male","Homme",3,"18 to 24 years","18 à 24 ans",13161,32923,0.3997562762
2008,"GE 40, 2008","ÉG 40, 2008",13,"New Brunswick","Nouveau-Brunswick","Male","Homme",4,"25 to 34 years","25 à 34 ans",24203,44019,0.5498263385
2008,"GE 40, 2008","ÉG 40, 2008",13,"New Brunswick","Nouveau-Brunswick","Male","Homme",5,"35 to 44 years","35 à 44 ans",29085,51293,0.5670392474
2008,"GE 40, 2008","ÉG 40, 2008",13,"New Brunswick","Nouveau-Brunswick","Male","Homme",6,"45 to 54 years","45 à 54 ans",36180,59310,0.6100157768
2008,"GE 40, 2008","ÉG 40, 2008",13,"New Brunswick","Nouveau-Brunswick","Male","Homme",7,"55 to 64 years","55 à 64 ans",32942,50050,0.6581747309
2008,"GE 40, 2008","ÉG 40, 2008",13,"New Brunswick","Nouveau-Brunswick","Male","Homme",8,"65 to 74 years","65 à 74 ans",21136,28943,0.7302888514
2008,"GE 40, 2008","ÉG 40, 2008",13,"New Brunswick","Nouveau-Brunswick","Male","Homme",9,"75 years and over","75 ans et plus",14813,20364,0.7274341423
2008,"GE 40, 2008","ÉG 40, 2008",13,"New Brunswick","Nouveau-Brunswick","Male","Homme",10,"All ages","Tous les âges",171521,286902,0.5978379944
2008,"GE 40, 2008","ÉG 40, 2008",24,"Quebec","Québec","All genders","Tous les genres",1,"First time","1re fois",126142,256307,0.4921535114
2008,"GE 40, 2008","ÉG 40, 2008",24,"Quebec","Québec","All genders","Tous les genres",2,"Not first time","2e fois ou plus",177738,393163,0.4520719954
2008,"GE 40, 2008","ÉG 40, 2008",24,"Quebec","Québec","All genders","Tous les genres",3,"18 to 24 years","18 à 24 ans",303880,649470,0.4678897603
2008,"GE 40, 2008","ÉG 40, 2008",24,"Quebec","Québec","All genders","Tous les genres",4,"25 to 34 years","25 à 34 ans",509652,951928,0.5353889381
2008,"GE 40, 2008","ÉG 40, 2008",24,"Quebec","Québec","All genders","Tous les genres",5,"35 to 44 years","35 à 44 ans",619961,1011121,0.6131424405
2008,"GE 40, 2008","ÉG 40, 2008",24,"Quebec","Québec","All genders","Tous les genres",6,"45 to 54 years","45 à 54 ans",825747,1238623,0.6666652279
2008,"GE 40, 2008","ÉG 40, 2008",24,"Quebec","Québec","All genders","Tous les genres",7,"55 to 64 years","55 à 64 ans",659354,1001381,0.6584439562
2008,"GE 40, 2008","ÉG 40, 2008",24,"Quebec","Québec","All genders","Tous les genres",8,"65 to 74 years","65 à 74 ans",406592,613135,0.6631364033
2008,"GE 40, 2008","ÉG 40, 2008",24,"Quebec","Québec","All genders","Tous les genres",9,"75 years and over","75 ans et plus",346542,521117,0.6649975314
2008,"GE 40, 2008","ÉG 40, 2008",24,"Quebec","Québec","All genders","Tous les genres",10,"All ages","Tous les âges",3671728,5986777,0.6133063393
2008,"GE 40, 2008","ÉG 40, 2008",24,"Quebec","Québec","Female","Femme",1,"First time","1re fois",59545,125073,0.4760765852
2008,"GE 40, 2008","ÉG 40, 2008",24,"Quebec","Québec","Female","Femme",2,"Not first time","2e fois ou plus",91198,192411,0.4739743923
2008,"GE 40, 2008","ÉG 40, 2008",24,"Quebec","Québec","Female","Femme",3,"18 to 24 years","18 à 24 ans",150743,317485,0.4748025529
2008,"GE 40, 2008","ÉG 40, 2008",24,"Quebec","Québec","Female","Femme",4,"25 to 34 years","25 à 34 ans",263423,465609,0.5657586614
2008,"GE 40, 2008","ÉG 40, 2008",24,"Quebec","Québec","Female","Femme",5,"35 to 44 years","35 à 44 ans",319089,493605,0.6464467305
2008,"GE 40, 2008","ÉG 40, 2008",24,"Quebec","Québec","Female","Femme",6,"45 to 54 years","45 à 54 ans",427031,617834,0.6911748892
2008,"GE 40, 2008","ÉG 40, 2008",24,"Quebec","Québec","Female","Femme",7,"55 to 64 years","55 à 64 ans",338575,510659,0.6630157116
2008,"GE 40, 2008","ÉG 40, 2008",24,"Quebec","Québec","Female","Femme",8,"65 to 74 years","65 à 74 ans",213471,320751,0.665534297
2008,"GE 40, 2008","ÉG 40, 2008",24,"Quebec","Québec","Female","Femme",9,"75 years and over","75 ans et plus",208144,317842,0.6548654104
2008,"GE 40, 2008","ÉG 40, 2008",24,"Quebec","Québec","Female","Femme",10,"All ages","Tous les âges",1920475,3043784,0.6309496768
2008,"GE 40, 2008","ÉG 40, 2008",24,"Quebec","Québec","Male","Homme",1,"First time","1re fois",66598,131233,0.5074757847
2008,"GE 40, 2008","ÉG 40, 2008",24,"Quebec","Québec","Male","Homme",2,"Not first time","2e fois ou plus",86540,200752,0.4310795759
2008,"GE 40, 2008","ÉG 40, 2008",24,"Quebec","Québec","Male","Homme",3,"18 to 24 years","18 à 24 ans",153138,331985,0.4612789105
2008,"GE 40, 2008","ÉG 40, 2008",24,"Quebec","Québec","Male","Homme",4,"25 to 34 years","25 à 34 ans",246229,486319,0.5063124981
2008,"GE 40, 2008","ÉG 40, 2008",24,"Quebec","Québec","Male","Homme",5,"35 to 44 years","35 à 44 ans",300872,517517,0.5813769798
2008,"GE 40, 2008","ÉG 40, 2008",24,"Quebec","Québec","Male","Homme",6,"45 to 54 years","45 à 54 ans",398716,620789,0.6422722325
2008,"GE 40, 2008","ÉG 40, 2008",24,"Quebec","Québec","Male","Homme",7,"55 to 64 years","55 à 64 ans",320779,490723,0.6536864726
2008,"GE 40, 2008","ÉG 40, 2008",24,"Quebec","Québec","Male","Homme",8,"65 to 74 years","65 à 74 ans",193121,292384,0.66050587
2008,"GE 40, 2008","ÉG 40, 2008",24,"Quebec","Québec","Male","Homme",9,"75 years and over","75 ans et plus",138398,203275,0.6808401834
2008,"GE 40, 2008","ÉG 40, 2008",24,"Quebec","Québec","Male","Homme",10,"All ages","Tous les âges",1751253,2942992,0.5950587496
2008,"GE 40, 2008","ÉG 40, 2008",35,"Ontario","Ontario","All genders","Tous les genres",1,"First time","1re fois",142887,441065,0.3239595727
2008,"GE 40, 2008","ÉG 40, 2008",35,"Ontario","Ontario","All genders","Tous les genres",2,"Not first time","2e fois ou plus",243541,692316,0.3517778502
2008,"GE 40, 2008","ÉG 40, 2008",35,"Ontario","Ontario","All genders","Tous les genres",3,"18 to 24 years","18 à 24 ans",386428,1133380,0.3409521272
2008,"GE 40, 2008","ÉG 40, 2008",35,"Ontario","Ontario","All genders","Tous les genres",4,"25 to 34 years","25 à 34 ans",712806,1499248,0.4754420689
2008,"GE 40, 2008","ÉG 40, 2008",35,"Ontario","Ontario","All genders","Tous les genres",5,"35 to 44 years","35 à 44 ans",914224,1749956,0.5224269458
2008,"GE 40, 2008","ÉG 40, 2008",35,"Ontario","Ontario","All genders","Tous les genres",6,"45 to 54 years","45 à 54 ans",1072039,1875137,0.5717123368
2008,"GE 40, 2008","ÉG 40, 2008",35,"Ontario","Ontario","All genders","Tous les genres",7,"55 to 64 years","55 à 64 ans",931593,1410775,0.6603410172
2008,"GE 40, 2008","ÉG 40, 2008",35,"Ontario","Ontario","All genders","Tous les genres",8,"65 to 74 years","65 à 74 ans",598254,868361,0.6889462988
2008,"GE 40, 2008","ÉG 40, 2008",35,"Ontario","Ontario","All genders","Tous les genres",9,"75 years and over","75 ans et plus",561806,783446,0.7170964567
2008,"GE 40, 2008","ÉG 40, 2008",35,"Ontario","Ontario","All genders","Tous les genres",10,"All ages","Tous les âges",5177150,9320303,0.5554701259
2008,"GE 40, 2008","ÉG 40, 2008",35,"Ontario","Ontario","Female","Femme",1,"First time","1re fois",72261,215143,0.3358740381
2008,"GE 40, 2008","ÉG 40, 2008",35,"Ontario","Ontario","Female","Femme",2,"Not first time","2e fois ou plus",119857,338345,0.3542444906
2008,"GE 40, 2008","ÉG 40, 2008",35,"Ontario","Ontario","Female","Femme",3,"18 to 24 years","18 à 24 ans",192118,553489,0.3471038181
2008,"GE 40, 2008","ÉG 40, 2008",35,"Ontario","Ontario","Female","Femme",4,"25 to 34 years","25 à 34 ans",378860,756860,0.5005685614
2008,"GE 40, 2008","ÉG 40, 2008",35,"Ontario","Ontario","Female","Femme",5,"35 to 44 years","35 à 44 ans",463404,874805,0.5297232794
2008,"GE 40, 2008","ÉG 40, 2008",35,"Ontario","Ontario","Female","Femme",6,"45 to 54 years","45 à 54 ans",540499,935383,0.5778375474
2008,"GE 40, 2008","ÉG 40, 2008",35,"Ontario","Ontario","Female","Femme",7,"55 to 64 years","55 à 64 ans",472447,719653,0.6564929628
2008,"GE 40, 2008","ÉG 40, 2008",35,"Ontario","Ontario","Female","Femme",8,"65 to 74 years","65 à 74 ans",309140,455943,0.6780243806
2008,"GE 40, 2008","ÉG 40, 2008",35,"Ontario","Ontario","Female","Femme",9,"75 years and over","75 ans et plus",316193,466630,0.6776097543
2008,"GE 40, 2008","ÉG 40, 2008",35,"Ontario","Ontario","Female","Femme",10,"All ages","Tous les âges",2672663,4762762,0.5611581362
2008,"GE 40, 2008","ÉG 40, 2008",35,"Ontario","Ontario","Male","Homme",1,"First time","1re fois",70626,225921,0.3126135137
2008,"GE 40, 2008","ÉG 40, 2008",35,"Ontario","Ontario","Male","Homme",2,"Not first time","2e fois ou plus",123684,353970,0.3494200937
2008,"GE 40, 2008","ÉG 40, 2008",35,"Ontario","Ontario","Male","Homme",3,"18 to 24 years","18 à 24 ans",194310,579892,0.3350805312
2008,"GE 40, 2008","ÉG 40, 2008",35,"Ontario","Ontario","Male","Homme",4,"25 to 34 years","25 à 34 ans",333946,742389,0.4498257941
2008,"GE 40, 2008","ÉG 40, 2008",35,"Ontario","Ontario","Male","Homme",5,"35 to 44 years","35 à 44 ans",450820,875151,0.5151334972
2008,"GE 40, 2008","ÉG 40, 2008",35,"Ontario","Ontario","Male","Homme",6,"45 to 54 years","45 à 54 ans",531540,939754,0.5656156178
2008,"GE 40, 2008","ÉG 40, 2008",35,"Ontario","Ontario","Male","Homme",7,"55 to 64 years","55 à 64 ans",459145,691122,0.6643479278
2008,"GE 40, 2008","ÉG 40, 2008",35,"Ontario","Ontario","Male","Homme",8,"65 to 74 years","65 à 74 ans",289114,412418,0.7010208773
2008,"GE 40, 2008","ÉG 40, 2008",35,"Ontario","Ontario","Male","Homme",9,"75 years and over","75 ans et plus",245613,316816,0.7752554473
2008,"GE 40, 2008","ÉG 40, 2008",35,"Ontario","Ontario","Male","Homme",10,"All ages","Tous les âges",2504487,4557541,0.5495259908
2008,"GE 40, 2008","ÉG 40, 2008",46,"Manitoba","Manitoba","All genders","Tous les genres",1,"First time","1re fois",8966,44033,0.2036140006
2008,"GE 40, 2008","ÉG 40, 2008",46,"Manitoba","Manitoba","All genders","Tous les genres",2,"Not first time","2e fois ou plus",20654,66275,0.3116417919
2008,"GE 40, 2008","ÉG 40, 2008",46,"Manitoba","Manitoba","All genders","Tous les genres",3,"18 to 24 years","18 à 24 ans",29620,110308,0.268518971
2008,"GE 40, 2008","ÉG 40, 2008",46,"Manitoba","Manitoba","All genders","Tous les genres",4,"25 to 34 years","25 à 34 ans",58805,141843,0.4145817838
2008,"GE 40, 2008","ÉG 40, 2008",46,"Manitoba","Manitoba","All genders","Tous les genres",5,"35 to 44 years","35 à 44 ans",72054,148548,0.4850561321
2008,"GE 40, 2008","ÉG 40, 2008",46,"Manitoba","Manitoba","All genders","Tous les genres",6,"45 to 54 years","45 à 54 ans",99335,171056,0.5807176372
2008,"GE 40, 2008","ÉG 40, 2008",46,"Manitoba","Manitoba","All genders","Tous les genres",7,"55 to 64 years","55 à 64 ans",94993,132997,0.7142522558
2008,"GE 40, 2008","ÉG 40, 2008",46,"Manitoba","Manitoba","All genders","Tous les genres",8,"65 to 74 years","65 à 74 ans",61115,79760,0.766240131
2008,"GE 40, 2008","ÉG 40, 2008",46,"Manitoba","Manitoba","All genders","Tous les genres",9,"75 years and over","75 ans et plus",52820,81645,0.6469453783
2008,"GE 40, 2008","ÉG 40, 2008",46,"Manitoba","Manitoba","All genders","Tous les genres",10,"All ages","Tous les âges",468743,866156,0.5411759909
2008,"GE 40, 2008","ÉG 40, 2008",46,"Manitoba","Manitoba","Female","Femme",1,"First time","1re fois",4714,21612,0.2181269094
2008,"GE 40, 2008","ÉG 40, 2008",46,"Manitoba","Manitoba","Female","Femme",2,"Not first time","2e fois ou plus",11026,32224,0.3421793679
2008,"GE 40, 2008","ÉG 40, 2008",46,"Manitoba","Manitoba","Female","Femme",3,"18 to 24 years","18 à 24 ans",15741,53837,0.2923792921
2008,"GE 40, 2008","ÉG 40, 2008",46,"Manitoba","Manitoba","Female","Femme",4,"25 to 34 years","25 à 34 ans",30895,69619,0.4437696635
2008,"GE 40, 2008","ÉG 40, 2008",46,"Manitoba","Manitoba","Female","Femme",5,"35 to 44 years","35 à 44 ans",36233,73236,0.4947405438
2008,"GE 40, 2008","ÉG 40, 2008",46,"Manitoba","Manitoba","Female","Femme",6,"45 to 54 years","45 à 54 ans",51283,83918,0.611103097
2008,"GE 40, 2008","ÉG 40, 2008",46,"Manitoba","Manitoba","Female","Femme",7,"55 to 64 years","55 à 64 ans",47761,67153,0.7112279404
2008,"GE 40, 2008","ÉG 40, 2008",46,"Manitoba","Manitoba","Female","Femme",8,"65 to 74 years","65 à 74 ans",30887,41621,0.7421102051
2008,"GE 40, 2008","ÉG 40, 2008",46,"Manitoba","Manitoba","Female","Femme",9,"75 years and over","75 ans et plus",30183,49423,0.6107132395
2008,"GE 40, 2008","ÉG 40, 2008",46,"Manitoba","Manitoba","Female","Femme",10,"All ages","Tous les âges",242982,438806,0.5537348007
2008,"GE 40, 2008","ÉG 40, 2008",46,"Manitoba","Manitoba","Male","Homme",1,"First time","1re fois",4251,22421,0.1896242013
2008,"GE 40, 2008","ÉG 40, 2008",46,"Manitoba","Manitoba","Male","Homme",2,"Not first time","2e fois ou plus",9628,34050,0.2827420248
2008,"GE 40, 2008","ÉG 40, 2008",46,"Manitoba","Manitoba","Male","Homme",3,"18 to 24 years","18 à 24 ans",13879,56471,0.2457717245
2008,"GE 40, 2008","ÉG 40, 2008",46,"Manitoba","Manitoba","Male","Homme",4,"25 to 34 years","25 à 34 ans",27911,72224,0.3864466242
2008,"GE 40, 2008","ÉG 40, 2008",46,"Manitoba","Manitoba","Male","Homme",5,"35 to 44 years","35 à 44 ans",35821,75312,0.4756386159
2008,"GE 40, 2008","ÉG 40, 2008",46,"Manitoba","Manitoba","Male","Homme",6,"45 to 54 years","45 à 54 ans",48052,87137,0.5514547706
2008,"GE 40, 2008","ÉG 40, 2008",46,"Manitoba","Manitoba","Male","Homme",7,"55 to 64 years","55 à 64 ans",47232,65844,0.7173366659
2008,"GE 40, 2008","ÉG 40, 2008",46,"Manitoba","Manitoba","Male","Homme",8,"65 to 74 years","65 à 74 ans",30228,38139,0.7925726812
2008,"GE 40, 2008","ÉG 40, 2008",46,"Manitoba","Manitoba","Male","Homme",9,"75 years and over","75 ans et plus",22637,32222,0.702518513
2008,"GE 40, 2008","ÉG 40, 2008",46,"Manitoba","Manitoba","Male","Homme",10,"All ages","Tous les âges",225761,427350,0.5282805081
2008,"GE 40, 2008","ÉG 40, 2008",47,"Saskatchewan","Saskatchewan","All genders","Tous les genres",1,"First time","1re fois",11191,40088,0.2791500766
2008,"GE 40, 2008","ÉG 40, 2008",47,"Saskatchewan","Saskatchewan","All genders","Tous les genres",2,"Not first time","2e fois ou plus",17585,58020,0.303089964
2008,"GE 40, 2008","ÉG 40, 2008",47,"Saskatchewan","Saskatchewan","All genders","Tous les genres",3,"18 to 24 years","18 à 24 ans",28776,98108,0.2933078088
2008,"GE 40, 2008","ÉG 40, 2008",47,"Saskatchewan","Saskatchewan","All genders","Tous les genres",4,"25 to 34 years","25 à 34 ans",48317,118021,0.4093931787
2008,"GE 40, 2008","ÉG 40, 2008",47,"Saskatchewan","Saskatchewan","All genders","Tous les genres",5,"35 to 44 years","35 à 44 ans",64499,117075,0.5509225363
2008,"GE 40, 2008","ÉG 40, 2008",47,"Saskatchewan","Saskatchewan","All genders","Tous les genres",6,"45 to 54 years","45 à 54 ans",89599,147290,0.6083164669
2008,"GE 40, 2008","ÉG 40, 2008",47,"Saskatchewan","Saskatchewan","All genders","Tous les genres",7,"55 to 64 years","55 à 64 ans",78996,109816,0.719346621
2008,"GE 40, 2008","ÉG 40, 2008",47,"Saskatchewan","Saskatchewan","All genders","Tous les genres",8,"65 to 74 years","65 à 74 ans",56683,70318,0.8060946084
2008,"GE 40, 2008","ÉG 40, 2008",47,"Saskatchewan","Saskatchewan","All genders","Tous les genres",9,"75 years and over","75 ans et plus",52730,77667,0.6789252868
2008,"GE 40, 2008","ÉG 40, 2008",47,"Saskatchewan","Saskatchewan","All genders","Tous les genres",10,"All ages","Tous les âges",419600,738295,0.5683365278
2008,"GE 40, 2008","ÉG 40, 2008",47,"Saskatchewan","Saskatchewan","Female","Femme",1,"First time","1re fois",5470,19424,0.2816201369
2008,"GE 40, 2008","ÉG 40, 2008",47,"Saskatchewan","Saskatchewan","Female","Femme",2,"Not first time","2e fois ou plus",9223,28207,0.3269818791
2008,"GE 40, 2008","ÉG 40, 2008",47,"Saskatchewan","Saskatchewan","Female","Femme",3,"18 to 24 years","18 à 24 ans",14693,47631,0.3084829964
2008,"GE 40, 2008","ÉG 40, 2008",47,"Saskatchewan","Saskatchewan","Female","Femme",4,"25 to 34 years","25 à 34 ans",25105,59028,0.4253104941
2008,"GE 40, 2008","ÉG 40, 2008",47,"Saskatchewan","Saskatchewan","Female","Femme",5,"35 to 44 years","35 à 44 ans",32894,58349,0.5637415718
2008,"GE 40, 2008","ÉG 40, 2008",47,"Saskatchewan","Saskatchewan","Female","Femme",6,"45 to 54 years","45 à 54 ans",44938,73768,0.6091867161
2008,"GE 40, 2008","ÉG 40, 2008",47,"Saskatchewan","Saskatchewan","Female","Femme",7,"55 to 64 years","55 à 64 ans",39974,54668,0.7312244346
2008,"GE 40, 2008","ÉG 40, 2008",47,"Saskatchewan","Saskatchewan","Female","Femme",8,"65 to 74 years","65 à 74 ans",29016,36399,0.7971644199
2008,"GE 40, 2008","ÉG 40, 2008",47,"Saskatchewan","Saskatchewan","Female","Femme",9,"75 years and over","75 ans et plus",28014,46137,0.6071933823
2008,"GE 40, 2008","ÉG 40, 2008",47,"Saskatchewan","Saskatchewan","Female","Femme",10,"All ages","Tous les âges",214634,375978,0.5708692498
2008,"GE 40, 2008","ÉG 40, 2008",47,"Saskatchewan","Saskatchewan","Male","Homme",1,"First time","1re fois",5720,20664,0.276828206
2008,"GE 40, 2008","ÉG 40, 2008",47,"Saskatchewan","Saskatchewan","Male","Homme",2,"Not first time","2e fois ou plus",8362,29813,0.280485502
2008,"GE 40, 2008","ÉG 40, 2008",47,"Saskatchewan","Saskatchewan","Male","Homme",3,"18 to 24 years","18 à 24 ans",14082,50477,0.2789883036
2008,"GE 40, 2008","ÉG 40, 2008",47,"Saskatchewan","Saskatchewan","Male","Homme",4,"25 to 34 years","25 à 34 ans",23212,58993,0.3934665425
2008,"GE 40, 2008","ÉG 40, 2008",47,"Saskatchewan","Saskatchewan","Male","Homme",5,"35 to 44 years","35 à 44 ans",31606,58726,0.5381858233
2008,"GE 40, 2008","ÉG 40, 2008",47,"Saskatchewan","Saskatchewan","Male","Homme",6,"45 to 54 years","45 à 54 ans",44661,73523,0.6074433187
2008,"GE 40, 2008","ÉG 40, 2008",47,"Saskatchewan","Saskatchewan","Male","Homme",7,"55 to 64 years","55 à 64 ans",39022,55149,0.7075724005
2008,"GE 40, 2008","ÉG 40, 2008",47,"Saskatchewan","Saskatchewan","Male","Homme",8,"65 to 74 years","65 à 74 ans",27667,33919,0.8156775464
2008,"GE 40, 2008","ÉG 40, 2008",47,"Saskatchewan","Saskatchewan","Male","Homme",9,"75 years and over","75 ans et plus",24716,31530,0.7838864869
2008,"GE 40, 2008","ÉG 40, 2008",47,"Saskatchewan","Saskatchewan","Male","Homme",10,"All ages","Tous les âges",204966,362317,0.5657083127
2008,"GE 40, 2008","ÉG 40, 2008",48,"Alberta","Alberta","All genders","Tous les genres",1,"First time","1re fois",38932,132142,0.2946251871
2008,"GE 40, 2008","ÉG 40, 2008",48,"Alberta","Alberta","All genders","Tous les genres",2,"Not first time","2e fois ou plus",76099,225514,0.3374471043
2008,"GE 40, 2008","ÉG 40, 2008",48,"Alberta","Alberta","All genders","Tous les genres",3,"18 to 24 years","18 à 24 ans",115031,357656,0.3216258301
2008,"GE 40, 2008","ÉG 40, 2008",48,"Alberta","Alberta","All genders","Tous les genres",4,"25 to 34 years","25 à 34 ans",192955,500093,0.3858376777
2008,"GE 40, 2008","ÉG 40, 2008",48,"Alberta","Alberta","All genders","Tous les genres",5,"35 to 44 years","35 à 44 ans",223940,481850,0.4647503429
2008,"GE 40, 2008","ÉG 40, 2008",48,"Alberta","Alberta","All genders","Tous les genres",6,"45 to 54 years","45 à 54 ans",288431,525617,0.548746949
2008,"GE 40, 2008","ÉG 40, 2008",48,"Alberta","Alberta","All genders","Tous les genres",7,"55 to 64 years","55 à 64 ans",224459,353499,0.6349637337
2008,"GE 40, 2008","ÉG 40, 2008",48,"Alberta","Alberta","All genders","Tous les genres",8,"65 to 74 years","65 à 74 ans",133196,195912,0.6798780084
2008,"GE 40, 2008","ÉG 40, 2008",48,"Alberta","Alberta","All genders","Tous les genres",9,"75 years and over","75 ans et plus",96980,168746,0.5747082398
2008,"GE 40, 2008","ÉG 40, 2008",48,"Alberta","Alberta","All genders","Tous les genres",10,"All ages","Tous les âges",1274992,2583373,0.4935376556
2008,"GE 40, 2008","ÉG 40, 2008",48,"Alberta","Alberta","Female","Femme",1,"First time","1re fois",19055,63536,0.2999127142
2008,"GE 40, 2008","ÉG 40, 2008",48,"Alberta","Alberta","Female","Femme",2,"Not first time","2e fois ou plus",40635,106361,0.3820490224
2008,"GE 40, 2008","ÉG 40, 2008",48,"Alberta","Alberta","Female","Femme",3,"18 to 24 years","18 à 24 ans",59690,169897,0.3513328156
2008,"GE 40, 2008","ÉG 40, 2008",48,"Alberta","Alberta","Female","Femme",4,"25 to 34 years","25 à 34 ans",97992,234740,0.4174469178
2008,"GE 40, 2008","ÉG 40, 2008",48,"Alberta","Alberta","Female","Femme",5,"35 to 44 years","35 à 44 ans",115552,229941,0.5025277536
2008,"GE 40, 2008","ÉG 40, 2008",48,"Alberta","Alberta","Female","Femme",6,"45 to 54 years","45 à 54 ans",147878,256061,0.5775094386
2008,"GE 40, 2008","ÉG 40, 2008",48,"Alberta","Alberta","Female","Femme",7,"55 to 64 years","55 à 64 ans",111015,174365,0.6366819283
2008,"GE 40, 2008","ÉG 40, 2008",48,"Alberta","Alberta","Female","Femme",8,"65 to 74 years","65 à 74 ans",69083,100431,0.687867825
2008,"GE 40, 2008","ÉG 40, 2008",48,"Alberta","Alberta","Female","Femme",9,"75 years and over","75 ans et plus",50405,98631,0.5110478327
2008,"GE 40, 2008","ÉG 40, 2008",48,"Alberta","Alberta","Female","Femme",10,"All ages","Tous les âges",651615,1264066,0.5154911226
2008,"GE 40, 2008","ÉG 40, 2008",48,"Alberta","Alberta","Male","Homme",1,"First time","1re fois",19877,68606,0.2897284612
2008,"GE 40, 2008","ÉG 40, 2008",48,"Alberta","Alberta","Male","Homme",2,"Not first time","2e fois ou plus",35464,119153,0.2976334777
2008,"GE 40, 2008","ÉG 40, 2008",48,"Alberta","Alberta","Male","Homme",3,"18 to 24 years","18 à 24 ans",55341,187759,0.2947450219
2008,"GE 40, 2008","ÉG 40, 2008",48,"Alberta","Alberta","Male","Homme",4,"25 to 34 years","25 à 34 ans",94963,265353,0.3578751108
2008,"GE 40, 2008","ÉG 40, 2008",48,"Alberta","Alberta","Male","Homme",5,"35 to 44 years","35 à 44 ans",108388,251909,0.43026741
2008,"GE 40, 2008","ÉG 40, 2008",48,"Alberta","Alberta","Male","Homme",6,"45 to 54 years","45 à 54 ans",140553,269556,0.521424417
2008,"GE 40, 2008","ÉG 40, 2008",48,"Alberta","Alberta","Male","Homme",7,"55 to 64 years","55 à 64 ans",113444,179134,0.6332912764
2008,"GE 40, 2008","ÉG 40, 2008",48,"Alberta","Alberta","Male","Homme",8,"65 to 74 years","65 à 74 ans",64113,95481,0.6714739679
2008,"GE 40, 2008","ÉG 40, 2008",48,"Alberta","Alberta","Male","Homme",9,"75 years and over","75 ans et plus",46575,70116,0.6642586361
2008,"GE 40, 2008","ÉG 40, 2008",48,"Alberta","Alberta","Male","Homme",10,"All ages","Tous les âges",623377,1319308,0.4725034239
2008,"GE 40, 2008","ÉG 40, 2008",59,"British Columbia","Colombie-Britannique","All genders","Tous les genres",1,"First time","1re fois",49162,146653,0.3352280248
2008,"GE 40, 2008","ÉG 40, 2008",59,"British Columbia","Colombie-Britannique","All genders","Tous les genres",2,"Not first time","2e fois ou plus",99500,232936,0.4271560984
2008,"GE 40, 2008","ÉG 40, 2008",59,"British Columbia","Colombie-Britannique","All genders","Tous les genres",3,"18 to 24 years","18 à 24 ans",148662,379588,0.3916400157
2008,"GE 40, 2008","ÉG 40, 2008",59,"British Columbia","Colombie-Britannique","All genders","Tous les genres",4,"25 to 34 years","25 à 34 ans",252880,507446,0.4983397348
2008,"GE 40, 2008","ÉG 40, 2008",59,"British Columbia","Colombie-Britannique","All genders","Tous les genres",5,"35 to 44 years","35 à 44 ans",301074,572434,0.5259536537
2008,"GE 40, 2008","ÉG 40, 2008",59,"British Columbia","Colombie-Britannique","All genders","Tous les genres",6,"45 to 54 years","45 à 54 ans",376002,654842,0.5741867276
2008,"GE 40, 2008","ÉG 40, 2008",59,"British Columbia","Colombie-Britannique","All genders","Tous les genres",7,"55 to 64 years","55 à 64 ans",327746,527265,0.6215949371
2008,"GE 40, 2008","ÉG 40, 2008",59,"British Columbia","Colombie-Britannique","All genders","Tous les genres",8,"65 to 74 years","65 à 74 ans",210742,319435,0.6597323835
2008,"GE 40, 2008","ÉG 40, 2008",59,"British Columbia","Colombie-Britannique","All genders","Tous les genres",9,"75 years and over","75 ans et plus",182787,290141,0.6299934189
2008,"GE 40, 2008","ÉG 40, 2008",59,"British Columbia","Colombie-Britannique","All genders","Tous les genres",10,"All ages","Tous les âges",1799892,3251152,0.5536166928
2008,"GE 40, 2008","ÉG 40, 2008",59,"British Columbia","Colombie-Britannique","Female","Femme",1,"First time","1re fois",24191,70446,0.3433960882
2008,"GE 40, 2008","ÉG 40, 2008",59,"British Columbia","Colombie-Britannique","Female","Femme",2,"Not first time","2e fois ou plus",47777,112162,0.4259591093
2008,"GE 40, 2008","ÉG 40, 2008",59,"British Columbia","Colombie-Britannique","Female","Femme",3,"18 to 24 years","18 à 24 ans",71967,182608,0.3941083432
2008,"GE 40, 2008","ÉG 40, 2008",59,"British Columbia","Colombie-Britannique","Female","Femme",4,"25 to 34 years","25 à 34 ans",129245,254434,0.5079725922
2008,"GE 40, 2008","ÉG 40, 2008",59,"British Columbia","Colombie-Britannique","Female","Femme",5,"35 to 44 years","35 à 44 ans",151875,287789,0.5277322996
2008,"GE 40, 2008","ÉG 40, 2008",59,"British Columbia","Colombie-Britannique","Female","Femme",6,"45 to 54 years","45 à 54 ans",191501,331297,0.578033413
2008,"GE 40, 2008","ÉG 40, 2008",59,"British Columbia","Colombie-Britannique","Female","Femme",7,"55 to 64 years","55 à 64 ans",164385,267087,0.6154756079
2008,"GE 40, 2008","ÉG 40, 2008",59,"British Columbia","Colombie-Britannique","Female","Femme",8,"65 to 74 years","65 à 74 ans",108588,162832,0.6668720051
2008,"GE 40, 2008","ÉG 40, 2008",59,"British Columbia","Colombie-Britannique","Female","Femme",9,"75 years and over","75 ans et plus",102905,166428,0.6183163912
2008,"GE 40, 2008","ÉG 40, 2008",59,"British Columbia","Colombie-Britannique","Female","Femme",10,"All ages","Tous les âges",920467,1652474,0.5570238222
2008,"GE 40, 2008","ÉG 40, 2008",59,"British Columbia","Colombie-Britannique","Male","Homme",1,"First time","1re fois",24971,76207,0.3276774796
2008,"GE 40, 2008","ÉG 40, 2008",59,"British Columbia","Colombie-Britannique","Male","Homme",2,"Not first time","2e fois ou plus",51723,120773,0.4282677427
2008,"GE 40, 2008","ÉG 40, 2008",59,"British Columbia","Colombie-Britannique","Male","Homme",3,"18 to 24 years","18 à 24 ans",76695,196980,0.3893517868
2008,"GE 40, 2008","ÉG 40, 2008",59,"British Columbia","Colombie-Britannique","Male","Homme",4,"25 to 34 years","25 à 34 ans",123635,253012,0.4886527652
2008,"GE 40, 2008","ÉG 40, 2008",59,"British Columbia","Colombie-Britannique","Male","Homme",5,"35 to 44 years","35 à 44 ans",149198,284645,0.5241553652
2008,"GE 40, 2008","ÉG 40, 2008",59,"British Columbia","Colombie-Britannique","Male","Homme",6,"45 to 54 years","45 à 54 ans",184501,323545,0.5702478839
2008,"GE 40, 2008","ÉG 40, 2008",59,"British Columbia","Colombie-Britannique","Male","Homme",7,"55 to 64 years","55 à 64 ans",163360,260179,0.6278767406
2008,"GE 40, 2008","ÉG 40, 2008",59,"British Columbia","Colombie-Britannique","Male","Homme",8,"65 to 74 years","65 à 74 ans",102153,156603,0.6523087631
2008,"GE 40, 2008","ÉG 40, 2008",59,"British Columbia","Colombie-Britannique","Male","Homme",9,"75 years and over","75 ans et plus",79882,123713,0.6457021997
2008,"GE 40, 2008","ÉG 40, 2008",59,"British Columbia","Colombie-Britannique","Male","Homme",10,"All ages","Tous les âges",879425,1598678,0.5500949127
2008,"GE 40, 2008","ÉG 40, 2008",60,"Yukon","Yukon","All genders","Tous les genres",1,"First time","1re fois",404,1291,0.3126648491
2008,"GE 40, 2008","ÉG 40, 2008",60,"Yukon","Yukon","All genders","Tous les genres",2,"Not first time","2e fois ou plus",784,1919,0.4084675709
2008,"GE 40, 2008","ÉG 40, 2008",60,"Yukon","Yukon","All genders","Tous les genres",3,"18 to 24 years","18 à 24 ans",1187,3210,0.3699438159
2008,"GE 40, 2008","ÉG 40, 2008",60,"Yukon","Yukon","All genders","Tous les genres",4,"25 to 34 years","25 à 34 ans",2027,4068,0.4982930348
2008,"GE 40, 2008","ÉG 40, 2008",60,"Yukon","Yukon","All genders","Tous les genres",5,"35 to 44 years","35 à 44 ans",2644,4772,0.554122541
2008,"GE 40, 2008","ÉG 40, 2008",60,"Yukon","Yukon","All genders","Tous les genres",6,"45 to 54 years","45 à 54 ans",4078,5970,0.6830732904
2008,"GE 40, 2008","ÉG 40, 2008",60,"Yukon","Yukon","All genders","Tous les genres",7,"55 to 64 years","55 à 64 ans",3001,4252,0.7057972155
2008,"GE 40, 2008","ÉG 40, 2008",60,"Yukon","Yukon","All genders","Tous les genres",8,"65 to 74 years","65 à 74 ans",1196,1705,0.7014131224
2008,"GE 40, 2008","ÉG 40, 2008",60,"Yukon","Yukon","All genders","Tous les genres",9,"75 years and over","75 ans et plus",587,858,0.684233413
2008,"GE 40, 2008","ÉG 40, 2008",60,"Yukon","Yukon","All genders","Tous les genres",10,"All ages","Tous les âges",14721,24835,0.5927490837
2008,"GE 40, 2008","ÉG 40, 2008",60,"Yukon","Yukon","Female","Femme",1,"First time","1re fois",167,575,0.2907837889
2008,"GE 40, 2008","ÉG 40, 2008",60,"Yukon","Yukon","Female","Femme",2,"Not first time","2e fois ou plus",435,939,0.4633369294
2008,"GE 40, 2008","ÉG 40, 2008",60,"Yukon","Yukon","Female","Femme",3,"18 to 24 years","18 à 24 ans",603,1515,0.3978011567
2008,"GE 40, 2008","ÉG 40, 2008",60,"Yukon","Yukon","Female","Femme",4,"25 to 34 years","25 à 34 ans",1077,2045,0.526434745
2008,"GE 40, 2008","ÉG 40, 2008",60,"Yukon","Yukon","Female","Femme",5,"35 to 44 years","35 à 44 ans",1513,2470,0.6122729802
2008,"GE 40, 2008","ÉG 40, 2008",60,"Yukon","Yukon","Female","Femme",6,"45 to 54 years","45 à 54 ans",2104,2935,0.7170122498
2008,"GE 40, 2008","ÉG 40, 2008",60,"Yukon","Yukon","Female","Femme",7,"55 to 64 years","55 à 64 ans",1395,1995,0.6993336889
2008,"GE 40, 2008","ÉG 40, 2008",60,"Yukon","Yukon","Female","Femme",8,"65 to 74 years","65 à 74 ans",520,768,0.677530095
2008,"GE 40, 2008","ÉG 40, 2008",60,"Yukon","Yukon","Female","Femme",9,"75 years and over","75 ans et plus",309,455,0.6795140977
2008,"GE 40, 2008","ÉG 40, 2008",60,"Yukon","Yukon","Female","Femme",10,"All ages","Tous les âges",7521,12183,0.6173095881
2008,"GE 40, 2008","ÉG 40, 2008",60,"Yukon","Yukon","Male","Homme",1,"First time","1re fois",236,715,0.3302608641
2008,"GE 40, 2008","ÉG 40, 2008",60,"Yukon","Yukon","Male","Homme",2,"Not first time","2e fois ou plus",349,980,0.3558491709
2008,"GE 40, 2008","ÉG 40, 2008",60,"Yukon","Yukon","Male","Homme",3,"18 to 24 years","18 à 24 ans",585,1695,0.345049449
2008,"GE 40, 2008","ÉG 40, 2008",60,"Yukon","Yukon","Male","Homme",4,"25 to 34 years","25 à 34 ans",950,2023,0.4698363054
2008,"GE 40, 2008","ÉG 40, 2008",60,"Yukon","Yukon","Male","Homme",5,"35 to 44 years","35 à 44 ans",1132,2302,0.4917218247
2008,"GE 40, 2008","ÉG 40, 2008",60,"Yukon","Yukon","Male","Homme",6,"45 to 54 years","45 à 54 ans",1974,3035,0.6502604163
2008,"GE 40, 2008","ÉG 40, 2008",60,"Yukon","Yukon","Male","Homme",7,"55 to 64 years","55 à 64 ans",1606,2257,0.7115107717
2008,"GE 40, 2008","ÉG 40, 2008",60,"Yukon","Yukon","Male","Homme",8,"65 to 74 years","65 à 74 ans",676,937,0.7209771272
2008,"GE 40, 2008","ÉG 40, 2008",60,"Yukon","Yukon","Male","Homme",9,"75 years and over","75 ans et plus",278,403,0.6895654868
2008,"GE 40, 2008","ÉG 40, 2008",60,"Yukon","Yukon","Male","Homme",10,"All ages","Tous les âges",7200,12652,0.5690992125
2008,"GE 40, 2008","ÉG 40, 2008",61,"Northwest Territories","Territoires du Nord-Ouest","All genders","Tous les genres",1,"First time","1re fois",319,1990,0.1604437288
2008,"GE 40, 2008","ÉG 40, 2008",61,"Northwest Territories","Territoires du Nord-Ouest","All genders","Tous les genres",2,"Not first time","2e fois ou plus",699,3018,0.2315449494
2008,"GE 40, 2008","ÉG 40, 2008",61,"Northwest Territories","Territoires du Nord-Ouest","All genders","Tous les genres",3,"18 to 24 years","18 à 24 ans",1018,5008,0.2032882859
2008,"GE 40, 2008","ÉG 40, 2008",61,"Northwest Territories","Territoires du Nord-Ouest","All genders","Tous les genres",4,"25 to 34 years","25 à 34 ans",2688,6667,0.4032006106
2008,"GE 40, 2008","ÉG 40, 2008",61,"Northwest Territories","Territoires du Nord-Ouest","All genders","Tous les genres",5,"35 to 44 years","35 à 44 ans",3231,6926,0.4665754408
2008,"GE 40, 2008","ÉG 40, 2008",61,"Northwest Territories","Territoires du Nord-Ouest","All genders","Tous les genres",6,"45 to 54 years","45 à 54 ans",3588,6339,0.5660991782
2008,"GE 40, 2008","ÉG 40, 2008",61,"Northwest Territories","Territoires du Nord-Ouest","All genders","Tous les genres",7,"55 to 64 years","55 à 64 ans",2099,3939,0.5329212786
2008,"GE 40, 2008","ÉG 40, 2008",61,"Northwest Territories","Territoires du Nord-Ouest","All genders","Tous les genres",8,"65 to 74 years","65 à 74 ans",784,1382,0.5674714963
2008,"GE 40, 2008","ÉG 40, 2008",61,"Northwest Territories","Territoires du Nord-Ouest","All genders","Tous les genres",9,"75 years and over","75 ans et plus",324,810,0.3995290777
2008,"GE 40, 2008","ÉG 40, 2008",61,"Northwest Territories","Territoires du Nord-Ouest","All genders","Tous les genres",10,"All ages","Tous les âges",13733,31071,0.4419929266
2008,"GE 40, 2008","ÉG 40, 2008",61,"Northwest Territories","Territoires du Nord-Ouest","Female","Femme",1,"First time","1re fois",153,950,0.160988585
2008,"GE 40, 2008","ÉG 40, 2008",61,"Northwest Territories","Territoires du Nord-Ouest","Female","Femme",2,"Not first time","2e fois ou plus",382,1408,0.2711452913
2008,"GE 40, 2008","ÉG 40, 2008",61,"Northwest Territories","Territoires du Nord-Ouest","Female","Femme",3,"18 to 24 years","18 à 24 ans",535,2357,0.2267622595
2008,"GE 40, 2008","ÉG 40, 2008",61,"Northwest Territories","Territoires du Nord-Ouest","Female","Femme",4,"25 to 34 years","25 à 34 ans",1506,3306,0.4555613758
2008,"GE 40, 2008","ÉG 40, 2008",61,"Northwest Territories","Territoires du Nord-Ouest","Female","Femme",5,"35 to 44 years","35 à 44 ans",1666,3265,0.5103323951
2008,"GE 40, 2008","ÉG 40, 2008",61,"Northwest Territories","Territoires du Nord-Ouest","Female","Femme",6,"45 to 54 years","45 à 54 ans",1787,3081,0.5799579747
2008,"GE 40, 2008","ÉG 40, 2008",61,"Northwest Territories","Territoires du Nord-Ouest","Female","Femme",7,"55 to 64 years","55 à 64 ans",923,1721,0.53656938
2008,"GE 40, 2008","ÉG 40, 2008",61,"Northwest Territories","Territoires du Nord-Ouest","Female","Femme",8,"65 to 74 years","65 à 74 ans",367,642,0.5709906879
2008,"GE 40, 2008","ÉG 40, 2008",61,"Northwest Territories","Territoires du Nord-Ouest","Female","Femme",9,"75 years and over","75 ans et plus",156,428,0.3638630953
2008,"GE 40, 2008","ÉG 40, 2008",61,"Northwest Territories","Territoires du Nord-Ouest","Female","Femme",10,"All ages","Tous les âges",6939,14800,0.4688696046
2008,"GE 40, 2008","ÉG 40, 2008",61,"Northwest Territories","Territoires du Nord-Ouest","Male","Homme",1,"First time","1re fois",166,1040,0.1599463475
2008,"GE 40, 2008","ÉG 40, 2008",61,"Northwest Territories","Territoires du Nord-Ouest","Male","Homme",2,"Not first time","2e fois ou plus",317,1610,0.1969280866
2008,"GE 40, 2008","ÉG 40, 2008",61,"Northwest Territories","Territoires du Nord-Ouest","Male","Homme",3,"18 to 24 years","18 à 24 ans",484,2651,0.1824116838
2008,"GE 40, 2008","ÉG 40, 2008",61,"Northwest Territories","Territoires du Nord-Ouest","Male","Homme",4,"25 to 34 years","25 à 34 ans",1182,3361,0.351687793
2008,"GE 40, 2008","ÉG 40, 2008",61,"Northwest Territories","Territoires du Nord-Ouest","Male","Homme",5,"35 to 44 years","35 à 44 ans",1565,3661,0.4275476084
2008,"GE 40, 2008","ÉG 40, 2008",61,"Northwest Territories","Territoires du Nord-Ouest","Male","Homme",6,"45 to 54 years","45 à 54 ans",1802,3258,0.5529954304
2008,"GE 40, 2008","ÉG 40, 2008",61,"Northwest Territories","Territoires du Nord-Ouest","Male","Homme",7,"55 to 64 years","55 à 64 ans",1176,2218,0.5300901265
2008,"GE 40, 2008","ÉG 40, 2008",61,"Northwest Territories","Territoires du Nord-Ouest","Male","Homme",8,"65 to 74 years","65 à 74 ans",418,740,0.5644188642
2008,"GE 40, 2008","ÉG 40, 2008",61,"Northwest Territories","Territoires du Nord-Ouest","Male","Homme",9,"75 years and over","75 ans et plus",168,382,0.4394749781
2008,"GE 40, 2008","ÉG 40, 2008",61,"Northwest Territories","Territoires du Nord-Ouest","Male","Homme",10,"All ages","Tous les âges",6794,16270,0.4175441361
2008,"GE 40, 2008","ÉG 40, 2008",62,"Nunavut","Nunavut","All genders","Tous les genres",1,"First time","1re fois",243,1813,0.1339473674
2008,"GE 40, 2008","ÉG 40, 2008",62,"Nunavut","Nunavut","All genders","Tous les genres",2,"Not first time","2e fois ou plus",645,2460,0.2620942275
2008,"GE 40, 2008","ÉG 40, 2008",62,"Nunavut","Nunavut","All genders","Tous les genres",3,"18 to 24 years","18 à 24 ans",888,4273,0.2077188755
2008,"GE 40, 2008","ÉG 40, 2008",62,"Nunavut","Nunavut","All genders","Tous les genres",4,"25 to 34 years","25 à 34 ans",1923,4938,0.3894546709
2008,"GE 40, 2008","ÉG 40, 2008",62,"Nunavut","Nunavut","All genders","Tous les genres",5,"35 to 44 years","35 à 44 ans",2058,4379,0.469880463
2008,"GE 40, 2008","ÉG 40, 2008",62,"Nunavut","Nunavut","All genders","Tous les genres",6,"45 to 54 years","45 à 54 ans",1531,2926,0.5231799547
2008,"GE 40, 2008","ÉG 40, 2008",62,"Nunavut","Nunavut","All genders","Tous les genres",7,"55 to 64 years","55 à 64 ans",1076,1840,0.5847762453
2008,"GE 40, 2008","ÉG 40, 2008",62,"Nunavut","Nunavut","All genders","Tous les genres",8,"65 to 74 years","65 à 74 ans",463,665,0.6963149863
2008,"GE 40, 2008","ÉG 40, 2008",62,"Nunavut","Nunavut","All genders","Tous les genres",9,"75 years and over","75 ans et plus",154,231,0.6649901742
2008,"GE 40, 2008","ÉG 40, 2008",62,"Nunavut","Nunavut","All genders","Tous les genres",10,"All ages","Tous les âges",8092,19253,0.4203063087
2008,"GE 40, 2008","ÉG 40, 2008",62,"Nunavut","Nunavut","Female","Femme",1,"First time","1re fois",124,854,0.1454502769
2008,"GE 40, 2008","ÉG 40, 2008",62,"Nunavut","Nunavut","Female","Femme",2,"Not first time","2e fois ou plus",345,1188,0.290081808
2008,"GE 40, 2008","ÉG 40, 2008",62,"Nunavut","Nunavut","Female","Femme",3,"18 to 24 years","18 à 24 ans",469,2042,0.2296031861
2008,"GE 40, 2008","ÉG 40, 2008",62,"Nunavut","Nunavut","Female","Femme",4,"25 to 34 years","25 à 34 ans",980,2470,0.3968510385
2008,"GE 40, 2008","ÉG 40, 2008",62,"Nunavut","Nunavut","Female","Femme",5,"35 to 44 years","35 à 44 ans",1012,2160,0.4684645362
2008,"GE 40, 2008","ÉG 40, 2008",62,"Nunavut","Nunavut","Female","Femme",6,"45 to 54 years","45 à 54 ans",686,1360,0.5041323454
2008,"GE 40, 2008","ÉG 40, 2008",62,"Nunavut","Nunavut","Female","Femme",7,"55 to 64 years","55 à 64 ans",498,853,0.584299792
2008,"GE 40, 2008","ÉG 40, 2008",62,"Nunavut","Nunavut","Female","Femme",8,"65 to 74 years","65 à 74 ans",239,313,0.7634892129
2008,"GE 40, 2008","ÉG 40, 2008",62,"Nunavut","Nunavut","Female","Femme",9,"75 years and over","75 ans et plus",80,108,0.7412231085
2008,"GE 40, 2008","ÉG 40, 2008",62,"Nunavut","Nunavut","Female","Femme",10,"All ages","Tous les âges",3964,9306,0.425968565
2008,"GE 40, 2008","ÉG 40, 2008",62,"Nunavut","Nunavut","Male","Homme",1,"First time","1re fois",119,959,0.1237126584
2008,"GE 40, 2008","ÉG 40, 2008",62,"Nunavut","Nunavut","Male","Homme",2,"Not first time","2e fois ou plus",300,1272,0.2359592051
2008,"GE 40, 2008","ÉG 40, 2008",62,"Nunavut","Nunavut","Male","Homme",3,"18 to 24 years","18 à 24 ans",419,2232,0.1876976952
2008,"GE 40, 2008","ÉG 40, 2008",62,"Nunavut","Nunavut","Male","Homme",4,"25 to 34 years","25 à 34 ans",943,2468,0.3820524978
2008,"GE 40, 2008","ÉG 40, 2008",62,"Nunavut","Nunavut","Male","Homme",5,"35 to 44 years","35 à 44 ans",1046,2219,0.4712585476
2008,"GE 40, 2008","ÉG 40, 2008",62,"Nunavut","Nunavut","Male","Homme",6,"45 to 54 years","45 à 54 ans",845,1566,0.539720142
2008,"GE 40, 2008","ÉG 40, 2008",62,"Nunavut","Nunavut","Male","Homme",7,"55 to 64 years","55 à 64 ans",578,987,0.585187971
2008,"GE 40, 2008","ÉG 40, 2008",62,"Nunavut","Nunavut","Male","Homme",8,"65 to 74 years","65 à 74 ans",224,352,0.6366045626
2008,"GE 40, 2008","ÉG 40, 2008",62,"Nunavut","Nunavut","Male","Homme",9,"75 years and over","75 ans et plus",73,123,0.5979051921
2008,"GE 40, 2008","ÉG 40, 2008",62,"Nunavut","Nunavut","Male","Homme",10,"All ages","Tous les âges",4128,9947,0.4150092103
2008,"GE 40, 2008","ÉG 40, 2008",99,"Canada","Canada","All genders","Tous les genres",1,"First time","1re fois",408426,1146271,0.3563080318
2008,"GE 40, 2008","ÉG 40, 2008",99,"Canada","Canada","All genders","Tous les genres",2,"Not first time","2e fois ou plus",691297,1796889,0.3847191188
2008,"GE 40, 2008","ÉG 40, 2008",99,"Canada","Canada","All genders","Tous les genres",3,"18 to 24 years","18 à 24 ans",1099723,2943160,0.3736538657
2008,"GE 40, 2008","ÉG 40, 2008",99,"Canada","Canada","All genders","Tous les genres",4,"25 to 34 years","25 à 34 ans",1919208,4002320,0.4795239554
2008,"GE 40, 2008","ÉG 40, 2008",99,"Canada","Canada","All genders","Tous les genres",5,"35 to 44 years","35 à 44 ans",2381463,4419630,0.538837768
2008,"GE 40, 2008","ÉG 40, 2008",99,"Canada","Canada","All genders","Tous les genres",6,"45 to 54 years","45 à 54 ans",2990141,5006533,0.5972478558
2008,"GE 40, 2008","ÉG 40, 2008",99,"Canada","Canada","All genders","Tous les genres",7,"55 to 64 years","55 à 64 ans",2535592,3865802,0.6559034307
2008,"GE 40, 2008","ÉG 40, 2008",99,"Canada","Canada","All genders","Tous les genres",8,"65 to 74 years","65 à 74 ans",1601098,2340703,0.6840241771
2008,"GE 40, 2008","ÉG 40, 2008",99,"Canada","Canada","All genders","Tous les genres",9,"75 years and over","75 ans et plus",1401867,2083199,0.6729397801
2008,"GE 40, 2008","ÉG 40, 2008",99,"Canada","Canada","All genders","Tous les genres",10,"All ages","Tous les âges",13929093,24661345,0.5648148031
2008,"GE 40, 2008","ÉG 40, 2008",99,"Canada","Canada","Female","Femme",1,"First time","1re fois",200867,557200,0.3604937411
2008,"GE 40, 2008","ÉG 40, 2008",99,"Canada","Canada","Female","Femme",2,"Not first time","2e fois ou plus",350087,873410,0.4008277911
2008,"GE 40, 2008","ÉG 40, 2008",99,"Canada","Canada","Female","Femme",3,"18 to 24 years","18 à 24 ans",550954,1430610,0.3851183262
2008,"GE 40, 2008","ÉG 40, 2008",99,"Canada","Canada","Female","Femme",4,"25 to 34 years","25 à 34 ans",1002165,1985601,0.5047163103
2008,"GE 40, 2008","ÉG 40, 2008",99,"Canada","Canada","Female","Femme",5,"35 to 44 years","35 à 44 ans",1218299,2189972,0.5563076945
2008,"GE 40, 2008","ÉG 40, 2008",99,"Canada","Canada","Female","Femme",6,"45 to 54 years","45 à 54 ans",1529856,2498613,0.612282161
2008,"GE 40, 2008","ÉG 40, 2008",99,"Canada","Canada","Female","Femme",7,"55 to 64 years","55 à 64 ans",1283768,1960302,0.6548825998
2008,"GE 40, 2008","ÉG 40, 2008",99,"Canada","Canada","Female","Femme",8,"65 to 74 years","65 à 74 ans",828737,1217558,0.6806552302
2008,"GE 40, 2008","ÉG 40, 2008",99,"Canada","Canada","Female","Femme",9,"75 years and over","75 ans et plus",801916,1241787,0.6457760876
2008,"GE 40, 2008","ÉG 40, 2008",99,"Canada","Canada","Female","Femme",10,"All ages","Tous les âges",7215695,12524443,0.5761290128
2008,"GE 40, 2008","ÉG 40, 2008",99,"Canada","Canada","Male","Homme",1,"First time","1re fois",207559,589071,0.3523487911
2008,"GE 40, 2008","ÉG 40, 2008",99,"Canada","Canada","Male","Homme",2,"Not first time","2e fois ou plus",341210,923478,0.3694838051
2008,"GE 40, 2008","ÉG 40, 2008",99,"Canada","Canada","Male","Homme",3,"18 to 24 years","18 à 24 ans",548769,1512550,0.3628104725
2008,"GE 40, 2008","ÉG 40, 2008",99,"Canada","Canada","Male","Homme",4,"25 to 34 years","25 à 34 ans",917043,2016719,0.4547203116
2008,"GE 40, 2008","ÉG 40, 2008",99,"Canada","Canada","Male","Homme",5,"35 to 44 years","35 à 44 ans",1163165,2229657,0.5216787817
2008,"GE 40, 2008","ÉG 40, 2008",99,"Canada","Canada","Male","Homme",6,"45 to 54 years","45 à 54 ans",1460285,2507920,0.5822693468
2008,"GE 40, 2008","ÉG 40, 2008",99,"Canada","Canada","Male","Homme",7,"55 to 64 years","55 à 64 ans",1251825,1905500,0.6569536208
2008,"GE 40, 2008","ÉG 40, 2008",99,"Canada","Canada","Male","Homme",8,"65 to 74 years","65 à 74 ans",772360,1123145,0.6876763218
2008,"GE 40, 2008","ÉG 40, 2008",99,"Canada","Canada","Male","Homme",9,"75 years and over","75 ans et plus",599951,841412,0.7130289591
2008,"GE 40, 2008","ÉG 40, 2008",99,"Canada","Canada","Male","Homme",10,"All ages","Tous les âges",6713398,12136902,0.5531393221
2011,"GE 41, 2011","ÉG 41, 2011",10,"Newfoundland and Labrador","Terre-Neuve-et-Labrador","All genders","Tous les genres",1,"First time","1re fois",4430,15204,0.2913514023
2011,"GE 41, 2011","ÉG 41, 2011",10,"Newfoundland and Labrador","Terre-Neuve-et-Labrador","All genders","Tous les genres",2,"Not first time","2e fois ou plus",8006,26768,0.2990917136
2011,"GE 41, 2011","ÉG 41, 2011",10,"Newfoundland and Labrador","Terre-Neuve-et-Labrador","All genders","Tous les genres",3,"18 to 24 years","18 à 24 ans",12436,41972,0.2962878964
2011,"GE 41, 2011","ÉG 41, 2011",10,"Newfoundland and Labrador","Terre-Neuve-et-Labrador","All genders","Tous les genres",4,"25 to 34 years","25 à 34 ans",20573,60431,0.3404340984
2011,"GE 41, 2011","ÉG 41, 2011",10,"Newfoundland and Labrador","Terre-Neuve-et-Labrador","All genders","Tous les genres",5,"35 to 44 years","35 à 44 ans",32850,69008,0.4760418463
2011,"GE 41, 2011","ÉG 41, 2011",10,"Newfoundland and Labrador","Terre-Neuve-et-Labrador","All genders","Tous les genres",6,"45 to 54 years","45 à 54 ans",48684,83607,0.5822947611
2011,"GE 41, 2011","ÉG 41, 2011",10,"Newfoundland and Labrador","Terre-Neuve-et-Labrador","All genders","Tous les genres",7,"55 to 64 years","55 à 64 ans",51950,78832,0.6589936812
2011,"GE 41, 2011","ÉG 41, 2011",10,"Newfoundland and Labrador","Terre-Neuve-et-Labrador","All genders","Tous les genres",8,"65 to 74 years","65 à 74 ans",33363,47028,0.7094273337
2011,"GE 41, 2011","ÉG 41, 2011",10,"Newfoundland and Labrador","Terre-Neuve-et-Labrador","All genders","Tous les genres",9,"75 years and over","75 ans et plus",18311,30962,0.5914003994
2011,"GE 41, 2011","ÉG 41, 2011",10,"Newfoundland and Labrador","Terre-Neuve-et-Labrador","All genders","Tous les genres",10,"All ages","Tous les âges",218166,411838,0.5297369994
2011,"GE 41, 2011","ÉG 41, 2011",10,"Newfoundland and Labrador","Terre-Neuve-et-Labrador","Female","Femme",1,"First time","1re fois",2272,7370,0.3083569161
2011,"GE 41, 2011","ÉG 41, 2011",10,"Newfoundland and Labrador","Terre-Neuve-et-Labrador","Female","Femme",2,"Not first time","2e fois ou plus",4266,13014,0.3277622062
2011,"GE 41, 2011","ÉG 41, 2011",10,"Newfoundland and Labrador","Terre-Neuve-et-Labrador","Female","Femme",3,"18 to 24 years","18 à 24 ans",6538,20384,0.3207463543
2011,"GE 41, 2011","ÉG 41, 2011",10,"Newfoundland and Labrador","Terre-Neuve-et-Labrador","Female","Femme",4,"25 to 34 years","25 à 34 ans",11224,30750,0.364996374
2011,"GE 41, 2011","ÉG 41, 2011",10,"Newfoundland and Labrador","Terre-Neuve-et-Labrador","Female","Femme",5,"35 to 44 years","35 à 44 ans",18089,35712,0.5065050155
2011,"GE 41, 2011","ÉG 41, 2011",10,"Newfoundland and Labrador","Terre-Neuve-et-Labrador","Female","Femme",6,"45 to 54 years","45 à 54 ans",25441,42558,0.5978088688
2011,"GE 41, 2011","ÉG 41, 2011",10,"Newfoundland and Labrador","Terre-Neuve-et-Labrador","Female","Femme",7,"55 to 64 years","55 à 64 ans",26909,39864,0.6750161834
2011,"GE 41, 2011","ÉG 41, 2011",10,"Newfoundland and Labrador","Terre-Neuve-et-Labrador","Female","Femme",8,"65 to 74 years","65 à 74 ans",17443,23954,0.7281745606
2011,"GE 41, 2011","ÉG 41, 2011",10,"Newfoundland and Labrador","Terre-Neuve-et-Labrador","Female","Femme",9,"75 years and over","75 ans et plus",10038,18231,0.5505870381
2011,"GE 41, 2011","ÉG 41, 2011",10,"Newfoundland and Labrador","Terre-Neuve-et-Labrador","Female","Femme",10,"All ages","Tous les âges",115681,211454,0.547075943
2011,"GE 41, 2011","ÉG 41, 2011",10,"Newfoundland and Labrador","Terre-Neuve-et-Labrador","Male","Homme",1,"First time","1re fois",2157,7834,0.2753541141
2011,"GE 41, 2011","ÉG 41, 2011",10,"Newfoundland and Labrador","Terre-Neuve-et-Labrador","Male","Homme",2,"Not first time","2e fois ou plus",3741,13754,0.2719634054
2011,"GE 41, 2011","ÉG 41, 2011",10,"Newfoundland and Labrador","Terre-Neuve-et-Labrador","Male","Homme",3,"18 to 24 years","18 à 24 ans",5898,21588,0.2731938582
2011,"GE 41, 2011","ÉG 41, 2011",10,"Newfoundland and Labrador","Terre-Neuve-et-Labrador","Male","Homme",4,"25 to 34 years","25 à 34 ans",9349,29680,0.314986489
2011,"GE 41, 2011","ÉG 41, 2011",10,"Newfoundland and Labrador","Terre-Neuve-et-Labrador","Male","Homme",5,"35 to 44 years","35 à 44 ans",14762,33295,0.4433668923
2011,"GE 41, 2011","ÉG 41, 2011",10,"Newfoundland and Labrador","Terre-Neuve-et-Labrador","Male","Homme",6,"45 to 54 years","45 à 54 ans",23242,41049,0.5662103362
2011,"GE 41, 2011","ÉG 41, 2011",10,"Newfoundland and Labrador","Terre-Neuve-et-Labrador","Male","Homme",7,"55 to 64 years","55 à 64 ans",25041,38968,0.6426028552
2011,"GE 41, 2011","ÉG 41, 2011",10,"Newfoundland and Labrador","Terre-Neuve-et-Labrador","Male","Homme",8,"65 to 74 years","65 à 74 ans",15920,23074,0.689964734
2011,"GE 41, 2011","ÉG 41, 2011",10,"Newfoundland and Labrador","Terre-Neuve-et-Labrador","Male","Homme",9,"75 years and over","75 ans et plus",8273,12731,0.649848278
2011,"GE 41, 2011","ÉG 41, 2011",10,"Newfoundland and Labrador","Terre-Neuve-et-Labrador","Male","Homme",10,"All ages","Tous les âges",102485,200385,0.5114402911
2011,"GE 41, 2011","ÉG 41, 2011",11,"Prince Edward Island","Île-du-Prince-Édouard","All genders","Tous les genres",1,"First time","1re fois",2454,4845,0.5064670274
2011,"GE 41, 2011","ÉG 41, 2011",11,"Prince Edward Island","Île-du-Prince-Édouard","All genders","Tous les genres",2,"Not first time","2e fois ou plus",4141,7936,0.521776899
2011,"GE 41, 2011","ÉG 41, 2011",11,"Prince Edward Island","Île-du-Prince-Édouard","All genders","Tous les genres",3,"18 to 24 years","18 à 24 ans",6595,12781,0.5159736009
2011,"GE 41, 2011","ÉG 41, 2011",11,"Prince Edward Island","Île-du-Prince-Édouard","All genders","Tous les genres",4,"25 to 34 years","25 à 34 ans",9295,15811,0.5879109099
2011,"GE 41, 2011","ÉG 41, 2011",11,"Prince Edward Island","Île-du-Prince-Édouard","All genders","Tous les genres",5,"35 to 44 years","35 à 44 ans",12753,16430,0.7761865253
2011,"GE 41, 2011","ÉG 41, 2011",11,"Prince Edward Island","Île-du-Prince-Édouard","All genders","Tous les genres",6,"45 to 54 years","45 à 54 ans",17718,21365,0.8292828817
2011,"GE 41, 2011","ÉG 41, 2011",11,"Prince Edward Island","Île-du-Prince-Édouard","All genders","Tous les genres",7,"55 to 64 years","55 à 64 ans",16854,19463,0.8659820056
2011,"GE 41, 2011","ÉG 41, 2011",11,"Prince Edward Island","Île-du-Prince-Édouard","All genders","Tous les genres",8,"65 to 74 years","65 à 74 ans",9775,12065,0.8101992806
2011,"GE 41, 2011","ÉG 41, 2011",11,"Prince Edward Island","Île-du-Prince-Édouard","All genders","Tous les genres",9,"75 years and over","75 ans et plus",6521,9502,0.6862880146
2011,"GE 41, 2011","ÉG 41, 2011",11,"Prince Edward Island","Île-du-Prince-Édouard","All genders","Tous les genres",10,"All ages","Tous les âges",79511,107417,0.7402111651
2011,"GE 41, 2011","ÉG 41, 2011",11,"Prince Edward Island","Île-du-Prince-Édouard","Female","Femme",1,"First time","1re fois",1157,2385,0.4849294546
2011,"GE 41, 2011","ÉG 41, 2011",11,"Prince Edward Island","Île-du-Prince-Édouard","Female","Femme",2,"Not first time","2e fois ou plus",2156,3859,0.5587512765
2011,"GE 41, 2011","ÉG 41, 2011",11,"Prince Edward Island","Île-du-Prince-Édouard","Female","Femme",3,"18 to 24 years","18 à 24 ans",3313,6244,0.5305492526
2011,"GE 41, 2011","ÉG 41, 2011",11,"Prince Edward Island","Île-du-Prince-Édouard","Female","Femme",4,"25 to 34 years","25 à 34 ans",4996,8296,0.6021951116
2011,"GE 41, 2011","ÉG 41, 2011",11,"Prince Edward Island","Île-du-Prince-Édouard","Female","Femme",5,"35 to 44 years","35 à 44 ans",6754,8209,0.822793018
2011,"GE 41, 2011","ÉG 41, 2011",11,"Prince Edward Island","Île-du-Prince-Édouard","Female","Femme",6,"45 to 54 years","45 à 54 ans",9212,10975,0.8393890212
2011,"GE 41, 2011","ÉG 41, 2011",11,"Prince Edward Island","Île-du-Prince-Édouard","Female","Femme",7,"55 to 64 years","55 à 64 ans",8493,9851,0.862188951
2011,"GE 41, 2011","ÉG 41, 2011",11,"Prince Edward Island","Île-du-Prince-Édouard","Female","Femme",8,"65 to 74 years","65 à 74 ans",4894,6237,0.7846873216
2011,"GE 41, 2011","ÉG 41, 2011",11,"Prince Edward Island","Île-du-Prince-Édouard","Female","Femme",9,"75 years and over","75 ans et plus",3471,5722,0.6065581302
2011,"GE 41, 2011","ÉG 41, 2011",11,"Prince Edward Island","Île-du-Prince-Édouard","Female","Femme",10,"All ages","Tous les âges",41132,55533,0.7406873864
2011,"GE 41, 2011","ÉG 41, 2011",11,"Prince Edward Island","Île-du-Prince-Édouard","Male","Homme",1,"First time","1re fois",1297,2459,0.5273560001
2011,"GE 41, 2011","ÉG 41, 2011",11,"Prince Edward Island","Île-du-Prince-Édouard","Male","Homme",2,"Not first time","2e fois ou plus",1985,4078,0.4867905066
2011,"GE 41, 2011","ÉG 41, 2011",11,"Prince Edward Island","Île-du-Prince-Édouard","Male","Homme",3,"18 to 24 years","18 à 24 ans",3282,6537,0.502051935
2011,"GE 41, 2011","ÉG 41, 2011",11,"Prince Edward Island","Île-du-Prince-Édouard","Male","Homme",4,"25 to 34 years","25 à 34 ans",4300,7515,0.5721432536
2011,"GE 41, 2011","ÉG 41, 2011",11,"Prince Edward Island","Île-du-Prince-Édouard","Male","Homme",5,"35 to 44 years","35 à 44 ans",5999,8221,0.7296507098
2011,"GE 41, 2011","ÉG 41, 2011",11,"Prince Edward Island","Île-du-Prince-Édouard","Male","Homme",6,"45 to 54 years","45 à 54 ans",8505,10390,0.8186080226
2011,"GE 41, 2011","ÉG 41, 2011",11,"Prince Edward Island","Île-du-Prince-Édouard","Male","Homme",7,"55 to 64 years","55 à 64 ans",8361,9612,0.8698690798
2011,"GE 41, 2011","ÉG 41, 2011",11,"Prince Edward Island","Île-du-Prince-Édouard","Male","Homme",8,"65 to 74 years","65 à 74 ans",4881,5828,0.837498758
2011,"GE 41, 2011","ÉG 41, 2011",11,"Prince Edward Island","Île-du-Prince-Édouard","Male","Homme",9,"75 years and over","75 ans et plus",3050,3779,0.8070057973
2011,"GE 41, 2011","ÉG 41, 2011",11,"Prince Edward Island","Île-du-Prince-Édouard","Male","Homme",10,"All ages","Tous les âges",38379,51884,0.7397014515
2011,"GE 41, 2011","ÉG 41, 2011",12,"Nova Scotia","Nouvelle-Écosse","All genders","Tous les genres",1,"First time","1re fois",10999,29500,0.3728671517
2011,"GE 41, 2011","ÉG 41, 2011",12,"Nova Scotia","Nouvelle-Écosse","All genders","Tous les genres",2,"Not first time","2e fois ou plus",19593,51900,0.3775131565
2011,"GE 41, 2011","ÉG 41, 2011",12,"Nova Scotia","Nouvelle-Écosse","All genders","Tous les genres",3,"18 to 24 years","18 à 24 ans",30593,81400,0.3758294299
2011,"GE 41, 2011","ÉG 41, 2011",12,"Nova Scotia","Nouvelle-Écosse","All genders","Tous les genres",4,"25 to 34 years","25 à 34 ans",45324,109908,0.4123800104
2011,"GE 41, 2011","ÉG 41, 2011",12,"Nova Scotia","Nouvelle-Écosse","All genders","Tous les genres",5,"35 to 44 years","35 à 44 ans",64863,117121,0.5538108877
2011,"GE 41, 2011","ÉG 41, 2011",12,"Nova Scotia","Nouvelle-Écosse","All genders","Tous les genres",6,"45 to 54 years","45 à 54 ans",101248,151306,0.6691566142
2011,"GE 41, 2011","ÉG 41, 2011",12,"Nova Scotia","Nouvelle-Écosse","All genders","Tous les genres",7,"55 to 64 years","55 à 64 ans",100319,133793,0.7498090567
2011,"GE 41, 2011","ÉG 41, 2011",12,"Nova Scotia","Nouvelle-Écosse","All genders","Tous les genres",8,"65 to 74 years","65 à 74 ans",65450,83837,0.7806791915
2011,"GE 41, 2011","ÉG 41, 2011",12,"Nova Scotia","Nouvelle-Écosse","All genders","Tous les genres",9,"75 years and over","75 ans et plus",46470,64223,0.7235727784
2011,"GE 41, 2011","ÉG 41, 2011",12,"Nova Scotia","Nouvelle-Écosse","All genders","Tous les genres",10,"All ages","Tous les âges",454266,741588,0.6125580434
2011,"GE 41, 2011","ÉG 41, 2011",12,"Nova Scotia","Nouvelle-Écosse","Female","Femme",1,"First time","1re fois",5610,14568,0.3851138603
2011,"GE 41, 2011","ÉG 41, 2011",12,"Nova Scotia","Nouvelle-Écosse","Female","Femme",2,"Not first time","2e fois ou plus",10111,25234,0.4007038604
2011,"GE 41, 2011","ÉG 41, 2011",12,"Nova Scotia","Nouvelle-Écosse","Female","Femme",3,"18 to 24 years","18 à 24 ans",15722,39802,0.3949977967
2011,"GE 41, 2011","ÉG 41, 2011",12,"Nova Scotia","Nouvelle-Écosse","Female","Femme",4,"25 to 34 years","25 à 34 ans",24286,57238,0.4242899853
2011,"GE 41, 2011","ÉG 41, 2011",12,"Nova Scotia","Nouvelle-Écosse","Female","Femme",5,"35 to 44 years","35 à 44 ans",34495,59590,0.5788750825
2011,"GE 41, 2011","ÉG 41, 2011",12,"Nova Scotia","Nouvelle-Écosse","Female","Femme",6,"45 to 54 years","45 à 54 ans",52366,77036,0.6797590648
2011,"GE 41, 2011","ÉG 41, 2011",12,"Nova Scotia","Nouvelle-Écosse","Female","Femme",7,"55 to 64 years","55 à 64 ans",52141,67982,0.7669750904
2011,"GE 41, 2011","ÉG 41, 2011",12,"Nova Scotia","Nouvelle-Écosse","Female","Femme",8,"65 to 74 years","65 à 74 ans",32682,43457,0.7520480613
2011,"GE 41, 2011","ÉG 41, 2011",12,"Nova Scotia","Nouvelle-Écosse","Female","Femme",9,"75 years and over","75 ans et plus",26887,39062,0.6883205849
2011,"GE 41, 2011","ÉG 41, 2011",12,"Nova Scotia","Nouvelle-Écosse","Female","Femme",10,"All ages","Tous les âges",238578,384168,0.6210262228
2011,"GE 41, 2011","ÉG 41, 2011",12,"Nova Scotia","Nouvelle-Écosse","Male","Homme",1,"First time","1re fois",5389,14932,0.3609189022
2011,"GE 41, 2011","ÉG 41, 2011",12,"Nova Scotia","Nouvelle-Écosse","Male","Homme",2,"Not first time","2e fois ou plus",9482,26666,0.3555678524
2011,"GE 41, 2011","ÉG 41, 2011",12,"Nova Scotia","Nouvelle-Écosse","Male","Homme",3,"18 to 24 years","18 à 24 ans",14871,41598,0.3574886326
2011,"GE 41, 2011","ÉG 41, 2011",12,"Nova Scotia","Nouvelle-Écosse","Male","Homme",4,"25 to 34 years","25 à 34 ans",21038,52670,0.399436981
2011,"GE 41, 2011","ÉG 41, 2011",12,"Nova Scotia","Nouvelle-Écosse","Male","Homme",5,"35 to 44 years","35 à 44 ans",30368,57531,0.5278499453
2011,"GE 41, 2011","ÉG 41, 2011",12,"Nova Scotia","Nouvelle-Écosse","Male","Homme",6,"45 to 54 years","45 à 54 ans",48881,74270,0.6581592201
2011,"GE 41, 2011","ÉG 41, 2011",12,"Nova Scotia","Nouvelle-Écosse","Male","Homme",7,"55 to 64 years","55 à 64 ans",48178,65811,0.7320765506
2011,"GE 41, 2011","ÉG 41, 2011",12,"Nova Scotia","Nouvelle-Écosse","Male","Homme",8,"65 to 74 years","65 à 74 ans",32768,40380,0.8114923237
2011,"GE 41, 2011","ÉG 41, 2011",12,"Nova Scotia","Nouvelle-Écosse","Male","Homme",9,"75 years and over","75 ans et plus",19583,25161,0.7783012676
2011,"GE 41, 2011","ÉG 41, 2011",12,"Nova Scotia","Nouvelle-Écosse","Male","Homme",10,"All ages","Tous les âges",215688,357420,0.6034561454
2011,"GE 41, 2011","ÉG 41, 2011",13,"New Brunswick","Nouveau-Brunswick","All genders","Tous les genres",1,"First time","1re fois",9797,23298,0.420512089
2011,"GE 41, 2011","ÉG 41, 2011",13,"New Brunswick","Nouveau-Brunswick","All genders","Tous les genres",2,"Not first time","2e fois ou plus",16306,39481,0.413012626
2011,"GE 41, 2011","ÉG 41, 2011",13,"New Brunswick","Nouveau-Brunswick","All genders","Tous les genres",3,"18 to 24 years","18 à 24 ans",26103,62779,0.4157957575
2011,"GE 41, 2011","ÉG 41, 2011",13,"New Brunswick","Nouveau-Brunswick","All genders","Tous les genres",4,"25 to 34 years","25 à 34 ans",42527,90077,0.472117124
2011,"GE 41, 2011","ÉG 41, 2011",13,"New Brunswick","Nouveau-Brunswick","All genders","Tous les genres",5,"35 to 44 years","35 à 44 ans",60951,97520,0.6250171702
2011,"GE 41, 2011","ÉG 41, 2011",13,"New Brunswick","Nouveau-Brunswick","All genders","Tous les genres",6,"45 to 54 years","45 à 54 ans",87020,121124,0.7184386389
2011,"GE 41, 2011","ÉG 41, 2011",13,"New Brunswick","Nouveau-Brunswick","All genders","Tous les genres",7,"55 to 64 years","55 à 64 ans",86790,109435,0.7930732864
2011,"GE 41, 2011","ÉG 41, 2011",13,"New Brunswick","Nouveau-Brunswick","All genders","Tous les genres",8,"65 to 74 years","65 à 74 ans",54206,65627,0.8259761225
2011,"GE 41, 2011","ÉG 41, 2011",13,"New Brunswick","Nouveau-Brunswick","All genders","Tous les genres",9,"75 years and over","75 ans et plus",34610,50926,0.6796244672
2011,"GE 41, 2011","ÉG 41, 2011",13,"New Brunswick","Nouveau-Brunswick","All genders","Tous les genres",10,"All ages","Tous les âges",392208,597487,0.6564293717
2011,"GE 41, 2011","ÉG 41, 2011",13,"New Brunswick","Nouveau-Brunswick","Female","Femme",1,"First time","1re fois",5033,11339,0.4438770564
2011,"GE 41, 2011","ÉG 41, 2011",13,"New Brunswick","Nouveau-Brunswick","Female","Femme",2,"Not first time","2e fois ou plus",8508,19195,0.4432484481
2011,"GE 41, 2011","ÉG 41, 2011",13,"New Brunswick","Nouveau-Brunswick","Female","Femme",3,"18 to 24 years","18 à 24 ans",13541,30533,0.4434818822
2011,"GE 41, 2011","ÉG 41, 2011",13,"New Brunswick","Nouveau-Brunswick","Female","Femme",4,"25 to 34 years","25 à 34 ans",23518,45401,0.5180002177
2011,"GE 41, 2011","ÉG 41, 2011",13,"New Brunswick","Nouveau-Brunswick","Female","Femme",5,"35 to 44 years","35 à 44 ans",32753,49383,0.6632491578
2011,"GE 41, 2011","ÉG 41, 2011",13,"New Brunswick","Nouveau-Brunswick","Female","Femme",6,"45 to 54 years","45 à 54 ans",45521,61730,0.7374088573
2011,"GE 41, 2011","ÉG 41, 2011",13,"New Brunswick","Nouveau-Brunswick","Female","Femme",7,"55 to 64 years","55 à 64 ans",44164,55337,0.7980911315
2011,"GE 41, 2011","ÉG 41, 2011",13,"New Brunswick","Nouveau-Brunswick","Female","Femme",8,"65 to 74 years","65 à 74 ans",26678,33743,0.7906189924
2011,"GE 41, 2011","ÉG 41, 2011",13,"New Brunswick","Nouveau-Brunswick","Female","Femme",9,"75 years and over","75 ans et plus",19259,30922,0.6228012899
2011,"GE 41, 2011","ÉG 41, 2011",13,"New Brunswick","Nouveau-Brunswick","Female","Femme",10,"All ages","Tous les âges",205433,307050,0.6690531433
2011,"GE 41, 2011","ÉG 41, 2011",13,"New Brunswick","Nouveau-Brunswick","Male","Homme",1,"First time","1re fois",4764,11959,0.398360055
2011,"GE 41, 2011","ÉG 41, 2011",13,"New Brunswick","Nouveau-Brunswick","Male","Homme",2,"Not first time","2e fois ou plus",7798,20286,0.3844037016
2011,"GE 41, 2011","ÉG 41, 2011",13,"New Brunswick","Nouveau-Brunswick","Male","Homme",3,"18 to 24 years","18 à 24 ans",12562,32246,0.3895798859
2011,"GE 41, 2011","ÉG 41, 2011",13,"New Brunswick","Nouveau-Brunswick","Male","Homme",4,"25 to 34 years","25 à 34 ans",19009,44677,0.4254904068
2011,"GE 41, 2011","ÉG 41, 2011",13,"New Brunswick","Nouveau-Brunswick","Male","Homme",5,"35 to 44 years","35 à 44 ans",28198,48136,0.5857948332
2011,"GE 41, 2011","ÉG 41, 2011",13,"New Brunswick","Nouveau-Brunswick","Male","Homme",6,"45 to 54 years","45 à 54 ans",41499,59393,0.6987219647
2011,"GE 41, 2011","ÉG 41, 2011",13,"New Brunswick","Nouveau-Brunswick","Male","Homme",7,"55 to 64 years","55 à 64 ans",42626,54098,0.7879405164
2011,"GE 41, 2011","ÉG 41, 2011",13,"New Brunswick","Nouveau-Brunswick","Male","Homme",8,"65 to 74 years","65 à 74 ans",27528,31884,0.8633952954
2011,"GE 41, 2011","ÉG 41, 2011",13,"New Brunswick","Nouveau-Brunswick","Male","Homme",9,"75 years and over","75 ans et plus",15352,20003,0.7674657094
2011,"GE 41, 2011","ÉG 41, 2011",13,"New Brunswick","Nouveau-Brunswick","Male","Homme",10,"All ages","Tous les âges",186775,290437,0.6430835057
2011,"GE 41, 2011","ÉG 41, 2011",24,"Quebec","Québec","All genders","Tous les genres",1,"First time","1re fois",120008,248863,0.4822265223
2011,"GE 41, 2011","ÉG 41, 2011",24,"Quebec","Québec","All genders","Tous les genres",2,"Not first time","2e fois ou plus",177848,412958,0.4306689646
2011,"GE 41, 2011","ÉG 41, 2011",24,"Quebec","Québec","All genders","Tous les genres",3,"18 to 24 years","18 à 24 ans",297857,661821,0.4500560187
2011,"GE 41, 2011","ÉG 41, 2011",24,"Quebec","Québec","All genders","Tous les genres",4,"25 to 34 years","25 à 34 ans",543014,962964,0.5638986948
2011,"GE 41, 2011","ÉG 41, 2011",24,"Quebec","Québec","All genders","Tous les genres",5,"35 to 44 years","35 à 44 ans",572469,949978,0.6026135881
2011,"GE 41, 2011","ÉG 41, 2011",24,"Quebec","Québec","All genders","Tous les genres",6,"45 to 54 years","45 à 54 ans",833049,1228261,0.6782341565
2011,"GE 41, 2011","ÉG 41, 2011",24,"Quebec","Québec","All genders","Tous les genres",7,"55 to 64 years","55 à 64 ans",807951,1063165,0.7599488427
2011,"GE 41, 2011","ÉG 41, 2011",24,"Quebec","Québec","All genders","Tous les genres",8,"65 to 74 years","65 à 74 ans",540499,676771,0.7986434091
2011,"GE 41, 2011","ÉG 41, 2011",24,"Quebec","Québec","All genders","Tous les genres",9,"75 years and over","75 ans et plus",258281,527032,0.4900676609
2011,"GE 41, 2011","ÉG 41, 2011",24,"Quebec","Québec","All genders","Tous les genres",10,"All ages","Tous les âges",3853120,6069992,0.6347816939
2011,"GE 41, 2011","ÉG 41, 2011",24,"Quebec","Québec","Female","Femme",1,"First time","1re fois",62215,121454,0.512248504
2011,"GE 41, 2011","ÉG 41, 2011",24,"Quebec","Québec","Female","Femme",2,"Not first time","2e fois ou plus",94042,200783,0.468375889
2011,"GE 41, 2011","ÉG 41, 2011",24,"Quebec","Québec","Female","Femme",3,"18 to 24 years","18 à 24 ans",156257,322237,0.4849118565
2011,"GE 41, 2011","ÉG 41, 2011",24,"Quebec","Québec","Female","Femme",4,"25 to 34 years","25 à 34 ans",289910,471007,0.6155106415
2011,"GE 41, 2011","ÉG 41, 2011",24,"Quebec","Québec","Female","Femme",5,"35 to 44 years","35 à 44 ans",297058,463756,0.640548707
2011,"GE 41, 2011","ÉG 41, 2011",24,"Quebec","Québec","Female","Femme",6,"45 to 54 years","45 à 54 ans",431578,612665,0.7044273911
2011,"GE 41, 2011","ÉG 41, 2011",24,"Quebec","Québec","Female","Femme",7,"55 to 64 years","55 à 64 ans",417133,542165,0.7693836795
2011,"GE 41, 2011","ÉG 41, 2011",24,"Quebec","Québec","Female","Femme",8,"65 to 74 years","65 à 74 ans",270547,354041,0.7641677664
2011,"GE 41, 2011","ÉG 41, 2011",24,"Quebec","Québec","Female","Femme",9,"75 years and over","75 ans et plus",133323,321450,0.4147556523
2011,"GE 41, 2011","ÉG 41, 2011",24,"Quebec","Québec","Female","Femme",10,"All ages","Tous les âges",1995806,3087322,0.6464522278
2011,"GE 41, 2011","ÉG 41, 2011",24,"Quebec","Québec","Male","Homme",1,"First time","1re fois",57794,127409,0.453607771
2011,"GE 41, 2011","ÉG 41, 2011",24,"Quebec","Québec","Male","Homme",2,"Not first time","2e fois ou plus",83806,212175,0.3949866077
2011,"GE 41, 2011","ÉG 41, 2011",24,"Quebec","Québec","Male","Homme",3,"18 to 24 years","18 à 24 ans",141600,339584,0.4169807506
2011,"GE 41, 2011","ÉG 41, 2011",24,"Quebec","Québec","Male","Homme",4,"25 to 34 years","25 à 34 ans",253104,491957,0.5144846234
2011,"GE 41, 2011","ÉG 41, 2011",24,"Quebec","Québec","Male","Homme",5,"35 to 44 years","35 à 44 ans",275411,486222,0.5664312666
2011,"GE 41, 2011","ÉG 41, 2011",24,"Quebec","Québec","Male","Homme",6,"45 to 54 years","45 à 54 ans",401470,615596,0.6521656016
2011,"GE 41, 2011","ÉG 41, 2011",24,"Quebec","Québec","Male","Homme",7,"55 to 64 years","55 à 64 ans",390818,520999,0.7501307145
2011,"GE 41, 2011","ÉG 41, 2011",24,"Quebec","Québec","Male","Homme",8,"65 to 74 years","65 à 74 ans",269952,322730,0.8364638183
2011,"GE 41, 2011","ÉG 41, 2011",24,"Quebec","Québec","Male","Homme",9,"75 years and over","75 ans et plus",124958,205582,0.6078260191
2011,"GE 41, 2011","ÉG 41, 2011",24,"Quebec","Québec","Male","Homme",10,"All ages","Tous les âges",1857314,2982671,0.6227016848
2011,"GE 41, 2011","ÉG 41, 2011",35,"Ontario","Ontario","All genders","Tous les genres",1,"First time","1re fois",163723,410119,0.3992072008
2011,"GE 41, 2011","ÉG 41, 2011",35,"Ontario","Ontario","All genders","Tous les genres",2,"Not first time","2e fois ou plus",274721,738455,0.372021329
2011,"GE 41, 2011","ÉG 41, 2011",35,"Ontario","Ontario","All genders","Tous les genres",3,"18 to 24 years","18 à 24 ans",438444,1148575,0.3817285349
2011,"GE 41, 2011","ÉG 41, 2011",35,"Ontario","Ontario","All genders","Tous les genres",4,"25 to 34 years","25 à 34 ans",677578,1576337,0.4298434678
2011,"GE 41, 2011","ÉG 41, 2011",35,"Ontario","Ontario","All genders","Tous les genres",5,"35 to 44 years","35 à 44 ans",897038,1688446,0.5312800893
2011,"GE 41, 2011","ÉG 41, 2011",35,"Ontario","Ontario","All genders","Tous les genres",6,"45 to 54 years","45 à 54 ans",1230609,1941361,0.6338901013
2011,"GE 41, 2011","ÉG 41, 2011",35,"Ontario","Ontario","All genders","Tous les genres",7,"55 to 64 years","55 à 64 ans",1104031,1553305,0.7107620878
2011,"GE 41, 2011","ÉG 41, 2011",35,"Ontario","Ontario","All genders","Tous les genres",8,"65 to 74 years","65 à 74 ans",697249,936450,0.7445667121
2011,"GE 41, 2011","ÉG 41, 2011",35,"Ontario","Ontario","All genders","Tous les genres",9,"75 years and over","75 ans et plus",511659,795974,0.6428086338
2011,"GE 41, 2011","ÉG 41, 2011",35,"Ontario","Ontario","All genders","Tous les genres",10,"All ages","Tous les âges",5556608,9640448,0.5763848332
2011,"GE 41, 2011","ÉG 41, 2011",35,"Ontario","Ontario","Female","Femme",1,"First time","1re fois",82885,200086,0.4142452491
2011,"GE 41, 2011","ÉG 41, 2011",35,"Ontario","Ontario","Female","Femme",2,"Not first time","2e fois ou plus",138685,359031,0.3862767529
2011,"GE 41, 2011","ÉG 41, 2011",35,"Ontario","Ontario","Female","Femme",3,"18 to 24 years","18 à 24 ans",221570,559118,0.3962855776
2011,"GE 41, 2011","ÉG 41, 2011",35,"Ontario","Ontario","Female","Femme",4,"25 to 34 years","25 à 34 ans",350369,795776,0.4402853912
2011,"GE 41, 2011","ÉG 41, 2011",35,"Ontario","Ontario","Female","Femme",5,"35 to 44 years","35 à 44 ans",472326,844056,0.5595909816
2011,"GE 41, 2011","ÉG 41, 2011",35,"Ontario","Ontario","Female","Femme",6,"45 to 54 years","45 à 54 ans",641051,968418,0.6619575589
2011,"GE 41, 2011","ÉG 41, 2011",35,"Ontario","Ontario","Female","Femme",7,"55 to 64 years","55 à 64 ans",566036,792359,0.7143678354
2011,"GE 41, 2011","ÉG 41, 2011",35,"Ontario","Ontario","Female","Femme",8,"65 to 74 years","65 à 74 ans",355424,491694,0.7228559129
2011,"GE 41, 2011","ÉG 41, 2011",35,"Ontario","Ontario","Female","Femme",9,"75 years and over","75 ans et plus",277096,474092,0.5844773889
2011,"GE 41, 2011","ÉG 41, 2011",35,"Ontario","Ontario","Female","Femme",10,"All ages","Tous les âges",2883872,4925513,0.5854968797
2011,"GE 41, 2011","ÉG 41, 2011",35,"Ontario","Ontario","Male","Homme",1,"First time","1re fois",80838,210033,0.384881344
2011,"GE 41, 2011","ÉG 41, 2011",35,"Ontario","Ontario","Male","Homme",2,"Not first time","2e fois ou plus",136036,379424,0.3585320863
2011,"GE 41, 2011","ÉG 41, 2011",35,"Ontario","Ontario","Male","Homme",3,"18 to 24 years","18 à 24 ans",216874,589457,0.3679207538
2011,"GE 41, 2011","ÉG 41, 2011",35,"Ontario","Ontario","Male","Homme",4,"25 to 34 years","25 à 34 ans",327210,780561,0.4191980035
2011,"GE 41, 2011","ÉG 41, 2011",35,"Ontario","Ontario","Male","Homme",5,"35 to 44 years","35 à 44 ans",424712,844390,0.5029803913
2011,"GE 41, 2011","ÉG 41, 2011",35,"Ontario","Ontario","Male","Homme",6,"45 to 54 years","45 à 54 ans",589558,972943,0.6059531998
2011,"GE 41, 2011","ÉG 41, 2011",35,"Ontario","Ontario","Male","Homme",7,"55 to 64 years","55 à 64 ans",537994,760946,0.707007487
2011,"GE 41, 2011","ÉG 41, 2011",35,"Ontario","Ontario","Male","Homme",8,"65 to 74 years","65 à 74 ans",341826,444756,0.7685687918
2011,"GE 41, 2011","ÉG 41, 2011",35,"Ontario","Ontario","Male","Homme",9,"75 years and over","75 ans et plus",234563,321882,0.7287232865
2011,"GE 41, 2011","ÉG 41, 2011",35,"Ontario","Ontario","Male","Homme",10,"All ages","Tous les âges",2672736,4714935,0.5668658265
2011,"GE 41, 2011","ÉG 41, 2011",46,"Manitoba","Manitoba","All genders","Tous les genres",1,"First time","1re fois",12558,41248,0.3044449752
2011,"GE 41, 2011","ÉG 41, 2011",46,"Manitoba","Manitoba","All genders","Tous les genres",2,"Not first time","2e fois ou plus",23526,71740,0.3279272792
2011,"GE 41, 2011","ÉG 41, 2011",46,"Manitoba","Manitoba","All genders","Tous les genres",3,"18 to 24 years","18 à 24 ans",36083,112989,0.3193546579
2011,"GE 41, 2011","ÉG 41, 2011",46,"Manitoba","Manitoba","All genders","Tous les genres",4,"25 to 34 years","25 à 34 ans",63590,148311,0.428763277
2011,"GE 41, 2011","ÉG 41, 2011",46,"Manitoba","Manitoba","All genders","Tous les genres",5,"35 to 44 years","35 à 44 ans",75756,144077,0.5257974803
2011,"GE 41, 2011","ÉG 41, 2011",46,"Manitoba","Manitoba","All genders","Tous les genres",6,"45 to 54 years","45 à 54 ans",105045,171422,0.6127842689
2011,"GE 41, 2011","ÉG 41, 2011",46,"Manitoba","Manitoba","All genders","Tous les genres",7,"55 to 64 years","55 à 64 ans",100228,145334,0.6896419634
2011,"GE 41, 2011","ÉG 41, 2011",46,"Manitoba","Manitoba","All genders","Tous les genres",8,"65 to 74 years","65 à 74 ans",59616,85648,0.6960584562
2011,"GE 41, 2011","ÉG 41, 2011",46,"Manitoba","Manitoba","All genders","Tous les genres",9,"75 years and over","75 ans et plus",53022,77443,0.6846544929
2011,"GE 41, 2011","ÉG 41, 2011",46,"Manitoba","Manitoba","All genders","Tous les genres",10,"All ages","Tous les âges",493340,885224,0.5573055232
2011,"GE 41, 2011","ÉG 41, 2011",46,"Manitoba","Manitoba","Female","Femme",1,"First time","1re fois",6461,20258,0.3189282645
2011,"GE 41, 2011","ÉG 41, 2011",46,"Manitoba","Manitoba","Female","Femme",2,"Not first time","2e fois ou plus",12075,34879,0.3461928835
2011,"GE 41, 2011","ÉG 41, 2011",46,"Manitoba","Manitoba","Female","Femme",3,"18 to 24 years","18 à 24 ans",18536,55137,0.3361755918
2011,"GE 41, 2011","ÉG 41, 2011",46,"Manitoba","Manitoba","Female","Femme",4,"25 to 34 years","25 à 34 ans",33388,72793,0.4586671283
2011,"GE 41, 2011","ÉG 41, 2011",46,"Manitoba","Manitoba","Female","Femme",5,"35 to 44 years","35 à 44 ans",39065,71032,0.549957332
2011,"GE 41, 2011","ÉG 41, 2011",46,"Manitoba","Manitoba","Female","Femme",6,"45 to 54 years","45 à 54 ans",52458,84098,0.6237749649
2011,"GE 41, 2011","ÉG 41, 2011",46,"Manitoba","Manitoba","Female","Femme",7,"55 to 64 years","55 à 64 ans",51322,73382,0.6993785878
2011,"GE 41, 2011","ÉG 41, 2011",46,"Manitoba","Manitoba","Female","Femme",8,"65 to 74 years","65 à 74 ans",31162,44693,0.69723467
2011,"GE 41, 2011","ÉG 41, 2011",46,"Manitoba","Manitoba","Female","Femme",9,"75 years and over","75 ans et plus",30706,46879,0.6550006921
2011,"GE 41, 2011","ÉG 41, 2011",46,"Manitoba","Manitoba","Female","Femme",10,"All ages","Tous les âges",256636,448014,0.5728289662
2011,"GE 41, 2011","ÉG 41, 2011",46,"Manitoba","Manitoba","Male","Homme",1,"First time","1re fois",6097,20991,0.2904673717
2011,"GE 41, 2011","ÉG 41, 2011",46,"Manitoba","Manitoba","Male","Homme",2,"Not first time","2e fois ou plus",11451,36861,0.3106439424
2011,"GE 41, 2011","ÉG 41, 2011",46,"Manitoba","Manitoba","Male","Homme",3,"18 to 24 years","18 à 24 ans",17548,57852,0.303323184
2011,"GE 41, 2011","ÉG 41, 2011",46,"Manitoba","Manitoba","Male","Homme",4,"25 to 34 years","25 à 34 ans",30202,75517,0.3999379688
2011,"GE 41, 2011","ÉG 41, 2011",46,"Manitoba","Manitoba","Male","Homme",5,"35 to 44 years","35 à 44 ans",36691,73045,0.5023034573
2011,"GE 41, 2011","ÉG 41, 2011",46,"Manitoba","Manitoba","Male","Homme",6,"45 to 54 years","45 à 54 ans",52587,87324,0.602199625
2011,"GE 41, 2011","ÉG 41, 2011",46,"Manitoba","Manitoba","Male","Homme",7,"55 to 64 years","55 à 64 ans",48907,71952,0.6797118669
2011,"GE 41, 2011","ÉG 41, 2011",46,"Manitoba","Manitoba","Male","Homme",8,"65 to 74 years","65 à 74 ans",28454,40955,0.6947748754
2011,"GE 41, 2011","ÉG 41, 2011",46,"Manitoba","Manitoba","Male","Homme",9,"75 years and over","75 ans et plus",22316,30564,0.7301377219
2011,"GE 41, 2011","ÉG 41, 2011",46,"Manitoba","Manitoba","Male","Homme",10,"All ages","Tous les âges",236704,437209,0.5413984277
2011,"GE 41, 2011","ÉG 41, 2011",47,"Saskatchewan","Saskatchewan","All genders","Tous les genres",1,"First time","1re fois",11868,36556,0.3246523925
2011,"GE 41, 2011","ÉG 41, 2011",47,"Saskatchewan","Saskatchewan","All genders","Tous les genres",2,"Not first time","2e fois ou plus",18807,65342,0.2878305104
2011,"GE 41, 2011","ÉG 41, 2011",47,"Saskatchewan","Saskatchewan","All genders","Tous les genres",3,"18 to 24 years","18 à 24 ans",30675,101898,0.3010405287
2011,"GE 41, 2011","ÉG 41, 2011",47,"Saskatchewan","Saskatchewan","All genders","Tous les genres",4,"25 to 34 years","25 à 34 ans",50895,131698,0.3864523581
2011,"GE 41, 2011","ÉG 41, 2011",47,"Saskatchewan","Saskatchewan","All genders","Tous les genres",5,"35 to 44 years","35 à 44 ans",56782,115242,0.4927161549
2011,"GE 41, 2011","ÉG 41, 2011",47,"Saskatchewan","Saskatchewan","All genders","Tous les genres",6,"45 to 54 years","45 à 54 ans",92898,146375,0.6346570301
2011,"GE 41, 2011","ÉG 41, 2011",47,"Saskatchewan","Saskatchewan","All genders","Tous les genres",7,"55 to 64 years","55 à 64 ans",98754,124430,0.7936521146
2011,"GE 41, 2011","ÉG 41, 2011",47,"Saskatchewan","Saskatchewan","All genders","Tous les genres",8,"65 to 74 years","65 à 74 ans",68686,73155,0.9389139512
2011,"GE 41, 2011","ÉG 41, 2011",47,"Saskatchewan","Saskatchewan","All genders","Tous les genres",9,"75 years and over","75 ans et plus",57810,72526,0.7970933899
2011,"GE 41, 2011","ÉG 41, 2011",47,"Saskatchewan","Saskatchewan","All genders","Tous les genres",10,"All ages","Tous les âges",456501,765325,0.5964799242
2011,"GE 41, 2011","ÉG 41, 2011",47,"Saskatchewan","Saskatchewan","Female","Femme",1,"First time","1re fois",5947,17706,0.3358895024
2011,"GE 41, 2011","ÉG 41, 2011",47,"Saskatchewan","Saskatchewan","Female","Femme",2,"Not first time","2e fois ou plus",9680,31768,0.3046967564
2011,"GE 41, 2011","ÉG 41, 2011",47,"Saskatchewan","Saskatchewan","Female","Femme",3,"18 to 24 years","18 à 24 ans",15627,49475,0.3158601214
2011,"GE 41, 2011","ÉG 41, 2011",47,"Saskatchewan","Saskatchewan","Female","Femme",4,"25 to 34 years","25 à 34 ans",26835,65868,0.4074104665
2011,"GE 41, 2011","ÉG 41, 2011",47,"Saskatchewan","Saskatchewan","Female","Femme",5,"35 to 44 years","35 à 44 ans",29148,57436,0.5074879466
2011,"GE 41, 2011","ÉG 41, 2011",47,"Saskatchewan","Saskatchewan","Female","Femme",6,"45 to 54 years","45 à 54 ans",47652,73309,0.65000745
2011,"GE 41, 2011","ÉG 41, 2011",47,"Saskatchewan","Saskatchewan","Female","Femme",7,"55 to 64 years","55 à 64 ans",49264,61943,0.7953119633
2011,"GE 41, 2011","ÉG 41, 2011",47,"Saskatchewan","Saskatchewan","Female","Femme",8,"65 to 74 years","65 à 74 ans",33924,37867,0.8958786167
2011,"GE 41, 2011","ÉG 41, 2011",47,"Saskatchewan","Saskatchewan","Female","Femme",9,"75 years and over","75 ans et plus",29953,43083,0.6952312394
2011,"GE 41, 2011","ÉG 41, 2011",47,"Saskatchewan","Saskatchewan","Female","Femme",10,"All ages","Tous les âges",232403,388980,0.5974661186
2011,"GE 41, 2011","ÉG 41, 2011",47,"Saskatchewan","Saskatchewan","Male","Homme",1,"First time","1re fois",5921,18850,0.314097363
2011,"GE 41, 2011","ÉG 41, 2011",47,"Saskatchewan","Saskatchewan","Male","Homme",2,"Not first time","2e fois ou plus",9128,33573,0.2718709773
2011,"GE 41, 2011","ÉG 41, 2011",47,"Saskatchewan","Saskatchewan","Male","Homme",3,"18 to 24 years","18 à 24 ans",15048,52424,0.287054604
2011,"GE 41, 2011","ÉG 41, 2011",47,"Saskatchewan","Saskatchewan","Male","Homme",4,"25 to 34 years","25 à 34 ans",24060,65830,0.3654819771
2011,"GE 41, 2011","ÉG 41, 2011",47,"Saskatchewan","Saskatchewan","Male","Homme",5,"35 to 44 years","35 à 44 ans",27634,57807,0.4780392262
2011,"GE 41, 2011","ÉG 41, 2011",47,"Saskatchewan","Saskatchewan","Male","Homme",6,"45 to 54 years","45 à 54 ans",45246,73066,0.6192554723
2011,"GE 41, 2011","ÉG 41, 2011",47,"Saskatchewan","Saskatchewan","Male","Homme",7,"55 to 64 years","55 à 64 ans",49491,62488,0.7920067424
2011,"GE 41, 2011","ÉG 41, 2011",47,"Saskatchewan","Saskatchewan","Male","Homme",8,"65 to 74 years","65 à 74 ans",34762,35288,0.9850949404
2011,"GE 41, 2011","ÉG 41, 2011",47,"Saskatchewan","Saskatchewan","Male","Homme",9,"75 years and over","75 ans et plus",27858,29443,0.9461424586
2011,"GE 41, 2011","ÉG 41, 2011",47,"Saskatchewan","Saskatchewan","Male","Homme",10,"All ages","Tous les âges",224098,376345,0.5954606191
2011,"GE 41, 2011","ÉG 41, 2011",48,"Alberta","Alberta","All genders","Tous les genres",1,"First time","1re fois",43446,120073,0.3618275535
2011,"GE 41, 2011","ÉG 41, 2011",48,"Alberta","Alberta","All genders","Tous les genres",2,"Not first time","2e fois ou plus",75876,234103,0.3241127753
2011,"GE 41, 2011","ÉG 41, 2011",48,"Alberta","Alberta","All genders","Tous les genres",3,"18 to 24 years","18 à 24 ans",119321,354176,0.3368988296
2011,"GE 41, 2011","ÉG 41, 2011",48,"Alberta","Alberta","All genders","Tous les genres",4,"25 to 34 years","25 à 34 ans",198696,524976,0.3784849768
2011,"GE 41, 2011","ÉG 41, 2011",48,"Alberta","Alberta","All genders","Tous les genres",5,"35 to 44 years","35 à 44 ans",235939,483882,0.4875957897
2011,"GE 41, 2011","ÉG 41, 2011",48,"Alberta","Alberta","All genders","Tous les genres",6,"45 to 54 years","45 à 54 ans",315130,527321,0.5976049261
2011,"GE 41, 2011","ÉG 41, 2011",48,"Alberta","Alberta","All genders","Tous les genres",7,"55 to 64 years","55 à 64 ans",264219,404701,0.65287375
2011,"GE 41, 2011","ÉG 41, 2011",48,"Alberta","Alberta","All genders","Tous les genres",8,"65 to 74 years","65 à 74 ans",153612,212870,0.7216224067
2011,"GE 41, 2011","ÉG 41, 2011",48,"Alberta","Alberta","All genders","Tous les genres",9,"75 years and over","75 ans et plus",113758,170783,0.6660945597
2011,"GE 41, 2011","ÉG 41, 2011",48,"Alberta","Alberta","All genders","Tous les genres",10,"All ages","Tous les âges",1400674,2678710,0.5228912528
2011,"GE 41, 2011","ÉG 41, 2011",48,"Alberta","Alberta","Female","Femme",1,"First time","1re fois",21703,57737,0.3758982933
2011,"GE 41, 2011","ÉG 41, 2011",48,"Alberta","Alberta","Female","Femme",2,"Not first time","2e fois ou plus",38991,113800,0.3426274863
2011,"GE 41, 2011","ÉG 41, 2011",48,"Alberta","Alberta","Female","Femme",3,"18 to 24 years","18 à 24 ans",60694,171537,0.3538260388
2011,"GE 41, 2011","ÉG 41, 2011",48,"Alberta","Alberta","Female","Femme",4,"25 to 34 years","25 à 34 ans",102926,246420,0.4176859151
2011,"GE 41, 2011","ÉG 41, 2011",48,"Alberta","Alberta","Female","Femme",5,"35 to 44 years","35 à 44 ans",119920,230911,0.5193362918
2011,"GE 41, 2011","ÉG 41, 2011",48,"Alberta","Alberta","Female","Femme",6,"45 to 54 years","45 à 54 ans",159870,256891,0.6223238441
2011,"GE 41, 2011","ÉG 41, 2011",48,"Alberta","Alberta","Female","Femme",7,"55 to 64 years","55 à 64 ans",133700,199621,0.6697688493
2011,"GE 41, 2011","ÉG 41, 2011",48,"Alberta","Alberta","Female","Femme",8,"65 to 74 years","65 à 74 ans",79392,109124,0.7275381699
2011,"GE 41, 2011","ÉG 41, 2011",48,"Alberta","Alberta","Female","Femme",9,"75 years and over","75 ans et plus",61795,99821,0.6190525517
2011,"GE 41, 2011","ÉG 41, 2011",48,"Alberta","Alberta","Female","Femme",10,"All ages","Tous les âges",718297,1314325,0.5465137346
2011,"GE 41, 2011","ÉG 41, 2011",48,"Alberta","Alberta","Male","Homme",1,"First time","1re fois",21742,62335,0.3487947576
2011,"GE 41, 2011","ÉG 41, 2011",48,"Alberta","Alberta","Male","Homme",2,"Not first time","2e fois ou plus",36885,120304,0.306599064
2011,"GE 41, 2011","ÉG 41, 2011",48,"Alberta","Alberta","Male","Homme",3,"18 to 24 years","18 à 24 ans",58627,182639,0.3210006107
2011,"GE 41, 2011","ÉG 41, 2011",48,"Alberta","Alberta","Male","Homme",4,"25 to 34 years","25 à 34 ans",95769,278556,0.3438065455
2011,"GE 41, 2011","ÉG 41, 2011",48,"Alberta","Alberta","Male","Homme",5,"35 to 44 years","35 à 44 ans",116019,252972,0.4586233009
2011,"GE 41, 2011","ÉG 41, 2011",48,"Alberta","Alberta","Male","Homme",6,"45 to 54 years","45 à 54 ans",155260,270430,0.5741235295
2011,"GE 41, 2011","ÉG 41, 2011",48,"Alberta","Alberta","Male","Homme",7,"55 to 64 years","55 à 64 ans",130519,205080,0.6364283877
2011,"GE 41, 2011","ÉG 41, 2011",48,"Alberta","Alberta","Male","Homme",8,"65 to 74 years","65 à 74 ans",74220,103746,0.7153999468
2011,"GE 41, 2011","ÉG 41, 2011",48,"Alberta","Alberta","Male","Homme",9,"75 years and over","75 ans et plus",51963,70962,0.7322680364
2011,"GE 41, 2011","ÉG 41, 2011",48,"Alberta","Alberta","Male","Homme",10,"All ages","Tous les âges",682377,1364385,0.5001354856
2011,"GE 41, 2011","ÉG 41, 2011",59,"British Columbia","Colombie-Britannique","All genders","Tous les genres",1,"First time","1re fois",52355,132978,0.3937152782
2011,"GE 41, 2011","ÉG 41, 2011",59,"British Columbia","Colombie-Britannique","All genders","Tous les genres",2,"Not first time","2e fois ou plus",100648,250234,0.4022139598
2011,"GE 41, 2011","ÉG 41, 2011",59,"British Columbia","Colombie-Britannique","All genders","Tous les genres",3,"18 to 24 years","18 à 24 ans",153003,383212,0.3992648416
2011,"GE 41, 2011","ÉG 41, 2011",59,"British Columbia","Colombie-Britannique","All genders","Tous les genres",4,"25 to 34 years","25 à 34 ans",224094,537215,0.417139889
2011,"GE 41, 2011","ÉG 41, 2011",59,"British Columbia","Colombie-Britannique","All genders","Tous les genres",5,"35 to 44 years","35 à 44 ans",303236,560752,0.5407660434
2011,"GE 41, 2011","ÉG 41, 2011",59,"British Columbia","Colombie-Britannique","All genders","Tous les genres",6,"45 to 54 years","45 à 54 ans",430001,660892,0.6506365904
2011,"GE 41, 2011","ÉG 41, 2011",59,"British Columbia","Colombie-Britannique","All genders","Tous les genres",7,"55 to 64 years","55 à 64 ans",381319,581435,0.6558241692
2011,"GE 41, 2011","ÉG 41, 2011",59,"British Columbia","Colombie-Britannique","All genders","Tous les genres",8,"65 to 74 years","65 à 74 ans",227462,347835,0.6539370064
2011,"GE 41, 2011","ÉG 41, 2011",59,"British Columbia","Colombie-Britannique","All genders","Tous les genres",9,"75 years and over","75 ans et plus",160189,289425,0.5534724425
2011,"GE 41, 2011","ÉG 41, 2011",59,"British Columbia","Colombie-Britannique","All genders","Tous les genres",10,"All ages","Tous les âges",1879304,3360767,0.5591889534
2011,"GE 41, 2011","ÉG 41, 2011",59,"British Columbia","Colombie-Britannique","Female","Femme",1,"First time","1re fois",28122,63905,0.4400546565
2011,"GE 41, 2011","ÉG 41, 2011",59,"British Columbia","Colombie-Britannique","Female","Femme",2,"Not first time","2e fois ou plus",49246,121626,0.404892548
2011,"GE 41, 2011","ÉG 41, 2011",59,"British Columbia","Colombie-Britannique","Female","Femme",3,"18 to 24 years","18 à 24 ans",77367,185531,0.4170039289
2011,"GE 41, 2011","ÉG 41, 2011",59,"British Columbia","Colombie-Britannique","Female","Femme",4,"25 to 34 years","25 à 34 ans",116773,269360,0.4335217555
2011,"GE 41, 2011","ÉG 41, 2011",59,"British Columbia","Colombie-Britannique","Female","Femme",5,"35 to 44 years","35 à 44 ans",159820,281916,0.5669072404
2011,"GE 41, 2011","ÉG 41, 2011",59,"British Columbia","Colombie-Britannique","Female","Femme",6,"45 to 54 years","45 à 54 ans",223269,334358,0.6677559461
2011,"GE 41, 2011","ÉG 41, 2011",59,"British Columbia","Colombie-Britannique","Female","Femme",7,"55 to 64 years","55 à 64 ans",193844,294527,0.6581532102
2011,"GE 41, 2011","ÉG 41, 2011",59,"British Columbia","Colombie-Britannique","Female","Femme",8,"65 to 74 years","65 à 74 ans",113957,177309,0.6427012973
2011,"GE 41, 2011","ÉG 41, 2011",59,"British Columbia","Colombie-Britannique","Female","Femme",9,"75 years and over","75 ans et plus",82144,166017,0.4947951144
2011,"GE 41, 2011","ÉG 41, 2011",59,"British Columbia","Colombie-Britannique","Female","Femme",10,"All ages","Tous les âges",967175,1709018,0.5659245699
2011,"GE 41, 2011","ÉG 41, 2011",59,"British Columbia","Colombie-Britannique","Male","Homme",1,"First time","1re fois",24234,69073,0.3508427148
2011,"GE 41, 2011","ÉG 41, 2011",59,"British Columbia","Colombie-Britannique","Male","Homme",2,"Not first time","2e fois ou plus",51402,128608,0.3996807816
2011,"GE 41, 2011","ÉG 41, 2011",59,"British Columbia","Colombie-Britannique","Male","Homme",3,"18 to 24 years","18 à 24 ans",75636,197681,0.3826159759
2011,"GE 41, 2011","ÉG 41, 2011",59,"British Columbia","Colombie-Britannique","Male","Homme",4,"25 to 34 years","25 à 34 ans",107320,267855,0.4006659983
2011,"GE 41, 2011","ÉG 41, 2011",59,"British Columbia","Colombie-Britannique","Male","Homme",5,"35 to 44 years","35 à 44 ans",143416,278837,0.5143361525
2011,"GE 41, 2011","ÉG 41, 2011",59,"British Columbia","Colombie-Britannique","Male","Homme",6,"45 to 54 years","45 à 54 ans",206731,326535,0.6331070916
2011,"GE 41, 2011","ÉG 41, 2011",59,"British Columbia","Colombie-Britannique","Male","Homme",7,"55 to 64 years","55 à 64 ans",187476,286909,0.6534332898
2011,"GE 41, 2011","ÉG 41, 2011",59,"British Columbia","Colombie-Britannique","Male","Homme",8,"65 to 74 years","65 à 74 ans",113506,170526,0.6656196477
2011,"GE 41, 2011","ÉG 41, 2011",59,"British Columbia","Colombie-Britannique","Male","Homme",9,"75 years and over","75 ans et plus",78044,123408,0.6324094216
2011,"GE 41, 2011","ÉG 41, 2011",59,"British Columbia","Colombie-Britannique","Male","Homme",10,"All ages","Tous les âges",912129,1651750,0.5522198055
2011,"GE 41, 2011","ÉG 41, 2011",60,"Yukon","Yukon","All genders","Tous les genres",1,"First time","1re fois",475,1186,0.4001737248
2011,"GE 41, 2011","ÉG 41, 2011",60,"Yukon","Yukon","All genders","Tous les genres",2,"Not first time","2e fois ou plus",823,2041,0.4032006284
2011,"GE 41, 2011","ÉG 41, 2011",60,"Yukon","Yukon","All genders","Tous les genres",3,"18 to 24 years","18 à 24 ans",1298,3227,0.4020883489
2011,"GE 41, 2011","ÉG 41, 2011",60,"Yukon","Yukon","All genders","Tous les genres",4,"25 to 34 years","25 à 34 ans",2357,4233,0.5568091354
2011,"GE 41, 2011","ÉG 41, 2011",60,"Yukon","Yukon","All genders","Tous les genres",5,"35 to 44 years","35 à 44 ans",2785,4624,0.6021536945
2011,"GE 41, 2011","ÉG 41, 2011",60,"Yukon","Yukon","All genders","Tous les genres",6,"45 to 54 years","45 à 54 ans",4092,5863,0.6978952967
2011,"GE 41, 2011","ÉG 41, 2011",60,"Yukon","Yukon","All genders","Tous les genres",7,"55 to 64 years","55 à 64 ans",3514,4912,0.7153218694
2011,"GE 41, 2011","ÉG 41, 2011",60,"Yukon","Yukon","All genders","Tous les genres",8,"65 to 74 years","65 à 74 ans",1520,2005,0.7580136576
2011,"GE 41, 2011","ÉG 41, 2011",60,"Yukon","Yukon","All genders","Tous les genres",9,"75 years and over","75 ans et plus",559,923,0.606248094
2011,"GE 41, 2011","ÉG 41, 2011",60,"Yukon","Yukon","All genders","Tous les genres",10,"All ages","Tous les âges",16124,25788,0.6252603415
2011,"GE 41, 2011","ÉG 41, 2011",60,"Yukon","Yukon","Female","Femme",1,"First time","1re fois",224,530,0.4234436066
2011,"GE 41, 2011","ÉG 41, 2011",60,"Yukon","Yukon","Female","Femme",2,"Not first time","2e fois ou plus",414,993,0.4166281235
2011,"GE 41, 2011","ÉG 41, 2011",60,"Yukon","Yukon","Female","Femme",3,"18 to 24 years","18 à 24 ans",638,1522,0.4189997938
2011,"GE 41, 2011","ÉG 41, 2011",60,"Yukon","Yukon","Female","Femme",4,"25 to 34 years","25 à 34 ans",1330,2128,0.6250743493
2011,"GE 41, 2011","ÉG 41, 2011",60,"Yukon","Yukon","Female","Femme",5,"35 to 44 years","35 à 44 ans",1499,2394,0.6262920412
2011,"GE 41, 2011","ÉG 41, 2011",60,"Yukon","Yukon","Female","Femme",6,"45 to 54 years","45 à 54 ans",2259,2882,0.7837017192
2011,"GE 41, 2011","ÉG 41, 2011",60,"Yukon","Yukon","Female","Femme",7,"55 to 64 years","55 à 64 ans",1632,2305,0.7082811046
2011,"GE 41, 2011","ÉG 41, 2011",60,"Yukon","Yukon","Female","Femme",8,"65 to 74 years","65 à 74 ans",636,903,0.7046966435
2011,"GE 41, 2011","ÉG 41, 2011",60,"Yukon","Yukon","Female","Femme",9,"75 years and over","75 ans et plus",282,489,0.5757724125
2011,"GE 41, 2011","ÉG 41, 2011",60,"Yukon","Yukon","Female","Femme",10,"All ages","Tous les âges",8276,12623,0.6556477368
2011,"GE 41, 2011","ÉG 41, 2011",60,"Yukon","Yukon","Male","Homme",1,"First time","1re fois",250,656,0.3813911823
2011,"GE 41, 2011","ÉG 41, 2011",60,"Yukon","Yukon","Male","Homme",2,"Not first time","2e fois ou plus",410,1049,0.3904955493
2011,"GE 41, 2011","ÉG 41, 2011",60,"Yukon","Yukon","Male","Homme",3,"18 to 24 years","18 à 24 ans",660,1705,0.3869916828
2011,"GE 41, 2011","ÉG 41, 2011",60,"Yukon","Yukon","Male","Homme",4,"25 to 34 years","25 à 34 ans",1027,2105,0.4877797586
2011,"GE 41, 2011","ÉG 41, 2011",60,"Yukon","Yukon","Male","Homme",5,"35 to 44 years","35 à 44 ans",1285,2231,0.5762510505
2011,"GE 41, 2011","ÉG 41, 2011",60,"Yukon","Yukon","Male","Homme",6,"45 to 54 years","45 à 54 ans",1833,2981,0.6149359076
2011,"GE 41, 2011","ÉG 41, 2011",60,"Yukon","Yukon","Male","Homme",7,"55 to 64 years","55 à 64 ans",1881,2607,0.7215456861
2011,"GE 41, 2011","ÉG 41, 2011",60,"Yukon","Yukon","Male","Homme",8,"65 to 74 years","65 à 74 ans",884,1102,0.8016887874
2011,"GE 41, 2011","ÉG 41, 2011",60,"Yukon","Yukon","Male","Homme",9,"75 years and over","75 ans et plus",278,433,0.6406807546
2011,"GE 41, 2011","ÉG 41, 2011",60,"Yukon","Yukon","Male","Homme",10,"All ages","Tous les âges",7848,13164,0.5961214685
2011,"GE 41, 2011","ÉG 41, 2011",61,"Northwest Territories","Territoires du Nord-Ouest","All genders","Tous les genres",1,"First time","1re fois",507,1916,0.264633995
2011,"GE 41, 2011","ÉG 41, 2011",61,"Northwest Territories","Territoires du Nord-Ouest","All genders","Tous les genres",2,"Not first time","2e fois ou plus",847,3466,0.2443606019
2011,"GE 41, 2011","ÉG 41, 2011",61,"Northwest Territories","Territoires du Nord-Ouest","All genders","Tous les genres",3,"18 to 24 years","18 à 24 ans",1354,5382,0.2515779192
2011,"GE 41, 2011","ÉG 41, 2011",61,"Northwest Territories","Territoires du Nord-Ouest","All genders","Tous les genres",4,"25 to 34 years","25 à 34 ans",2866,6969,0.4111743188
2011,"GE 41, 2011","ÉG 41, 2011",61,"Northwest Territories","Territoires du Nord-Ouest","All genders","Tous les genres",5,"35 to 44 years","35 à 44 ans",3183,6879,0.4626567781
2011,"GE 41, 2011","ÉG 41, 2011",61,"Northwest Territories","Territoires du Nord-Ouest","All genders","Tous les genres",6,"45 to 54 years","45 à 54 ans",4078,6609,0.616949794
2011,"GE 41, 2011","ÉG 41, 2011",61,"Northwest Territories","Territoires du Nord-Ouest","All genders","Tous les genres",7,"55 to 64 years","55 à 64 ans",2814,4546,0.6190598411
2011,"GE 41, 2011","ÉG 41, 2011",61,"Northwest Territories","Territoires du Nord-Ouest","All genders","Tous les genres",8,"65 to 74 years","65 à 74 ans",994,1792,0.5549838886
2011,"GE 41, 2011","ÉG 41, 2011",61,"Northwest Territories","Territoires du Nord-Ouest","All genders","Tous les genres",9,"75 years and over","75 ans et plus",366,865,0.4238468973
2011,"GE 41, 2011","ÉG 41, 2011",61,"Northwest Territories","Territoires du Nord-Ouest","All genders","Tous les genres",10,"All ages","Tous les âges",15655,33042,0.4737863181
2011,"GE 41, 2011","ÉG 41, 2011",61,"Northwest Territories","Territoires du Nord-Ouest","Female","Femme",1,"First time","1re fois",249,913,0.272545391
2011,"GE 41, 2011","ÉG 41, 2011",61,"Northwest Territories","Territoires du Nord-Ouest","Female","Femme",2,"Not first time","2e fois ou plus",472,1685,0.2800049543
2011,"GE 41, 2011","ÉG 41, 2011",61,"Northwest Territories","Territoires du Nord-Ouest","Female","Femme",3,"18 to 24 years","18 à 24 ans",721,2598,0.2773836539
2011,"GE 41, 2011","ÉG 41, 2011",61,"Northwest Territories","Territoires du Nord-Ouest","Female","Femme",4,"25 to 34 years","25 à 34 ans",1517,3456,0.438786409
2011,"GE 41, 2011","ÉG 41, 2011",61,"Northwest Territories","Territoires du Nord-Ouest","Female","Femme",5,"35 to 44 years","35 à 44 ans",1684,3243,0.5191561758
2011,"GE 41, 2011","ÉG 41, 2011",61,"Northwest Territories","Territoires du Nord-Ouest","Female","Femme",6,"45 to 54 years","45 à 54 ans",2039,3212,0.6347842469
2011,"GE 41, 2011","ÉG 41, 2011",61,"Northwest Territories","Territoires du Nord-Ouest","Female","Femme",7,"55 to 64 years","55 à 64 ans",1291,1986,0.6500149819
2011,"GE 41, 2011","ÉG 41, 2011",61,"Northwest Territories","Territoires du Nord-Ouest","Female","Femme",8,"65 to 74 years","65 à 74 ans",441,832,0.529526145
2011,"GE 41, 2011","ÉG 41, 2011",61,"Northwest Territories","Territoires du Nord-Ouest","Female","Femme",9,"75 years and over","75 ans et plus",160,457,0.3501798909
2011,"GE 41, 2011","ÉG 41, 2011",61,"Northwest Territories","Territoires du Nord-Ouest","Female","Femme",10,"All ages","Tous les âges",7852,15785,0.4974163488
2011,"GE 41, 2011","ÉG 41, 2011",61,"Northwest Territories","Territoires du Nord-Ouest","Male","Homme",1,"First time","1re fois",258,1003,0.2574328073
2011,"GE 41, 2011","ÉG 41, 2011",61,"Northwest Territories","Territoires du Nord-Ouest","Male","Homme",2,"Not first time","2e fois ou plus",375,1781,0.2106330461
2011,"GE 41, 2011","ÉG 41, 2011",61,"Northwest Territories","Territoires du Nord-Ouest","Male","Homme",3,"18 to 24 years","18 à 24 ans",633,2784,0.2274945663
2011,"GE 41, 2011","ÉG 41, 2011",61,"Northwest Territories","Territoires du Nord-Ouest","Male","Homme",4,"25 to 34 years","25 à 34 ans",1349,3513,0.384009388
2011,"GE 41, 2011","ÉG 41, 2011",61,"Northwest Territories","Territoires du Nord-Ouest","Male","Homme",5,"35 to 44 years","35 à 44 ans",1499,3636,0.4122636676
2011,"GE 41, 2011","ÉG 41, 2011",61,"Northwest Territories","Territoires du Nord-Ouest","Male","Homme",6,"45 to 54 years","45 à 54 ans",2039,3397,0.6000869897
2011,"GE 41, 2011","ÉG 41, 2011",61,"Northwest Territories","Territoires du Nord-Ouest","Male","Homme",7,"55 to 64 years","55 à 64 ans",1523,2560,0.5950367396
2011,"GE 41, 2011","ÉG 41, 2011",61,"Northwest Territories","Territoires du Nord-Ouest","Male","Homme",8,"65 to 74 years","65 à 74 ans",554,959,0.5770665526
2011,"GE 41, 2011","ÉG 41, 2011",61,"Northwest Territories","Territoires du Nord-Ouest","Male","Homme",9,"75 years and over","75 ans et plus",206,408,0.5063539446
2011,"GE 41, 2011","ÉG 41, 2011",61,"Northwest Territories","Territoires du Nord-Ouest","Male","Homme",10,"All ages","Tous les âges",7803,17257,0.4521721492
2011,"GE 41, 2011","ÉG 41, 2011",62,"Nunavut","Nunavut","All genders","Tous les genres",1,"First time","1re fois",130,1596,0.0817056278
2011,"GE 41, 2011","ÉG 41, 2011",62,"Nunavut","Nunavut","All genders","Tous les genres",2,"Not first time","2e fois ou plus",509,2780,0.1830868479
2011,"GE 41, 2011","ÉG 41, 2011",62,"Nunavut","Nunavut","All genders","Tous les genres",3,"18 to 24 years","18 à 24 ans",639,4376,0.1461124934
2011,"GE 41, 2011","ÉG 41, 2011",62,"Nunavut","Nunavut","All genders","Tous les genres",4,"25 to 34 years","25 à 34 ans",1769,4843,0.3652630382
2011,"GE 41, 2011","ÉG 41, 2011",62,"Nunavut","Nunavut","All genders","Tous les genres",5,"35 to 44 years","35 à 44 ans",1849,4335,0.4265717593
2011,"GE 41, 2011","ÉG 41, 2011",62,"Nunavut","Nunavut","All genders","Tous les genres",6,"45 to 54 years","45 à 54 ans",1713,3348,0.5116667519
2011,"GE 41, 2011","ÉG 41, 2011",62,"Nunavut","Nunavut","All genders","Tous les genres",7,"55 to 64 years","55 à 64 ans",1269,2175,0.5834014694
2011,"GE 41, 2011","ÉG 41, 2011",62,"Nunavut","Nunavut","All genders","Tous les genres",8,"65 to 74 years","65 à 74 ans",512,765,0.6685646217
2011,"GE 41, 2011","ÉG 41, 2011",62,"Nunavut","Nunavut","All genders","Tous les genres",9,"75 years and over","75 ans et plus",180,266,0.6757640952
2011,"GE 41, 2011","ÉG 41, 2011",62,"Nunavut","Nunavut","All genders","Tous les genres",10,"All ages","Tous les âges",7931,20109,0.3944051933
2011,"GE 41, 2011","ÉG 41, 2011",62,"Nunavut","Nunavut","Female","Femme",1,"First time","1re fois",65,751,0.0871123285
2011,"GE 41, 2011","ÉG 41, 2011",62,"Nunavut","Nunavut","Female","Femme",2,"Not first time","2e fois ou plus",294,1352,0.2175674526
2011,"GE 41, 2011","ÉG 41, 2011",62,"Nunavut","Nunavut","Female","Femme",3,"18 to 24 years","18 à 24 ans",360,2103,0.1709643248
2011,"GE 41, 2011","ÉG 41, 2011",62,"Nunavut","Nunavut","Female","Femme",4,"25 to 34 years","25 à 34 ans",1009,2423,0.4165170464
2011,"GE 41, 2011","ÉG 41, 2011",62,"Nunavut","Nunavut","Female","Femme",5,"35 to 44 years","35 à 44 ans",921,2138,0.430846741
2011,"GE 41, 2011","ÉG 41, 2011",62,"Nunavut","Nunavut","Female","Femme",6,"45 to 54 years","45 à 54 ans",795,1556,0.5107737872
2011,"GE 41, 2011","ÉG 41, 2011",62,"Nunavut","Nunavut","Female","Femme",7,"55 to 64 years","55 à 64 ans",580,1008,0.5750605605
2011,"GE 41, 2011","ÉG 41, 2011",62,"Nunavut","Nunavut","Female","Femme",8,"65 to 74 years","65 à 74 ans",231,360,0.6425395539
2011,"GE 41, 2011","ÉG 41, 2011",62,"Nunavut","Nunavut","Female","Femme",9,"75 years and over","75 ans et plus",95,124,0.7636649655
2011,"GE 41, 2011","ÉG 41, 2011",62,"Nunavut","Nunavut","Female","Femme",10,"All ages","Tous les âges",3991,9713,0.4108933386
2011,"GE 41, 2011","ÉG 41, 2011",62,"Nunavut","Nunavut","Male","Homme",1,"First time","1re fois",65,845,0.076897767
2011,"GE 41, 2011","ÉG 41, 2011",62,"Nunavut","Nunavut","Male","Homme",2,"Not first time","2e fois ou plus",215,1429,0.1504607945
2011,"GE 41, 2011","ÉG 41, 2011",62,"Nunavut","Nunavut","Male","Homme",3,"18 to 24 years","18 à 24 ans",280,2273,0.1231234978
2011,"GE 41, 2011","ÉG 41, 2011",62,"Nunavut","Nunavut","Male","Homme",4,"25 to 34 years","25 à 34 ans",760,2421,0.3139687992
2011,"GE 41, 2011","ÉG 41, 2011",62,"Nunavut","Nunavut","Male","Homme",5,"35 to 44 years","35 à 44 ans",928,2197,0.4224110311
2011,"GE 41, 2011","ÉG 41, 2011",62,"Nunavut","Nunavut","Male","Homme",6,"45 to 54 years","45 à 54 ans",918,1792,0.5124421671
2011,"GE 41, 2011","ÉG 41, 2011",62,"Nunavut","Nunavut","Male","Homme",7,"55 to 64 years","55 à 64 ans",689,1167,0.5906092416
2011,"GE 41, 2011","ÉG 41, 2011",62,"Nunavut","Nunavut","Male","Homme",8,"65 to 74 years","65 à 74 ans",280,405,0.6916980153
2011,"GE 41, 2011","ÉG 41, 2011",62,"Nunavut","Nunavut","Male","Homme",9,"75 years and over","75 ans et plus",85,141,0.5984113293
2011,"GE 41, 2011","ÉG 41, 2011",62,"Nunavut","Nunavut","Male","Homme",10,"All ages","Tous les âges",3940,10396,0.3790012689
2011,"GE 41, 2011","ÉG 41, 2011",99,"Canada","Canada","All genders","Tous les genres",1,"First time","1re fois",432750,1067382,0.4054311499
2011,"GE 41, 2011","ÉG 41, 2011",99,"Canada","Canada","All genders","Tous les genres",2,"Not first time","2e fois ou plus",721652,1907207,0.3783813269
2011,"GE 41, 2011","ÉG 41, 2011",99,"Canada","Canada","All genders","Tous les genres",3,"18 to 24 years","18 à 24 ans",1154402,2974589,0.388087708
2011,"GE 41, 2011","ÉG 41, 2011",99,"Canada","Canada","All genders","Tous les genres",4,"25 to 34 years","25 à 34 ans",1882577,4173773,0.4510492842
2011,"GE 41, 2011","ÉG 41, 2011",99,"Canada","Canada","All genders","Tous les genres",5,"35 to 44 years","35 à 44 ans",2320453,4258295,0.5449255024
2011,"GE 41, 2011","ÉG 41, 2011",99,"Canada","Canada","All genders","Tous les genres",6,"45 to 54 years","45 à 54 ans",3271283,5068856,0.6453691868
2011,"GE 41, 2011","ÉG 41, 2011",99,"Canada","Canada","All genders","Tous les genres",7,"55 to 64 years","55 à 64 ans",3020012,4225526,0.7147067395
2011,"GE 41, 2011","ÉG 41, 2011",99,"Canada","Canada","All genders","Tous les genres",8,"65 to 74 years","65 à 74 ans",1912943,2545847,0.751397724
2011,"GE 41, 2011","ÉG 41, 2011",99,"Canada","Canada","All genders","Tous les genres",9,"75 years and over","75 ans et plus",1261737,2090850,0.6034565458
2011,"GE 41, 2011","ÉG 41, 2011",99,"Canada","Canada","All genders","Tous les genres",10,"All ages","Tous les âges",14823408,25337735,0.5850328673
2011,"GE 41, 2011","ÉG 41, 2011",99,"Canada","Canada","Female","Femme",1,"First time","1re fois",221944,519002,0.4276353713
2011,"GE 41, 2011","ÉG 41, 2011",99,"Canada","Canada","Female","Femme",2,"Not first time","2e fois ou plus",368939,927219,0.397898463
2011,"GE 41, 2011","ÉG 41, 2011",99,"Canada","Canada","Female","Femme",3,"18 to 24 years","18 à 24 ans",590882,1446221,0.408570078
2011,"GE 41, 2011","ÉG 41, 2011",99,"Canada","Canada","Female","Femme",4,"25 to 34 years","25 à 34 ans",988080,2070917,0.4771219486
2011,"GE 41, 2011","ÉG 41, 2011",99,"Canada","Canada","Female","Femme",5,"35 to 44 years","35 à 44 ans",1213532,2109775,0.5751951292
2011,"GE 41, 2011","ÉG 41, 2011",99,"Canada","Canada","Female","Femme",6,"45 to 54 years","45 à 54 ans",1693512,2529689,0.6694543039
2011,"GE 41, 2011","ÉG 41, 2011",99,"Canada","Canada","Female","Femme",7,"55 to 64 years","55 à 64 ans",1546508,2142330,0.7218813585
2011,"GE 41, 2011","ÉG 41, 2011",99,"Canada","Canada","Female","Femme",8,"65 to 74 years","65 à 74 ans",967410,1324215,0.7305537832
2011,"GE 41, 2011","ÉG 41, 2011",99,"Canada","Canada","Female","Femme",9,"75 years and over","75 ans et plus",675208,1246352,0.5417479683
2011,"GE 41, 2011","ÉG 41, 2011",99,"Canada","Canada","Female","Femme",10,"All ages","Tous les âges",7675132,12869497,0.5963816601
2011,"GE 41, 2011","ÉG 41, 2011",99,"Canada","Canada","Male","Homme",1,"First time","1re fois",210806,548380,0.38441648
2011,"GE 41, 2011","ÉG 41, 2011",99,"Canada","Canada","Male","Homme",2,"Not first time","2e fois ou plus",352713,979988,0.3599151341
2011,"GE 41, 2011","ÉG 41, 2011",99,"Canada","Canada","Male","Homme",3,"18 to 24 years","18 à 24 ans",563519,1528369,0.3687062428
2011,"GE 41, 2011","ÉG 41, 2011",99,"Canada","Canada","Male","Homme",4,"25 to 34 years","25 à 34 ans",894498,2102857,0.425372633
2011,"GE 41, 2011","ÉG 41, 2011",99,"Canada","Canada","Male","Homme",5,"35 to 44 years","35 à 44 ans",1106921,2148519,0.5152017276
2011,"GE 41, 2011","ÉG 41, 2011",99,"Canada","Canada","Male","Homme",6,"45 to 54 years","45 à 54 ans",1577772,2539166,0.6213739623
2011,"GE 41, 2011","ÉG 41, 2011",99,"Canada","Canada","Male","Homme",7,"55 to 64 years","55 à 64 ans",1473504,2083196,0.7073284636
2011,"GE 41, 2011","ÉG 41, 2011",99,"Canada","Canada","Male","Homme",8,"65 to 74 years","65 à 74 ans",945533,1221632,0.773991963
2011,"GE 41, 2011","ÉG 41, 2011",99,"Canada","Canada","Male","Homme",9,"75 years and over","75 ans et plus",586529,844498,0.6945290554
2011,"GE 41, 2011","ÉG 41, 2011",99,"Canada","Canada","Male","Homme",10,"All ages","Tous les âges",7148276,12468238,0.5733188416
2015,"GE 42, 2015","ÉG 42, 2015",10,"Newfoundland and Labrador","Terre-Neuve-et-Labrador","All genders","Tous les genres",1,"First time","1re fois",11969,24668,0.485188109
2015,"GE 42, 2015","ÉG 42, 2015",10,"Newfoundland and Labrador","Terre-Neuve-et-Labrador","All genders","Tous les genres",2,"Not first time","2e fois ou plus",6672,14601,0.456960024
2015,"GE 42, 2015","ÉG 42, 2015",10,"Newfoundland and Labrador","Terre-Neuve-et-Labrador","All genders","Tous les genres",3,"18 to 24 years","18 à 24 ans",18641,39269,0.47469233
2015,"GE 42, 2015","ÉG 42, 2015",10,"Newfoundland and Labrador","Terre-Neuve-et-Labrador","All genders","Tous les genres",4,"25 to 34 years","25 à 34 ans",28731,60501,0.474877625
2015,"GE 42, 2015","ÉG 42, 2015",10,"Newfoundland and Labrador","Terre-Neuve-et-Labrador","All genders","Tous les genres",5,"35 to 44 years","35 à 44 ans",34279,65722,0.521574062
2015,"GE 42, 2015","ÉG 42, 2015",10,"Newfoundland and Labrador","Terre-Neuve-et-Labrador","All genders","Tous les genres",6,"45 to 54 years","45 à 54 ans",51974,82352,0.631113501
2015,"GE 42, 2015","ÉG 42, 2015",10,"Newfoundland and Labrador","Terre-Neuve-et-Labrador","All genders","Tous les genres",7,"55 to 64 years","55 à 64 ans",58015,84107,0.689768066
2015,"GE 42, 2015","ÉG 42, 2015",10,"Newfoundland and Labrador","Terre-Neuve-et-Labrador","All genders","Tous les genres",8,"65 to 74 years","65 à 74 ans",43890,60494,0.725525829
2015,"GE 42, 2015","ÉG 42, 2015",10,"Newfoundland and Labrador","Terre-Neuve-et-Labrador","All genders","Tous les genres",9,"75 years and over","75 ans et plus",21861,37158,0.588317326
2015,"GE 42, 2015","ÉG 42, 2015",10,"Newfoundland and Labrador","Terre-Neuve-et-Labrador","All genders","Tous les genres",10,"All ages","Tous les âges",257389,429604,0.5991312208
2015,"GE 42, 2015","ÉG 42, 2015",10,"Newfoundland and Labrador","Terre-Neuve-et-Labrador","Female","Femme",1,"First time","1re fois",5746,11951,0.480767307
2015,"GE 42, 2015","ÉG 42, 2015",10,"Newfoundland and Labrador","Terre-Neuve-et-Labrador","Female","Femme",2,"Not first time","2e fois ou plus",3390,7227,0.469055179
2015,"GE 42, 2015","ÉG 42, 2015",10,"Newfoundland and Labrador","Terre-Neuve-et-Labrador","Female","Femme",3,"18 to 24 years","18 à 24 ans",9135,19178,0.476353862
2015,"GE 42, 2015","ÉG 42, 2015",10,"Newfoundland and Labrador","Terre-Neuve-et-Labrador","Female","Femme",4,"25 to 34 years","25 à 34 ans",16274,30082,0.540977512
2015,"GE 42, 2015","ÉG 42, 2015",10,"Newfoundland and Labrador","Terre-Neuve-et-Labrador","Female","Femme",5,"35 to 44 years","35 à 44 ans",18848,34027,0.553894146
2015,"GE 42, 2015","ÉG 42, 2015",10,"Newfoundland and Labrador","Terre-Neuve-et-Labrador","Female","Femme",6,"45 to 54 years","45 à 54 ans",28048,41492,0.675990319
2015,"GE 42, 2015","ÉG 42, 2015",10,"Newfoundland and Labrador","Terre-Neuve-et-Labrador","Female","Femme",7,"55 to 64 years","55 à 64 ans",30636,42488,0.721050193
2015,"GE 42, 2015","ÉG 42, 2015",10,"Newfoundland and Labrador","Terre-Neuve-et-Labrador","Female","Femme",8,"65 to 74 years","65 à 74 ans",23245,30915,0.751898785
2015,"GE 42, 2015","ÉG 42, 2015",10,"Newfoundland and Labrador","Terre-Neuve-et-Labrador","Female","Femme",9,"75 years and over","75 ans et plus",10680,21507,0.496588436
2015,"GE 42, 2015","ÉG 42, 2015",10,"Newfoundland and Labrador","Terre-Neuve-et-Labrador","Female","Femme",10,"All ages","Tous les âges",136866,219689,0.6229980035
2015,"GE 42, 2015","ÉG 42, 2015",10,"Newfoundland and Labrador","Terre-Neuve-et-Labrador","Male","Homme",1,"First time","1re fois",6223,12717,0.489342738
2015,"GE 42, 2015","ÉG 42, 2015",10,"Newfoundland and Labrador","Terre-Neuve-et-Labrador","Male","Homme",2,"Not first time","2e fois ou plus",3282,7374,0.445106816
2015,"GE 42, 2015","ÉG 42, 2015",10,"Newfoundland and Labrador","Terre-Neuve-et-Labrador","Male","Homme",3,"18 to 24 years","18 à 24 ans",9505,20091,0.473106318
2015,"GE 42, 2015","ÉG 42, 2015",10,"Newfoundland and Labrador","Terre-Neuve-et-Labrador","Male","Homme",4,"25 to 34 years","25 à 34 ans",12457,30419,0.409510033
2015,"GE 42, 2015","ÉG 42, 2015",10,"Newfoundland and Labrador","Terre-Neuve-et-Labrador","Male","Homme",5,"35 to 44 years","35 à 44 ans",15431,31694,0.486875001
2015,"GE 42, 2015","ÉG 42, 2015",10,"Newfoundland and Labrador","Terre-Neuve-et-Labrador","Male","Homme",6,"45 to 54 years","45 à 54 ans",23926,40861,0.585543529
2015,"GE 42, 2015","ÉG 42, 2015",10,"Newfoundland and Labrador","Terre-Neuve-et-Labrador","Male","Homme",7,"55 to 64 years","55 à 64 ans",27379,41619,0.657832949
2015,"GE 42, 2015","ÉG 42, 2015",10,"Newfoundland and Labrador","Terre-Neuve-et-Labrador","Male","Homme",8,"65 to 74 years","65 à 74 ans",20645,29579,0.697961426
2015,"GE 42, 2015","ÉG 42, 2015",10,"Newfoundland and Labrador","Terre-Neuve-et-Labrador","Male","Homme",9,"75 years and over","75 ans et plus",11181,15651,0.714362186
2015,"GE 42, 2015","ÉG 42, 2015",10,"Newfoundland and Labrador","Terre-Neuve-et-Labrador","Male","Homme",10,"All ages","Tous les âges",120523,209915,0.5741531406
2015,"GE 42, 2015","ÉG 42, 2015",11,"Prince Edward Island","Île-du-Prince-Édouard","All genders","Tous les genres",1,"First time","1re fois",3817,7371,0.517897774
2015,"GE 42, 2015","ÉG 42, 2015",11,"Prince Edward Island","Île-du-Prince-Édouard","All genders","Tous les genres",2,"Not first time","2e fois ou plus",2607,4309,0.604909655
2015,"GE 42, 2015","ÉG 42, 2015",11,"Prince Edward Island","Île-du-Prince-Édouard","All genders","Tous les genres",3,"18 to 24 years","18 à 24 ans",6424,11680,0.550001429
2015,"GE 42, 2015","ÉG 42, 2015",11,"Prince Edward Island","Île-du-Prince-Édouard","All genders","Tous les genres",4,"25 to 34 years","25 à 34 ans",10580,15029,0.703961262
2015,"GE 42, 2015","ÉG 42, 2015",11,"Prince Edward Island","Île-du-Prince-Édouard","All genders","Tous les genres",5,"35 to 44 years","35 à 44 ans",11496,15859,0.724879699
2015,"GE 42, 2015","ÉG 42, 2015",11,"Prince Edward Island","Île-du-Prince-Édouard","All genders","Tous les genres",6,"45 to 54 years","45 à 54 ans",15631,20014,0.78099303
2015,"GE 42, 2015","ÉG 42, 2015",11,"Prince Edward Island","Île-du-Prince-Édouard","All genders","Tous les genres",7,"55 to 64 years","55 à 64 ans",17944,20650,0.868949358
2015,"GE 42, 2015","ÉG 42, 2015",11,"Prince Edward Island","Île-du-Prince-Édouard","All genders","Tous les genres",8,"65 to 74 years","65 à 74 ans",15020,15647,0.959869361
2015,"GE 42, 2015","ÉG 42, 2015",11,"Prince Edward Island","Île-du-Prince-Édouard","All genders","Tous les genres",9,"75 years and over","75 ans et plus",10774,11019,0.977781329
2015,"GE 42, 2015","ÉG 42, 2015",11,"Prince Edward Island","Île-du-Prince-Édouard","All genders","Tous les genres",10,"All ages","Tous les âges",87868,109898,0.7995387629
2015,"GE 42, 2015","ÉG 42, 2015",11,"Prince Edward Island","Île-du-Prince-Édouard","Female","Femme",1,"First time","1re fois",2382,3485,0.683462454
2015,"GE 42, 2015","ÉG 42, 2015",11,"Prince Edward Island","Île-du-Prince-Édouard","Female","Femme",2,"Not first time","2e fois ou plus",1453,2163,0.671611231
2015,"GE 42, 2015","ÉG 42, 2015",11,"Prince Edward Island","Île-du-Prince-Édouard","Female","Femme",3,"18 to 24 years","18 à 24 ans",3835,5649,0.678923463
2015,"GE 42, 2015","ÉG 42, 2015",11,"Prince Edward Island","Île-du-Prince-Édouard","Female","Femme",4,"25 to 34 years","25 à 34 ans",6330,7790,0.812605518
2015,"GE 42, 2015","ÉG 42, 2015",11,"Prince Edward Island","Île-du-Prince-Édouard","Female","Femme",5,"35 to 44 years","35 à 44 ans",5700,8218,0.693544642
2015,"GE 42, 2015","ÉG 42, 2015",11,"Prince Edward Island","Île-du-Prince-Édouard","Female","Femme",6,"45 to 54 years","45 à 54 ans",7402,10084,0.734054992
2015,"GE 42, 2015","ÉG 42, 2015",11,"Prince Edward Island","Île-du-Prince-Édouard","Female","Femme",7,"55 to 64 years","55 à 64 ans",10162,10701,0.949629874
2015,"GE 42, 2015","ÉG 42, 2015",11,"Prince Edward Island","Île-du-Prince-Édouard","Female","Femme",8,"65 to 74 years","65 à 74 ans",7516,8068,0.931564719
2015,"GE 42, 2015","ÉG 42, 2015",11,"Prince Edward Island","Île-du-Prince-Édouard","Female","Femme",9,"75 years and over","75 ans et plus",6446,6511,0.99
2015,"GE 42, 2015","ÉG 42, 2015",11,"Prince Edward Island","Île-du-Prince-Édouard","Female","Femme",10,"All ages","Tous les âges",47391,57021,0.8311152961
2015,"GE 42, 2015","ÉG 42, 2015",11,"Prince Edward Island","Île-du-Prince-Édouard","Male","Homme",1,"First time","1re fois",1435,3885,0.369384649
2015,"GE 42, 2015","ÉG 42, 2015",11,"Prince Edward Island","Île-du-Prince-Édouard","Male","Homme",2,"Not first time","2e fois ou plus",1154,2146,0.537667291
2015,"GE 42, 2015","ÉG 42, 2015",11,"Prince Edward Island","Île-du-Prince-Édouard","Male","Homme",3,"18 to 24 years","18 à 24 ans",2589,6031,0.429260893
2015,"GE 42, 2015","ÉG 42, 2015",11,"Prince Edward Island","Île-du-Prince-Édouard","Male","Homme",4,"25 to 34 years","25 à 34 ans",4250,7239,0.587045771
2015,"GE 42, 2015","ÉG 42, 2015",11,"Prince Edward Island","Île-du-Prince-Édouard","Male","Homme",5,"35 to 44 years","35 à 44 ans",5796,7641,0.758582355
2015,"GE 42, 2015","ÉG 42, 2015",11,"Prince Edward Island","Île-du-Prince-Édouard","Male","Homme",6,"45 to 54 years","45 à 54 ans",8228,9930,0.828660831
2015,"GE 42, 2015","ÉG 42, 2015",11,"Prince Edward Island","Île-du-Prince-Édouard","Male","Homme",7,"55 to 64 years","55 à 64 ans",7783,9950,0.7821806
2015,"GE 42, 2015","ÉG 42, 2015",11,"Prince Edward Island","Île-du-Prince-Édouard","Male","Homme",8,"65 to 74 years","65 à 74 ans",7503,7579,0.99
2015,"GE 42, 2015","ÉG 42, 2015",11,"Prince Edward Island","Île-du-Prince-Édouard","Male","Homme",9,"75 years and over","75 ans et plus",4328,4508,0.960131352
2015,"GE 42, 2015","ÉG 42, 2015",11,"Prince Edward Island","Île-du-Prince-Édouard","Male","Homme",10,"All ages","Tous les âges",40477,52877,0.7654878562
2015,"GE 42, 2015","ÉG 42, 2015",12,"Nova Scotia","Nouvelle-Écosse","All genders","Tous les genres",1,"First time","1re fois",29374,45553,0.644824887
2015,"GE 42, 2015","ÉG 42, 2015",12,"Nova Scotia","Nouvelle-Écosse","All genders","Tous les genres",2,"Not first time","2e fois ou plus",16166,29019,0.557099631
2015,"GE 42, 2015","ÉG 42, 2015",12,"Nova Scotia","Nouvelle-Écosse","All genders","Tous les genres",3,"18 to 24 years","18 à 24 ans",45540,74572,0.610687894
2015,"GE 42, 2015","ÉG 42, 2015",12,"Nova Scotia","Nouvelle-Écosse","All genders","Tous les genres",4,"25 to 34 years","25 à 34 ans",63311,106254,0.595845689
2015,"GE 42, 2015","ÉG 42, 2015",12,"Nova Scotia","Nouvelle-Écosse","All genders","Tous les genres",5,"35 to 44 years","35 à 44 ans",71570,108355,0.660507906
2015,"GE 42, 2015","ÉG 42, 2015",12,"Nova Scotia","Nouvelle-Écosse","All genders","Tous les genres",6,"45 to 54 years","45 à 54 ans",96410,138428,0.696458919
2015,"GE 42, 2015","ÉG 42, 2015",12,"Nova Scotia","Nouvelle-Écosse","All genders","Tous les genres",7,"55 to 64 years","55 à 64 ans",113315,141632,0.800065171
2015,"GE 42, 2015","ÉG 42, 2015",12,"Nova Scotia","Nouvelle-Écosse","All genders","Tous les genres",8,"65 to 74 years","65 à 74 ans",84870,103085,0.823302219
2015,"GE 42, 2015","ÉG 42, 2015",12,"Nova Scotia","Nouvelle-Écosse","All genders","Tous les genres",9,"75 years and over","75 ans et plus",51054,73265,0.696834496
2015,"GE 42, 2015","ÉG 42, 2015",12,"Nova Scotia","Nouvelle-Écosse","All genders","Tous les genres",10,"All ages","Tous les âges",526069,745592,0.7055725066
2015,"GE 42, 2015","ÉG 42, 2015",12,"Nova Scotia","Nouvelle-Écosse","Female","Femme",1,"First time","1re fois",15006,22236,0.674849316
2015,"GE 42, 2015","ÉG 42, 2015",12,"Nova Scotia","Nouvelle-Écosse","Female","Femme",2,"Not first time","2e fois ou plus",8938,14023,0.637367638
2015,"GE 42, 2015","ÉG 42, 2015",12,"Nova Scotia","Nouvelle-Écosse","Female","Femme",3,"18 to 24 years","18 à 24 ans",23944,36259,0.660353316
2015,"GE 42, 2015","ÉG 42, 2015",12,"Nova Scotia","Nouvelle-Écosse","Female","Femme",4,"25 to 34 years","25 à 34 ans",34893,52574,0.663695304
2015,"GE 42, 2015","ÉG 42, 2015",12,"Nova Scotia","Nouvelle-Écosse","Female","Femme",5,"35 to 44 years","35 à 44 ans",39464,55608,0.709672911
2015,"GE 42, 2015","ÉG 42, 2015",12,"Nova Scotia","Nouvelle-Écosse","Female","Femme",6,"45 to 54 years","45 à 54 ans",50681,70702,0.716828858
2015,"GE 42, 2015","ÉG 42, 2015",12,"Nova Scotia","Nouvelle-Écosse","Female","Femme",7,"55 to 64 years","55 à 64 ans",60267,72955,0.826082035
2015,"GE 42, 2015","ÉG 42, 2015",12,"Nova Scotia","Nouvelle-Écosse","Female","Femme",8,"65 to 74 years","65 à 74 ans",44397,53288,0.833157822
2015,"GE 42, 2015","ÉG 42, 2015",12,"Nova Scotia","Nouvelle-Écosse","Female","Femme",9,"75 years and over","75 ans et plus",28009,43548,0.643162807
2015,"GE 42, 2015","ÉG 42, 2015",12,"Nova Scotia","Nouvelle-Écosse","Female","Femme",10,"All ages","Tous les âges",281655,384935,0.7316945871
2015,"GE 42, 2015","ÉG 42, 2015",12,"Nova Scotia","Nouvelle-Écosse","Male","Homme",1,"First time","1re fois",14368,23317,0.616192823
2015,"GE 42, 2015","ÉG 42, 2015",12,"Nova Scotia","Nouvelle-Écosse","Male","Homme",2,"Not first time","2e fois ou plus",7228,14995,0.482035258
2015,"GE 42, 2015","ÉG 42, 2015",12,"Nova Scotia","Nouvelle-Écosse","Male","Homme",3,"18 to 24 years","18 à 24 ans",21596,38313,0.563684396
2015,"GE 42, 2015","ÉG 42, 2015",12,"Nova Scotia","Nouvelle-Écosse","Male","Homme",4,"25 to 34 years","25 à 34 ans",28417,53679,0.52939303
2015,"GE 42, 2015","ÉG 42, 2015",12,"Nova Scotia","Nouvelle-Écosse","Male","Homme",5,"35 to 44 years","35 à 44 ans",32106,52747,0.608676618
2015,"GE 42, 2015","ÉG 42, 2015",12,"Nova Scotia","Nouvelle-Écosse","Male","Homme",6,"45 to 54 years","45 à 54 ans",45728,67726,0.675193933
2015,"GE 42, 2015","ÉG 42, 2015",12,"Nova Scotia","Nouvelle-Écosse","Male","Homme",7,"55 to 64 years","55 à 64 ans",53048,68677,0.772427823
2015,"GE 42, 2015","ÉG 42, 2015",12,"Nova Scotia","Nouvelle-Écosse","Male","Homme",8,"65 to 74 years","65 à 74 ans",40473,49797,0.812755609
2015,"GE 42, 2015","ÉG 42, 2015",12,"Nova Scotia","Nouvelle-Écosse","Male","Homme",9,"75 years and over","75 ans et plus",23045,29717,0.775487236
2015,"GE 42, 2015","ÉG 42, 2015",12,"Nova Scotia","Nouvelle-Écosse","Male","Homme",10,"All ages","Tous les âges",244414,360657,0.6776919699
2015,"GE 42, 2015","ÉG 42, 2015",13,"New Brunswick","Nouveau-Brunswick","All genders","Tous les genres",1,"First time","1re fois",23884,35854,0.666137188
2015,"GE 42, 2015","ÉG 42, 2015",13,"New Brunswick","Nouveau-Brunswick","All genders","Tous les genres",2,"Not first time","2e fois ou plus",13329,21240,0.627537273
2015,"GE 42, 2015","ÉG 42, 2015",13,"New Brunswick","Nouveau-Brunswick","All genders","Tous les genres",3,"18 to 24 years","18 à 24 ans",37213,57094,0.651777178
2015,"GE 42, 2015","ÉG 42, 2015",13,"New Brunswick","Nouveau-Brunswick","All genders","Tous les genres",4,"25 to 34 years","25 à 34 ans",54598,84364,0.647171195
2015,"GE 42, 2015","ÉG 42, 2015",13,"New Brunswick","Nouveau-Brunswick","All genders","Tous les genres",5,"35 to 44 years","35 à 44 ans",63313,91525,0.691752143
2015,"GE 42, 2015","ÉG 42, 2015",13,"New Brunswick","Nouveau-Brunswick","All genders","Tous les genres",6,"45 to 54 years","45 à 54 ans",84515,111429,0.758463602
2015,"GE 42, 2015","ÉG 42, 2015",13,"New Brunswick","Nouveau-Brunswick","All genders","Tous les genres",7,"55 to 64 years","55 à 64 ans",93294,116845,0.798440302
2015,"GE 42, 2015","ÉG 42, 2015",13,"New Brunswick","Nouveau-Brunswick","All genders","Tous les genres",8,"65 to 74 years","65 à 74 ans",69289,85005,0.81512499
2015,"GE 42, 2015","ÉG 42, 2015",13,"New Brunswick","Nouveau-Brunswick","All genders","Tous les genres",9,"75 years and over","75 ans et plus",42237,60312,0.700308077
2015,"GE 42, 2015","ÉG 42, 2015",13,"New Brunswick","Nouveau-Brunswick","All genders","Tous les genres",10,"All ages","Tous les âges",444459,606575,0.7327355173
2015,"GE 42, 2015","ÉG 42, 2015",13,"New Brunswick","Nouveau-Brunswick","Female","Femme",1,"First time","1re fois",12318,17027,0.723425026
2015,"GE 42, 2015","ÉG 42, 2015",13,"New Brunswick","Nouveau-Brunswick","Female","Femme",2,"Not first time","2e fois ou plus",7283,10338,0.704435545
2015,"GE 42, 2015","ÉG 42, 2015",13,"New Brunswick","Nouveau-Brunswick","Female","Femme",3,"18 to 24 years","18 à 24 ans",19600,27365,0.716250954
2015,"GE 42, 2015","ÉG 42, 2015",13,"New Brunswick","Nouveau-Brunswick","Female","Femme",4,"25 to 34 years","25 à 34 ans",30139,41109,0.733132665
2015,"GE 42, 2015","ÉG 42, 2015",13,"New Brunswick","Nouveau-Brunswick","Female","Femme",5,"35 to 44 years","35 à 44 ans",33688,46514,0.724265728
2015,"GE 42, 2015","ÉG 42, 2015",13,"New Brunswick","Nouveau-Brunswick","Female","Femme",6,"45 to 54 years","45 à 54 ans",44393,56691,0.783066794
2015,"GE 42, 2015","ÉG 42, 2015",13,"New Brunswick","Nouveau-Brunswick","Female","Femme",7,"55 to 64 years","55 à 64 ans",50086,59351,0.843892195
2015,"GE 42, 2015","ÉG 42, 2015",13,"New Brunswick","Nouveau-Brunswick","Female","Femme",8,"65 to 74 years","65 à 74 ans",35027,43240,0.810049854
2015,"GE 42, 2015","ÉG 42, 2015",13,"New Brunswick","Nouveau-Brunswick","Female","Femme",9,"75 years and over","75 ans et plus",24617,35785,0.687931666
2015,"GE 42, 2015","ÉG 42, 2015",13,"New Brunswick","Nouveau-Brunswick","Female","Femme",10,"All ages","Tous les âges",237551,310056,0.7661542572
2015,"GE 42, 2015","ÉG 42, 2015",13,"New Brunswick","Nouveau-Brunswick","Male","Homme",1,"First time","1re fois",11566,18827,0.614326701
2015,"GE 42, 2015","ÉG 42, 2015",13,"New Brunswick","Nouveau-Brunswick","Male","Homme",2,"Not first time","2e fois ou plus",6046,10902,0.554613738
2015,"GE 42, 2015","ÉG 42, 2015",13,"New Brunswick","Nouveau-Brunswick","Male","Homme",3,"18 to 24 years","18 à 24 ans",17612,29729,0.59242933
2015,"GE 42, 2015","ÉG 42, 2015",13,"New Brunswick","Nouveau-Brunswick","Male","Homme",4,"25 to 34 years","25 à 34 ans",24460,43255,0.565474407
2015,"GE 42, 2015","ÉG 42, 2015",13,"New Brunswick","Nouveau-Brunswick","Male","Homme",5,"35 to 44 years","35 à 44 ans",29624,45011,0.65815304
2015,"GE 42, 2015","ÉG 42, 2015",13,"New Brunswick","Nouveau-Brunswick","Male","Homme",6,"45 to 54 years","45 à 54 ans",40122,54738,0.732982449
2015,"GE 42, 2015","ÉG 42, 2015",13,"New Brunswick","Nouveau-Brunswick","Male","Homme",7,"55 to 64 years","55 à 64 ans",43208,57494,0.751519931
2015,"GE 42, 2015","ÉG 42, 2015",13,"New Brunswick","Nouveau-Brunswick","Male","Homme",8,"65 to 74 years","65 à 74 ans",34263,41765,0.820379426
2015,"GE 42, 2015","ÉG 42, 2015",13,"New Brunswick","Nouveau-Brunswick","Male","Homme",9,"75 years and over","75 ans et plus",17620,24528,0.71836476
2015,"GE 42, 2015","ÉG 42, 2015",13,"New Brunswick","Nouveau-Brunswick","Male","Homme",10,"All ages","Tous les âges",206908,296519,0.6977911363
2015,"GE 42, 2015","ÉG 42, 2015",24,"Quebec","Québec","All genders","Tous les genres",1,"First time","1re fois",220285,411599,0.53519251
2015,"GE 42, 2015","ÉG 42, 2015",24,"Quebec","Québec","All genders","Tous les genres",2,"Not first time","2e fois ou plus",136524,259780,0.525538563
2015,"GE 42, 2015","ÉG 42, 2015",24,"Quebec","Québec","All genders","Tous les genres",3,"18 to 24 years","18 à 24 ans",356809,671378,0.531457064
2015,"GE 42, 2015","ÉG 42, 2015",24,"Quebec","Québec","All genders","Tous les genres",4,"25 to 34 years","25 à 34 ans",562360,969601,0.579991081
2015,"GE 42, 2015","ÉG 42, 2015",24,"Quebec","Québec","All genders","Tous les genres",5,"35 to 44 years","35 à 44 ans",647387,1011499,0.640027284
2015,"GE 42, 2015","ÉG 42, 2015",24,"Quebec","Québec","All genders","Tous les genres",6,"45 to 54 years","45 à 54 ans",767346,1126301,0.681297777
2015,"GE 42, 2015","ÉG 42, 2015",24,"Quebec","Québec","All genders","Tous les genres",7,"55 to 64 years","55 à 64 ans",895931,1170215,0.765612609
2015,"GE 42, 2015","ÉG 42, 2015",24,"Quebec","Québec","All genders","Tous les genres",8,"65 to 74 years","65 à 74 ans",666186,828803,0.803793643
2015,"GE 42, 2015","ÉG 42, 2015",24,"Quebec","Québec","All genders","Tous les genres",9,"75 years and over","75 ans et plus",407738,621638,0.655910017
2015,"GE 42, 2015","ÉG 42, 2015",24,"Quebec","Québec","All genders","Tous les genres",10,"All ages","Tous les âges",4303758,6399435,0.672521594
2015,"GE 42, 2015","ÉG 42, 2015",24,"Quebec","Québec","Female","Femme",1,"First time","1re fois",115270,203680,0.5659365
2015,"GE 42, 2015","ÉG 42, 2015",24,"Quebec","Québec","Female","Femme",2,"Not first time","2e fois ou plus",72673,129315,0.56198712
2015,"GE 42, 2015","ÉG 42, 2015",24,"Quebec","Québec","Female","Femme",3,"18 to 24 years","18 à 24 ans",187944,332995,0.564402803
2015,"GE 42, 2015","ÉG 42, 2015",24,"Quebec","Québec","Female","Femme",4,"25 to 34 years","25 à 34 ans",295898,477865,0.619209899
2015,"GE 42, 2015","ÉG 42, 2015",24,"Quebec","Québec","Female","Femme",5,"35 to 44 years","35 à 44 ans",336589,496063,0.678522036
2015,"GE 42, 2015","ÉG 42, 2015",24,"Quebec","Québec","Female","Femme",6,"45 to 54 years","45 à 54 ans",399264,555125,0.71923305
2015,"GE 42, 2015","ÉG 42, 2015",24,"Quebec","Québec","Female","Femme",7,"55 to 64 years","55 à 64 ans",463961,583568,0.795041007
2015,"GE 42, 2015","ÉG 42, 2015",24,"Quebec","Québec","Female","Femme",8,"65 to 74 years","65 à 74 ans",345126,427819,0.806710063
2015,"GE 42, 2015","ÉG 42, 2015",24,"Quebec","Québec","Female","Femme",9,"75 years and over","75 ans et plus",226709,373787,0.606519526
2015,"GE 42, 2015","ÉG 42, 2015",24,"Quebec","Québec","Female","Femme",10,"All ages","Tous les âges",2255492,3247223,0.6945910876
2015,"GE 42, 2015","ÉG 42, 2015",24,"Quebec","Québec","Male","Homme",1,"First time","1re fois",105014,207918,0.505075189
2015,"GE 42, 2015","ÉG 42, 2015",24,"Quebec","Québec","Male","Homme",2,"Not first time","2e fois ou plus",63851,130464,0.48941112
2015,"GE 42, 2015","ÉG 42, 2015",24,"Quebec","Québec","Male","Homme",3,"18 to 24 years","18 à 24 ans",168865,338383,0.499035865
2015,"GE 42, 2015","ÉG 42, 2015",24,"Quebec","Québec","Male","Homme",4,"25 to 34 years","25 à 34 ans",266461,491736,0.541878626
2015,"GE 42, 2015","ÉG 42, 2015",24,"Quebec","Québec","Male","Homme",5,"35 to 44 years","35 à 44 ans",310798,515437,0.602979479
2015,"GE 42, 2015","ÉG 42, 2015",24,"Quebec","Québec","Male","Homme",6,"45 to 54 years","45 à 54 ans",368082,571175,0.644428493
2015,"GE 42, 2015","ÉG 42, 2015",24,"Quebec","Québec","Male","Homme",7,"55 to 64 years","55 à 64 ans",431970,586646,0.736338622
2015,"GE 42, 2015","ÉG 42, 2015",24,"Quebec","Québec","Male","Homme",8,"65 to 74 years","65 à 74 ans",321060,400984,0.800682044
2015,"GE 42, 2015","ÉG 42, 2015",24,"Quebec","Québec","Male","Homme",9,"75 years and over","75 ans et plus",181029,247850,0.730396681
2015,"GE 42, 2015","ÉG 42, 2015",24,"Quebec","Québec","Male","Homme",10,"All ages","Tous les âges",2048266,3152212,0.6497869045
2015,"GE 42, 2015","ÉG 42, 2015",35,"Ontario","Ontario","All genders","Tous les genres",1,"First time","1re fois",418632,729429,0.573917073
2015,"GE 42, 2015","ÉG 42, 2015",35,"Ontario","Ontario","All genders","Tous les genres",2,"Not first time","2e fois ou plus",242282,446939,0.542091217
2015,"GE 42, 2015","ÉG 42, 2015",35,"Ontario","Ontario","All genders","Tous les genres",3,"18 to 24 years","18 à 24 ans",660914,1176369,0.561825435
2015,"GE 42, 2015","ÉG 42, 2015",35,"Ontario","Ontario","All genders","Tous les genres",4,"25 to 34 years","25 à 34 ans",918073,1660664,0.552835042
2015,"GE 42, 2015","ÉG 42, 2015",35,"Ontario","Ontario","All genders","Tous les genres",5,"35 to 44 years","35 à 44 ans",966466,1624650,0.594876543
2015,"GE 42, 2015","ÉG 42, 2015",35,"Ontario","Ontario","All genders","Tous les genres",6,"45 to 54 years","45 à 54 ans",1240847,1904992,0.651365817
2015,"GE 42, 2015","ÉG 42, 2015",35,"Ontario","Ontario","All genders","Tous les genres",7,"55 to 64 years","55 à 64 ans",1253871,1742827,0.719446567
2015,"GE 42, 2015","ÉG 42, 2015",35,"Ontario","Ontario","All genders","Tous les genres",8,"65 to 74 years","65 à 74 ans",909133,1174034,0.774366589
2015,"GE 42, 2015","ÉG 42, 2015",35,"Ontario","Ontario","All genders","Tous les genres",9,"75 years and over","75 ans et plus",623075,929812,0.670108404
2015,"GE 42, 2015","ÉG 42, 2015",35,"Ontario","Ontario","All genders","Tous les genres",10,"All ages","Tous les âges",6572378,10213347,0.6435087359
2015,"GE 42, 2015","ÉG 42, 2015",35,"Ontario","Ontario","Female","Femme",1,"First time","1re fois",213477,353753,0.603464006
2015,"GE 42, 2015","ÉG 42, 2015",35,"Ontario","Ontario","Female","Femme",2,"Not first time","2e fois ou plus",125074,219977,0.568574518
2015,"GE 42, 2015","ÉG 42, 2015",35,"Ontario","Ontario","Female","Femme",3,"18 to 24 years","18 à 24 ans",338551,573730,0.590086812
2015,"GE 42, 2015","ÉG 42, 2015",35,"Ontario","Ontario","Female","Femme",4,"25 to 34 years","25 à 34 ans",484176,843948,0.573703942
2015,"GE 42, 2015","ÉG 42, 2015",35,"Ontario","Ontario","Female","Femme",5,"35 to 44 years","35 à 44 ans",513579,830901,0.618098394
2015,"GE 42, 2015","ÉG 42, 2015",35,"Ontario","Ontario","Female","Femme",6,"45 to 54 years","45 à 54 ans",643707,956959,0.672658339
2015,"GE 42, 2015","ÉG 42, 2015",35,"Ontario","Ontario","Female","Femme",7,"55 to 64 years","55 à 64 ans",651184,889277,0.732261717
2015,"GE 42, 2015","ÉG 42, 2015",35,"Ontario","Ontario","Female","Femme",8,"65 to 74 years","65 à 74 ans",468683,615872,0.761007576
2015,"GE 42, 2015","ÉG 42, 2015",35,"Ontario","Ontario","Female","Femme",9,"75 years and over","75 ans et plus",337195,547112,0.616317721
2015,"GE 42, 2015","ÉG 42, 2015",35,"Ontario","Ontario","Female","Femme",10,"All ages","Tous les âges",3437075,5257801,0.6537095517
2015,"GE 42, 2015","ÉG 42, 2015",35,"Ontario","Ontario","Male","Homme",1,"First time","1re fois",205155,375677,0.546094441
2015,"GE 42, 2015","ÉG 42, 2015",35,"Ontario","Ontario","Male","Homme",2,"Not first time","2e fois ou plus",117208,226962,0.516422882
2015,"GE 42, 2015","ÉG 42, 2015",35,"Ontario","Ontario","Male","Homme",3,"18 to 24 years","18 à 24 ans",322363,602638,0.534919731
2015,"GE 42, 2015","ÉG 42, 2015",35,"Ontario","Ontario","Male","Homme",4,"25 to 34 years","25 à 34 ans",433897,816716,0.531270302
2015,"GE 42, 2015","ÉG 42, 2015",35,"Ontario","Ontario","Male","Homme",5,"35 to 44 years","35 à 44 ans",452887,793748,0.570567736
2015,"GE 42, 2015","ÉG 42, 2015",35,"Ontario","Ontario","Male","Homme",6,"45 to 54 years","45 à 54 ans",597140,948033,0.629872807
2015,"GE 42, 2015","ÉG 42, 2015",35,"Ontario","Ontario","Male","Homme",7,"55 to 64 years","55 à 64 ans",602687,853549,0.706094997
2015,"GE 42, 2015","ÉG 42, 2015",35,"Ontario","Ontario","Male","Homme",8,"65 to 74 years","65 à 74 ans",440449,558162,0.789106829
2015,"GE 42, 2015","ÉG 42, 2015",35,"Ontario","Ontario","Male","Homme",9,"75 years and over","75 ans et plus",285880,382700,0.7470082
2015,"GE 42, 2015","ÉG 42, 2015",35,"Ontario","Ontario","Male","Homme",10,"All ages","Tous les âges",3135303,4955546,0.6326857401
2015,"GE 42, 2015","ÉG 42, 2015",46,"Manitoba","Manitoba","All genders","Tous les genres",1,"First time","1re fois",41423,70188,0.590169779
2015,"GE 42, 2015","ÉG 42, 2015",46,"Manitoba","Manitoba","All genders","Tous les genres",2,"Not first time","2e fois ou plus",23043,41968,0.549054394
2015,"GE 42, 2015","ÉG 42, 2015",46,"Manitoba","Manitoba","All genders","Tous les genres",3,"18 to 24 years","18 à 24 ans",64466,112156,0.57478471
2015,"GE 42, 2015","ÉG 42, 2015",46,"Manitoba","Manitoba","All genders","Tous les genres",4,"25 to 34 years","25 à 34 ans",88247,155150,0.568786901
2015,"GE 42, 2015","ÉG 42, 2015",46,"Manitoba","Manitoba","All genders","Tous les genres",5,"35 to 44 years","35 à 44 ans",89969,144315,0.62342006
2015,"GE 42, 2015","ÉG 42, 2015",46,"Manitoba","Manitoba","All genders","Tous les genres",6,"45 to 54 years","45 à 54 ans",104306,159602,0.653536848
2015,"GE 42, 2015","ÉG 42, 2015",46,"Manitoba","Manitoba","All genders","Tous les genres",7,"55 to 64 years","55 à 64 ans",113825,157179,0.724177137
2015,"GE 42, 2015","ÉG 42, 2015",46,"Manitoba","Manitoba","All genders","Tous les genres",8,"65 to 74 years","65 à 74 ans",82008,104818,0.782377558
2015,"GE 42, 2015","ÉG 42, 2015",46,"Manitoba","Manitoba","All genders","Tous les genres",9,"75 years and over","75 ans et plus",60420,83912,0.720033796
2015,"GE 42, 2015","ÉG 42, 2015",46,"Manitoba","Manitoba","All genders","Tous les genres",10,"All ages","Tous les âges",603240,917132,0.6577457969
2015,"GE 42, 2015","ÉG 42, 2015",46,"Manitoba","Manitoba","Female","Femme",1,"First time","1re fois",21759,34116,0.637816491
2015,"GE 42, 2015","ÉG 42, 2015",46,"Manitoba","Manitoba","Female","Femme",2,"Not first time","2e fois ou plus",11670,20689,0.564075145
2015,"GE 42, 2015","ÉG 42, 2015",46,"Manitoba","Manitoba","Female","Femme",3,"18 to 24 years","18 à 24 ans",33430,54805,0.60997832
2015,"GE 42, 2015","ÉG 42, 2015",46,"Manitoba","Manitoba","Female","Femme",4,"25 to 34 years","25 à 34 ans",47572,77112,0.616918213
2015,"GE 42, 2015","ÉG 42, 2015",46,"Manitoba","Manitoba","Female","Femme",5,"35 to 44 years","35 à 44 ans",46348,73336,0.631995779
2015,"GE 42, 2015","ÉG 42, 2015",46,"Manitoba","Manitoba","Female","Femme",6,"45 to 54 years","45 à 54 ans",54570,78727,0.693152236
2015,"GE 42, 2015","ÉG 42, 2015",46,"Manitoba","Manitoba","Female","Femme",7,"55 to 64 years","55 à 64 ans",58581,77864,0.752356485
2015,"GE 42, 2015","ÉG 42, 2015",46,"Manitoba","Manitoba","Female","Femme",8,"65 to 74 years","65 à 74 ans",43357,53754,0.806595042
2015,"GE 42, 2015","ÉG 42, 2015",46,"Manitoba","Manitoba","Female","Femme",9,"75 years and over","75 ans et plus",35130,50599,0.694291429
2015,"GE 42, 2015","ÉG 42, 2015",46,"Manitoba","Manitoba","Female","Femme",10,"All ages","Tous les âges",318989,466196,0.6842366706
2015,"GE 42, 2015","ÉG 42, 2015",46,"Manitoba","Manitoba","Male","Homme",1,"First time","1re fois",19663,36073,0.545108154
2015,"GE 42, 2015","ÉG 42, 2015",46,"Manitoba","Manitoba","Male","Homme",2,"Not first time","2e fois ou plus",11372,21278,0.534449424
2015,"GE 42, 2015","ÉG 42, 2015",46,"Manitoba","Manitoba","Male","Homme",3,"18 to 24 years","18 à 24 ans",31036,57351,0.541153538
2015,"GE 42, 2015","ÉG 42, 2015",46,"Manitoba","Manitoba","Male","Homme",4,"25 to 34 years","25 à 34 ans",40675,78038,0.521226215
2015,"GE 42, 2015","ÉG 42, 2015",46,"Manitoba","Manitoba","Male","Homme",5,"35 to 44 years","35 à 44 ans",43621,70979,0.614559597
2015,"GE 42, 2015","ÉG 42, 2015",46,"Manitoba","Manitoba","Male","Homme",6,"45 to 54 years","45 à 54 ans",49736,80875,0.614973697
2015,"GE 42, 2015","ÉG 42, 2015",46,"Manitoba","Manitoba","Male","Homme",7,"55 to 64 years","55 à 64 ans",55244,79315,0.696513358
2015,"GE 42, 2015","ÉG 42, 2015",46,"Manitoba","Manitoba","Male","Homme",8,"65 to 74 years","65 à 74 ans",38650,51065,0.756884762
2015,"GE 42, 2015","ÉG 42, 2015",46,"Manitoba","Manitoba","Male","Homme",9,"75 years and over","75 ans et plus",25289,33314,0.759132723
2015,"GE 42, 2015","ÉG 42, 2015",46,"Manitoba","Manitoba","Male","Homme",10,"All ages","Tous les âges",284251,450936,0.6303584407
2015,"GE 42, 2015","ÉG 42, 2015",47,"Saskatchewan","Saskatchewan","All genders","Tous les genres",1,"First time","1re fois",34775,62165,0.559403736
2015,"GE 42, 2015","ÉG 42, 2015",47,"Saskatchewan","Saskatchewan","All genders","Tous les genres",2,"Not first time","2e fois ou plus",22750,38966,0.583825891
2015,"GE 42, 2015","ÉG 42, 2015",47,"Saskatchewan","Saskatchewan","All genders","Tous les genres",3,"18 to 24 years","18 à 24 ans",57525,101131,0.568813733
2015,"GE 42, 2015","ÉG 42, 2015",47,"Saskatchewan","Saskatchewan","All genders","Tous les genres",4,"25 to 34 years","25 à 34 ans",96310,152040,0.633456008
2015,"GE 42, 2015","ÉG 42, 2015",47,"Saskatchewan","Saskatchewan","All genders","Tous les genres",5,"35 to 44 years","35 à 44 ans",80448,126661,0.635148435
2015,"GE 42, 2015","ÉG 42, 2015",47,"Saskatchewan","Saskatchewan","All genders","Tous les genres",6,"45 to 54 years","45 à 54 ans",93565,135324,0.691414665
2015,"GE 42, 2015","ÉG 42, 2015",47,"Saskatchewan","Saskatchewan","All genders","Tous les genres",7,"55 to 64 years","55 à 64 ans",105503,140185,0.752601582
2015,"GE 42, 2015","ÉG 42, 2015",47,"Saskatchewan","Saskatchewan","All genders","Tous les genres",8,"65 to 74 years","65 à 74 ans",67548,86386,0.781936779
2015,"GE 42, 2015","ÉG 42, 2015",47,"Saskatchewan","Saskatchewan","All genders","Tous les genres",9,"75 years and over","75 ans et plus",52892,77492,0.68255089
2015,"GE 42, 2015","ÉG 42, 2015",47,"Saskatchewan","Saskatchewan","All genders","Tous les genres",10,"All ages","Tous les âges",553792,819218,0.6760011074
2015,"GE 42, 2015","ÉG 42, 2015",47,"Saskatchewan","Saskatchewan","Female","Femme",1,"First time","1re fois",18169,29359,0.618859557
2015,"GE 42, 2015","ÉG 42, 2015",47,"Saskatchewan","Saskatchewan","Female","Femme",2,"Not first time","2e fois ou plus",11894,18416,0.645868666
2015,"GE 42, 2015","ÉG 42, 2015",47,"Saskatchewan","Saskatchewan","Female","Femme",3,"18 to 24 years","18 à 24 ans",30063,47775,0.629270867
2015,"GE 42, 2015","ÉG 42, 2015",47,"Saskatchewan","Saskatchewan","Female","Femme",4,"25 to 34 years","25 à 34 ans",49662,74261,0.668746637
2015,"GE 42, 2015","ÉG 42, 2015",47,"Saskatchewan","Saskatchewan","Female","Femme",5,"35 to 44 years","35 à 44 ans",42221,61585,0.685563474
2015,"GE 42, 2015","ÉG 42, 2015",47,"Saskatchewan","Saskatchewan","Female","Femme",6,"45 to 54 years","45 à 54 ans",49115,66109,0.74294107
2015,"GE 42, 2015","ÉG 42, 2015",47,"Saskatchewan","Saskatchewan","Female","Femme",7,"55 to 64 years","55 à 64 ans",53126,69032,0.769579888
2015,"GE 42, 2015","ÉG 42, 2015",47,"Saskatchewan","Saskatchewan","Female","Femme",8,"65 to 74 years","65 à 74 ans",35535,44167,0.804545875
2015,"GE 42, 2015","ÉG 42, 2015",47,"Saskatchewan","Saskatchewan","Female","Femme",9,"75 years and over","75 ans et plus",30194,45929,0.657406155
2015,"GE 42, 2015","ÉG 42, 2015",47,"Saskatchewan","Saskatchewan","Female","Femme",10,"All ages","Tous les âges",289915,408858,0.7090843407
2015,"GE 42, 2015","ÉG 42, 2015",47,"Saskatchewan","Saskatchewan","Male","Homme",1,"First time","1re fois",16606,32806,0.506195055
2015,"GE 42, 2015","ÉG 42, 2015",47,"Saskatchewan","Saskatchewan","Male","Homme",2,"Not first time","2e fois ou plus",10855,20550,0.52822725
2015,"GE 42, 2015","ÉG 42, 2015",47,"Saskatchewan","Saskatchewan","Male","Homme",3,"18 to 24 years","18 à 24 ans",27461,53356,0.514680867
2015,"GE 42, 2015","ÉG 42, 2015",47,"Saskatchewan","Saskatchewan","Male","Homme",4,"25 to 34 years","25 à 34 ans",46649,77779,0.599761511
2015,"GE 42, 2015","ÉG 42, 2015",47,"Saskatchewan","Saskatchewan","Male","Homme",5,"35 to 44 years","35 à 44 ans",38228,65075,0.587437036
2015,"GE 42, 2015","ÉG 42, 2015",47,"Saskatchewan","Saskatchewan","Male","Homme",6,"45 to 54 years","45 à 54 ans",44450,69215,0.642200862
2015,"GE 42, 2015","ÉG 42, 2015",47,"Saskatchewan","Saskatchewan","Male","Homme",7,"55 to 64 years","55 à 64 ans",52377,71152,0.73612915
2015,"GE 42, 2015","ÉG 42, 2015",47,"Saskatchewan","Saskatchewan","Male","Homme",8,"65 to 74 years","65 à 74 ans",32014,42219,0.758284229
2015,"GE 42, 2015","ÉG 42, 2015",47,"Saskatchewan","Saskatchewan","Male","Homme",9,"75 years and over","75 ans et plus",22698,31563,0.719140296
2015,"GE 42, 2015","ÉG 42, 2015",47,"Saskatchewan","Saskatchewan","Male","Homme",10,"All ages","Tous les âges",263877,410359,0.6430389043
2015,"GE 42, 2015","ÉG 42, 2015",48,"Alberta","Alberta","All genders","Tous les genres",1,"First time","1re fois",136543,220471,0.619325008
2015,"GE 42, 2015","ÉG 42, 2015",48,"Alberta","Alberta","All genders","Tous les genres",2,"Not first time","2e fois ou plus",80907,144769,0.558868503
2015,"GE 42, 2015","ÉG 42, 2015",48,"Alberta","Alberta","All genders","Tous les genres",3,"18 to 24 years","18 à 24 ans",217450,365240,0.595361994
2015,"GE 42, 2015","ÉG 42, 2015",48,"Alberta","Alberta","All genders","Tous les genres",4,"25 to 34 years","25 à 34 ans",353518,607418,0.582001133
2015,"GE 42, 2015","ÉG 42, 2015",48,"Alberta","Alberta","All genders","Tous les genres",5,"35 to 44 years","35 à 44 ans",335059,544396,0.615468625
2015,"GE 42, 2015","ÉG 42, 2015",48,"Alberta","Alberta","All genders","Tous les genres",6,"45 to 54 years","45 à 54 ans",350365,535000,0.654887328
2015,"GE 42, 2015","ÉG 42, 2015",48,"Alberta","Alberta","All genders","Tous les genres",7,"55 to 64 years","55 à 64 ans",340571,481137,0.707846669
2015,"GE 42, 2015","ÉG 42, 2015",48,"Alberta","Alberta","All genders","Tous les genres",8,"65 to 74 years","65 à 74 ans",207706,271659,0.76458271
2015,"GE 42, 2015","ÉG 42, 2015",48,"Alberta","Alberta","All genders","Tous les genres",9,"75 years and over","75 ans et plus",132559,198977,0.666203595
2015,"GE 42, 2015","ÉG 42, 2015",48,"Alberta","Alberta","All genders","Tous les genres",10,"All ages","Tous les âges",1937228,3003828,0.6449198266
2015,"GE 42, 2015","ÉG 42, 2015",48,"Alberta","Alberta","Female","Femme",1,"First time","1re fois",71405,106199,0.672375722
2015,"GE 42, 2015","ÉG 42, 2015",48,"Alberta","Alberta","Female","Femme",2,"Not first time","2e fois ou plus",40316,70038,0.575628214
2015,"GE 42, 2015","ÉG 42, 2015",48,"Alberta","Alberta","Female","Femme",3,"18 to 24 years","18 à 24 ans",111721,176236,0.633927506
2015,"GE 42, 2015","ÉG 42, 2015",48,"Alberta","Alberta","Female","Femme",4,"25 to 34 years","25 à 34 ans",180011,296044,0.608055145
2015,"GE 42, 2015","ÉG 42, 2015",48,"Alberta","Alberta","Female","Femme",5,"35 to 44 years","35 à 44 ans",174977,262934,0.665477795
2015,"GE 42, 2015","ÉG 42, 2015",48,"Alberta","Alberta","Female","Femme",6,"45 to 54 years","45 à 54 ans",181098,258218,0.701337511
2015,"GE 42, 2015","ÉG 42, 2015",48,"Alberta","Alberta","Female","Femme",7,"55 to 64 years","55 à 64 ans",170375,234760,0.725741564
2015,"GE 42, 2015","ÉG 42, 2015",48,"Alberta","Alberta","Female","Femme",8,"65 to 74 years","65 à 74 ans",106661,139027,0.767199866
2015,"GE 42, 2015","ÉG 42, 2015",48,"Alberta","Alberta","Female","Femme",9,"75 years and over","75 ans et plus",72141,116165,0.621020355
2015,"GE 42, 2015","ÉG 42, 2015",48,"Alberta","Alberta","Female","Femme",10,"All ages","Tous les âges",996983,1483383,0.6721011016
2015,"GE 42, 2015","ÉG 42, 2015",48,"Alberta","Alberta","Male","Homme",1,"First time","1re fois",65138,114272,0.570022303
2015,"GE 42, 2015","ÉG 42, 2015",48,"Alberta","Alberta","Male","Homme",2,"Not first time","2e fois ou plus",40591,74732,0.54316148
2015,"GE 42, 2015","ÉG 42, 2015",48,"Alberta","Alberta","Male","Homme",3,"18 to 24 years","18 à 24 ans",105729,189004,0.559401585
2015,"GE 42, 2015","ÉG 42, 2015",48,"Alberta","Alberta","Male","Homme",4,"25 to 34 years","25 à 34 ans",173507,311374,0.557229904
2015,"GE 42, 2015","ÉG 42, 2015",48,"Alberta","Alberta","Male","Homme",5,"35 to 44 years","35 à 44 ans",160082,281462,0.568751521
2015,"GE 42, 2015","ÉG 42, 2015",48,"Alberta","Alberta","Male","Homme",6,"45 to 54 years","45 à 54 ans",169267,276782,0.611552686
2015,"GE 42, 2015","ÉG 42, 2015",48,"Alberta","Alberta","Male","Homme",7,"55 to 64 years","55 à 64 ans",170196,246377,0.690795588
2015,"GE 42, 2015","ÉG 42, 2015",48,"Alberta","Alberta","Male","Homme",8,"65 to 74 years","65 à 74 ans",101045,132632,0.761839374
2015,"GE 42, 2015","ÉG 42, 2015",48,"Alberta","Alberta","Male","Homme",9,"75 years and over","75 ans et plus",60419,82812,0.729584465
2015,"GE 42, 2015","ÉG 42, 2015",48,"Alberta","Alberta","Male","Homme",10,"All ages","Tous les âges",940245,1520444,0.618401102
2015,"GE 42, 2015","ÉG 42, 2015",59,"British Columbia","Colombie-Britannique","All genders","Tous les genres",1,"First time","1re fois",150203,228454,0.657477149
2015,"GE 42, 2015","ÉG 42, 2015",59,"British Columbia","Colombie-Britannique","All genders","Tous les genres",2,"Not first time","2e fois ou plus",83179,136831,0.607898284
2015,"GE 42, 2015","ÉG 42, 2015",59,"British Columbia","Colombie-Britannique","All genders","Tous les genres",3,"18 to 24 years","18 à 24 ans",233382,365285,0.638905594
2015,"GE 42, 2015","ÉG 42, 2015",59,"British Columbia","Colombie-Britannique","All genders","Tous les genres",4,"25 to 34 years","25 à 34 ans",325107,544431,0.597150007
2015,"GE 42, 2015","ÉG 42, 2015",59,"British Columbia","Colombie-Britannique","All genders","Tous les genres",5,"35 to 44 years","35 à 44 ans",339044,530067,0.639624821
2015,"GE 42, 2015","ÉG 42, 2015",59,"British Columbia","Colombie-Britannique","All genders","Tous les genres",6,"45 to 54 years","45 à 54 ans",419512,626741,0.669354384
2015,"GE 42, 2015","ÉG 42, 2015",59,"British Columbia","Colombie-Britannique","All genders","Tous les genres",7,"55 to 64 years","55 à 64 ans",464248,633214,0.733161424
2015,"GE 42, 2015","ÉG 42, 2015",59,"British Columbia","Colombie-Britannique","All genders","Tous les genres",8,"65 to 74 years","65 à 74 ans",355333,443678,0.800879665
2015,"GE 42, 2015","ÉG 42, 2015",59,"British Columbia","Colombie-Britannique","All genders","Tous les genres",9,"75 years and over","75 ans et plus",237691,339457,0.700209897
2015,"GE 42, 2015","ÉG 42, 2015",59,"British Columbia","Colombie-Britannique","All genders","Tous les genres",10,"All ages","Tous les âges",2374317,3482872,0.6817123166
2015,"GE 42, 2015","ÉG 42, 2015",59,"British Columbia","Colombie-Britannique","Female","Femme",1,"First time","1re fois",76245,108782,0.700900366
2015,"GE 42, 2015","ÉG 42, 2015",59,"British Columbia","Colombie-Britannique","Female","Femme",2,"Not first time","2e fois ou plus",42724,65782,0.64947228
2015,"GE 42, 2015","ÉG 42, 2015",59,"British Columbia","Colombie-Britannique","Female","Femme",3,"18 to 24 years","18 à 24 ans",118969,174564,0.681520397
2015,"GE 42, 2015","ÉG 42, 2015",59,"British Columbia","Colombie-Britannique","Female","Femme",4,"25 to 34 years","25 à 34 ans",171655,274626,0.625050618
2015,"GE 42, 2015","ÉG 42, 2015",59,"British Columbia","Colombie-Britannique","Female","Femme",5,"35 to 44 years","35 à 44 ans",178640,267438,0.66796754
2015,"GE 42, 2015","ÉG 42, 2015",59,"British Columbia","Colombie-Britannique","Female","Femme",6,"45 to 54 years","45 à 54 ans",221178,318643,0.694123446
2015,"GE 42, 2015","ÉG 42, 2015",59,"British Columbia","Colombie-Britannique","Female","Femme",7,"55 to 64 years","55 à 64 ans",246282,320198,0.769154226
2015,"GE 42, 2015","ÉG 42, 2015",59,"British Columbia","Colombie-Britannique","Female","Femme",8,"65 to 74 years","65 à 74 ans",180877,225337,0.802696242
2015,"GE 42, 2015","ÉG 42, 2015",59,"British Columbia","Colombie-Britannique","Female","Femme",9,"75 years and over","75 ans et plus",127565,191377,0.666562566
2015,"GE 42, 2015","ÉG 42, 2015",59,"British Columbia","Colombie-Britannique","Female","Femme",10,"All ages","Tous les âges",1245166,1772184,0.7026165469
2015,"GE 42, 2015","ÉG 42, 2015",59,"British Columbia","Colombie-Britannique","Male","Homme",1,"First time","1re fois",73958,119672,0.618005349
2015,"GE 42, 2015","ÉG 42, 2015",59,"British Columbia","Colombie-Britannique","Male","Homme",2,"Not first time","2e fois ou plus",40455,71048,0.569405854
2015,"GE 42, 2015","ÉG 42, 2015",59,"British Columbia","Colombie-Britannique","Male","Homme",3,"18 to 24 years","18 à 24 ans",114413,190720,0.599900745
2015,"GE 42, 2015","ÉG 42, 2015",59,"British Columbia","Colombie-Britannique","Male","Homme",4,"25 to 34 years","25 à 34 ans",153451,269804,0.568750728
2015,"GE 42, 2015","ÉG 42, 2015",59,"British Columbia","Colombie-Britannique","Male","Homme",5,"35 to 44 years","35 à 44 ans",160404,262629,0.610763067
2015,"GE 42, 2015","ÉG 42, 2015",59,"British Columbia","Colombie-Britannique","Male","Homme",6,"45 to 54 years","45 à 54 ans",198334,308098,0.643737539
2015,"GE 42, 2015","ÉG 42, 2015",59,"British Columbia","Colombie-Britannique","Male","Homme",7,"55 to 64 years","55 à 64 ans",217967,313016,0.696342788
2015,"GE 42, 2015","ÉG 42, 2015",59,"British Columbia","Colombie-Britannique","Male","Homme",8,"65 to 74 years","65 à 74 ans",174455,218341,0.799004879
2015,"GE 42, 2015","ÉG 42, 2015",59,"British Columbia","Colombie-Britannique","Male","Homme",9,"75 years and over","75 ans et plus",110127,148080,0.743695135
2015,"GE 42, 2015","ÉG 42, 2015",59,"British Columbia","Colombie-Britannique","Male","Homme",10,"All ages","Tous les âges",1129151,1710688,0.6600566248
2015,"GE 42, 2015","ÉG 42, 2015",60,"Yukon","Yukon","All genders","Tous les genres",1,"First time","1re fois",997,1795,0.555606232
2015,"GE 42, 2015","ÉG 42, 2015",60,"Yukon","Yukon","All genders","Tous les genres",2,"Not first time","2e fois ou plus",732,1215,0.603002361
2015,"GE 42, 2015","ÉG 42, 2015",60,"Yukon","Yukon","All genders","Tous les genres",3,"18 to 24 years","18 à 24 ans",1730,3009,0.574735217
2015,"GE 42, 2015","ÉG 42, 2015",60,"Yukon","Yukon","All genders","Tous les genres",4,"25 to 34 years","25 à 34 ans",3510,4836,0.725746895
2015,"GE 42, 2015","ÉG 42, 2015",60,"Yukon","Yukon","All genders","Tous les genres",5,"35 to 44 years","35 à 44 ans",3101,4760,0.651451782
2015,"GE 42, 2015","ÉG 42, 2015",60,"Yukon","Yukon","All genders","Tous les genres",6,"45 to 54 years","45 à 54 ans",3837,5141,0.746248929
2015,"GE 42, 2015","ÉG 42, 2015",60,"Yukon","Yukon","All genders","Tous les genres",7,"55 to 64 years","55 à 64 ans",4737,5535,0.855835023
2015,"GE 42, 2015","ÉG 42, 2015",60,"Yukon","Yukon","All genders","Tous les genres",8,"65 to 74 years","65 à 74 ans",2399,2917,0.822204824
2015,"GE 42, 2015","ÉG 42, 2015",60,"Yukon","Yukon","All genders","Tous les genres",9,"75 years and over","75 ans et plus",1072,1273,0.841808101
2015,"GE 42, 2015","ÉG 42, 2015",60,"Yukon","Yukon","All genders","Tous les genres",10,"All ages","Tous les âges",20385,27473,0.7419988706
2015,"GE 42, 2015","ÉG 42, 2015",60,"Yukon","Yukon","Female","Femme",1,"First time","1re fois",562,862,0.651365917
2015,"GE 42, 2015","ÉG 42, 2015",60,"Yukon","Yukon","Female","Femme",2,"Not first time","2e fois ou plus",324,553,0.586820224
2015,"GE 42, 2015","ÉG 42, 2015",60,"Yukon","Yukon","Female","Femme",3,"18 to 24 years","18 à 24 ans",886,1415,0.626144926
2015,"GE 42, 2015","ÉG 42, 2015",60,"Yukon","Yukon","Female","Femme",4,"25 to 34 years","25 à 34 ans",2037,2416,0.843231372
2015,"GE 42, 2015","ÉG 42, 2015",60,"Yukon","Yukon","Female","Femme",5,"35 to 44 years","35 à 44 ans",1834,2499,0.733942926
2015,"GE 42, 2015","ÉG 42, 2015",60,"Yukon","Yukon","Female","Femme",6,"45 to 54 years","45 à 54 ans",1912,2588,0.73890214
2015,"GE 42, 2015","ÉG 42, 2015",60,"Yukon","Yukon","Female","Femme",7,"55 to 64 years","55 à 64 ans",2457,2634,0.932757641
2015,"GE 42, 2015","ÉG 42, 2015",60,"Yukon","Yukon","Female","Femme",8,"65 to 74 years","65 à 74 ans",853,1333,0.639914692
2015,"GE 42, 2015","ÉG 42, 2015",60,"Yukon","Yukon","Female","Femme",9,"75 years and over","75 ans et plus",666,673,0.99
2015,"GE 42, 2015","ÉG 42, 2015",60,"Yukon","Yukon","Female","Femme",10,"All ages","Tous les âges",10645,80,0.7852066806
2015,"GE 42, 2015","ÉG 42, 2015",60,"Yukon","Yukon","Male","Homme",1,"First time","1re fois",436,933,0.467092464
2015,"GE 42, 2015","ÉG 42, 2015",60,"Yukon","Yukon","Male","Homme",2,"Not first time","2e fois ou plus",408,662,0.616524977
2015,"GE 42, 2015","ÉG 42, 2015",60,"Yukon","Yukon","Male","Homme",3,"18 to 24 years","18 à 24 ans",844,1594,0.529107607
2015,"GE 42, 2015","ÉG 42, 2015",60,"Yukon","Yukon","Male","Homme",4,"25 to 34 years","25 à 34 ans",1473,2421,0.608504921
2015,"GE 42, 2015","ÉG 42, 2015",60,"Yukon","Yukon","Male","Homme",5,"35 to 44 years","35 à 44 ans",1267,2262,0.560307964
2015,"GE 42, 2015","ÉG 42, 2015",60,"Yukon","Yukon","Male","Homme",6,"45 to 54 years","45 à 54 ans",1925,2554,0.75369249
2015,"GE 42, 2015","ÉG 42, 2015",60,"Yukon","Yukon","Male","Homme",7,"55 to 64 years","55 à 64 ans",2280,2901,0.785976199
2015,"GE 42, 2015","ÉG 42, 2015",60,"Yukon","Yukon","Male","Homme",8,"65 to 74 years","65 à 74 ans",1546,1584,0.975575067
2015,"GE 42, 2015","ÉG 42, 2015",60,"Yukon","Yukon","Male","Homme",9,"75 years and over","75 ans et plus",405,600,0.675664392
2015,"GE 42, 2015","ÉG 42, 2015",60,"Yukon","Yukon","Male","Homme",10,"All ages","Tous les âges",9740,73,0.6999042195
2015,"GE 42, 2015","ÉG 42, 2015",61,"Northwest Territories","Territoires du Nord-Ouest","All genders","Tous les genres",1,"First time","1re fois",1136,2811,0.404285519
2015,"GE 42, 2015","ÉG 42, 2015",61,"Northwest Territories","Territoires du Nord-Ouest","All genders","Tous les genres",2,"Not first time","2e fois ou plus",750,1803,0.416114318
2015,"GE 42, 2015","ÉG 42, 2015",61,"Northwest Territories","Territoires du Nord-Ouest","All genders","Tous les genres",3,"18 to 24 years","18 à 24 ans",1887,4614,0.408908327
2015,"GE 42, 2015","ÉG 42, 2015",61,"Northwest Territories","Territoires du Nord-Ouest","All genders","Tous les genres",4,"25 to 34 years","25 à 34 ans",4205,6641,0.633190288
2015,"GE 42, 2015","ÉG 42, 2015",61,"Northwest Territories","Territoires du Nord-Ouest","All genders","Tous les genres",5,"35 to 44 years","35 à 44 ans",3862,6080,0.635161504
2015,"GE 42, 2015","ÉG 42, 2015",61,"Northwest Territories","Territoires du Nord-Ouest","All genders","Tous les genres",6,"45 to 54 years","45 à 54 ans",3728,5824,0.640052818
2015,"GE 42, 2015","ÉG 42, 2015",61,"Northwest Territories","Territoires du Nord-Ouest","All genders","Tous les genres",7,"55 to 64 years","55 à 64 ans",3325,4982,0.667446537
2015,"GE 42, 2015","ÉG 42, 2015",61,"Northwest Territories","Territoires du Nord-Ouest","All genders","Tous les genres",8,"65 to 74 years","65 à 74 ans",1569,2206,0.711158081
2015,"GE 42, 2015","ÉG 42, 2015",61,"Northwest Territories","Territoires du Nord-Ouest","All genders","Tous les genres",9,"75 years and over","75 ans et plus",502,976,0.514156678
2015,"GE 42, 2015","ÉG 42, 2015",61,"Northwest Territories","Territoires du Nord-Ouest","All genders","Tous les genres",10,"All ages","Tous les âges",19077,31323,0.6090429128
2015,"GE 42, 2015","ÉG 42, 2015",61,"Northwest Territories","Territoires du Nord-Ouest","Female","Femme",1,"First time","1re fois",410,1372,0.298391346
2015,"GE 42, 2015","ÉG 42, 2015",61,"Northwest Territories","Territoires du Nord-Ouest","Female","Femme",2,"Not first time","2e fois ou plus",470,921,0.509965773
2015,"GE 42, 2015","ÉG 42, 2015",61,"Northwest Territories","Territoires du Nord-Ouest","Female","Femme",3,"18 to 24 years","18 à 24 ans",879,2294,0.383356223
2015,"GE 42, 2015","ÉG 42, 2015",61,"Northwest Territories","Territoires du Nord-Ouest","Female","Femme",4,"25 to 34 years","25 à 34 ans",2362,3228,0.731638295
2015,"GE 42, 2015","ÉG 42, 2015",61,"Northwest Territories","Territoires du Nord-Ouest","Female","Femme",5,"35 to 44 years","35 à 44 ans",2020,3036,0.665261349
2015,"GE 42, 2015","ÉG 42, 2015",61,"Northwest Territories","Territoires du Nord-Ouest","Female","Femme",6,"45 to 54 years","45 à 54 ans",1981,2860,0.692599749
2015,"GE 42, 2015","ÉG 42, 2015",61,"Northwest Territories","Territoires du Nord-Ouest","Female","Femme",7,"55 to 64 years","55 à 64 ans",1506,2249,0.669781308
2015,"GE 42, 2015","ÉG 42, 2015",61,"Northwest Territories","Territoires du Nord-Ouest","Female","Femme",8,"65 to 74 years","65 à 74 ans",761,1061,0.71724272
2015,"GE 42, 2015","ÉG 42, 2015",61,"Northwest Territories","Territoires du Nord-Ouest","Female","Femme",9,"75 years and over","75 ans et plus",267,551,0.485429037
2015,"GE 42, 2015","ÉG 42, 2015",61,"Northwest Territories","Territoires du Nord-Ouest","Female","Femme",10,"All ages","Tous les âges",9776,15279,0.6398783448
2015,"GE 42, 2015","ÉG 42, 2015",61,"Northwest Territories","Territoires du Nord-Ouest","Male","Homme",1,"First time","1re fois",727,1438,0.505344955
2015,"GE 42, 2015","ÉG 42, 2015",61,"Northwest Territories","Territoires du Nord-Ouest","Male","Homme",2,"Not first time","2e fois ou plus",281,882,0.318112642
2015,"GE 42, 2015","ÉG 42, 2015",61,"Northwest Territories","Territoires du Nord-Ouest","Male","Homme",3,"18 to 24 years","18 à 24 ans",1007,2320,0.434166875
2015,"GE 42, 2015","ÉG 42, 2015",61,"Northwest Territories","Territoires du Nord-Ouest","Male","Homme",4,"25 to 34 years","25 à 34 ans",1843,3413,0.54006743
2015,"GE 42, 2015","ÉG 42, 2015",61,"Northwest Territories","Territoires du Nord-Ouest","Male","Homme",5,"35 to 44 years","35 à 44 ans",1842,3044,0.605138459
2015,"GE 42, 2015","ÉG 42, 2015",61,"Northwest Territories","Territoires du Nord-Ouest","Male","Homme",6,"45 to 54 years","45 à 54 ans",1747,2964,0.589346861
2015,"GE 42, 2015","ÉG 42, 2015",61,"Northwest Territories","Territoires du Nord-Ouest","Male","Homme",7,"55 to 64 years","55 à 64 ans",1819,2734,0.665526031
2015,"GE 42, 2015","ÉG 42, 2015",61,"Northwest Territories","Territoires du Nord-Ouest","Male","Homme",8,"65 to 74 years","65 à 74 ans",807,1144,0.705515147
2015,"GE 42, 2015","ÉG 42, 2015",61,"Northwest Territories","Territoires du Nord-Ouest","Male","Homme",9,"75 years and over","75 ans et plus",235,425,0.551345462
2015,"GE 42, 2015","ÉG 42, 2015",61,"Northwest Territories","Territoires du Nord-Ouest","Male","Homme",10,"All ages","Tous les âges",9301,16044,0.5796790039
2015,"GE 42, 2015","ÉG 42, 2015",62,"Nunavut","Nunavut","All genders","Tous les genres",1,"First time","1re fois",1180,2774,0.425233332
2015,"GE 42, 2015","ÉG 42, 2015",62,"Nunavut","Nunavut","All genders","Tous les genres",2,"Not first time","2e fois ou plus",812,1651,0.491710319
2015,"GE 42, 2015","ÉG 42, 2015",62,"Nunavut","Nunavut","All genders","Tous les genres",3,"18 to 24 years","18 à 24 ans",1992,4425,0.450035044
2015,"GE 42, 2015","ÉG 42, 2015",62,"Nunavut","Nunavut","All genders","Tous les genres",4,"25 to 34 years","25 à 34 ans",3255,6077,0.535573292
2015,"GE 42, 2015","ÉG 42, 2015",62,"Nunavut","Nunavut","All genders","Tous les genres",5,"35 to 44 years","35 à 44 ans",2608,4550,0.573221927
2015,"GE 42, 2015","ÉG 42, 2015",62,"Nunavut","Nunavut","All genders","Tous les genres",6,"45 to 54 years","45 à 54 ans",2061,3715,0.554740877
2015,"GE 42, 2015","ÉG 42, 2015",62,"Nunavut","Nunavut","All genders","Tous les genres",7,"55 to 64 years","55 à 64 ans",1427,2406,0.593012523
2015,"GE 42, 2015","ÉG 42, 2015",62,"Nunavut","Nunavut","All genders","Tous les genres",8,"65 to 74 years","65 à 74 ans",555,1116,0.497500929
2015,"GE 42, 2015","ÉG 42, 2015",62,"Nunavut","Nunavut","All genders","Tous les genres",9,"75 years and over","75 ans et plus",126,357,0.352566099
2015,"GE 42, 2015","ÉG 42, 2015",62,"Nunavut","Nunavut","All genders","Tous les genres",10,"All ages","Tous les âges",12023,22646,0.5309112084
2015,"GE 42, 2015","ÉG 42, 2015",62,"Nunavut","Nunavut","Female","Femme",1,"First time","1re fois",660,1366,0.483094341
2015,"GE 42, 2015","ÉG 42, 2015",62,"Nunavut","Nunavut","Female","Femme",2,"Not first time","2e fois ou plus",421,816,0.515762893
2015,"GE 42, 2015","ÉG 42, 2015",62,"Nunavut","Nunavut","Female","Femme",3,"18 to 24 years","18 à 24 ans",1081,2182,0.495305783
2015,"GE 42, 2015","ÉG 42, 2015",62,"Nunavut","Nunavut","Female","Femme",4,"25 to 34 years","25 à 34 ans",1852,3041,0.6090136
2015,"GE 42, 2015","ÉG 42, 2015",62,"Nunavut","Nunavut","Female","Femme",5,"35 to 44 years","35 à 44 ans",1419,2127,0.667099474
2015,"GE 42, 2015","ÉG 42, 2015",62,"Nunavut","Nunavut","Female","Femme",6,"45 to 54 years","45 à 54 ans",1025,1717,0.596992919
2015,"GE 42, 2015","ÉG 42, 2015",62,"Nunavut","Nunavut","Female","Femme",7,"55 to 64 years","55 à 64 ans",639,1110,0.57577646
2015,"GE 42, 2015","ÉG 42, 2015",62,"Nunavut","Nunavut","Female","Femme",8,"65 to 74 years","65 à 74 ans",229,558,0.410398404
2015,"GE 42, 2015","ÉG 42, 2015",62,"Nunavut","Nunavut","Female","Femme",9,"75 years and over","75 ans et plus",56,160,0.34991615
2015,"GE 42, 2015","ÉG 42, 2015",62,"Nunavut","Nunavut","Female","Femme",10,"All ages","Tous les âges",6301,10895,0.5783227538
2015,"GE 42, 2015","ÉG 42, 2015",62,"Nunavut","Nunavut","Male","Homme",1,"First time","1re fois",520,1408,0.369081266
2015,"GE 42, 2015","ÉG 42, 2015",62,"Nunavut","Nunavut","Male","Homme",2,"Not first time","2e fois ou plus",391,835,0.468227774
2015,"GE 42, 2015","ÉG 42, 2015",62,"Nunavut","Nunavut","Male","Homme",3,"18 to 24 years","18 à 24 ans",911,2243,0.406003002
2015,"GE 42, 2015","ÉG 42, 2015",62,"Nunavut","Nunavut","Male","Homme",4,"25 to 34 years","25 à 34 ans",1403,3036,0.462009528
2015,"GE 42, 2015","ÉG 42, 2015",62,"Nunavut","Nunavut","Male","Homme",5,"35 to 44 years","35 à 44 ans",1190,2423,0.490829996
2015,"GE 42, 2015","ÉG 42, 2015",62,"Nunavut","Nunavut","Male","Homme",6,"45 to 54 years","45 à 54 ans",1036,1998,0.518420007
2015,"GE 42, 2015","ÉG 42, 2015",62,"Nunavut","Nunavut","Male","Homme",7,"55 to 64 years","55 à 64 ans",788,1296,0.607767014
2015,"GE 42, 2015","ÉG 42, 2015",62,"Nunavut","Nunavut","Male","Homme",8,"65 to 74 years","65 à 74 ans",326,557,0.584761465
2015,"GE 42, 2015","ÉG 42, 2015",62,"Nunavut","Nunavut","Male","Homme",9,"75 years and over","75 ans et plus",70,197,0.354717405
2015,"GE 42, 2015","ÉG 42, 2015",62,"Nunavut","Nunavut","Male","Homme",10,"All ages","Tous les âges",5722,11751,0.4869527684
2015,"GE 42, 2015","ÉG 42, 2015",99,"Canada","Canada","All genders","Tous les genres",1,"First time","1re fois",1074217,1843131,0.582822058
2015,"GE 42, 2015","ÉG 42, 2015",99,"Canada","Canada","All genders","Tous les genres",2,"Not first time","2e fois ou plus",629753,1143091,0.55092121
2015,"GE 42, 2015","ÉG 42, 2015",99,"Canada","Canada","All genders","Tous les genres",3,"18 to 24 years","18 à 24 ans",1703971,2986222,0.570610787
2015,"GE 42, 2015","ÉG 42, 2015",99,"Canada","Canada","All genders","Tous les genres",4,"25 to 34 years","25 à 34 ans",2511805,4373006,0.574388601
2015,"GE 42, 2015","ÉG 42, 2015",99,"Canada","Canada","All genders","Tous les genres",5,"35 to 44 years","35 à 44 ans",2648601,4278440,0.619057741
2015,"GE 42, 2015","ÉG 42, 2015",99,"Canada","Canada","All genders","Tous les genres",6,"45 to 54 years","45 à 54 ans",3234094,4854862,0.666155544
2015,"GE 42, 2015","ÉG 42, 2015",99,"Canada","Canada","All genders","Tous les genres",7,"55 to 64 years","55 à 64 ans",3466007,4700915,0.737304768
2015,"GE 42, 2015","ÉG 42, 2015",99,"Canada","Canada","All genders","Tous les genres",8,"65 to 74 years","65 à 74 ans",2505505,3179848,0.787932266
2015,"GE 42, 2015","ÉG 42, 2015",99,"Canada","Canada","All genders","Tous les genres",9,"75 years and over","75 ans et plus",1642001,2435649,0.67415336
2015,"GE 42, 2015","ÉG 42, 2015",99,"Canada","Canada","All genders","Tous les genres",10,"All ages","Tous les âges",17711983,26808942,0.6606744407
2015,"GE 42, 2015","ÉG 42, 2015",99,"Canada","Canada","Female","Femme",1,"First time","1re fois",553409,894189,0.618895268
2015,"GE 42, 2015","ÉG 42, 2015",99,"Canada","Canada","Female","Femme",2,"Not first time","2e fois ou plus",326629,560259,0.582996752
2015,"GE 42, 2015","ÉG 42, 2015",99,"Canada","Canada","Female","Femme",3,"18 to 24 years","18 à 24 ans",880038,1454448,0.605067014
2015,"GE 42, 2015","ÉG 42, 2015",99,"Canada","Canada","Female","Femme",4,"25 to 34 years","25 à 34 ans",1322861,2184097,0.605679037
2015,"GE 42, 2015","ÉG 42, 2015",99,"Canada","Canada","Female","Femme",5,"35 to 44 years","35 à 44 ans",1395325,2144287,0.650717751
2015,"GE 42, 2015","ÉG 42, 2015",99,"Canada","Canada","Female","Femme",6,"45 to 54 years","45 à 54 ans",1684373,2419915,0.696046648
2015,"GE 42, 2015","ÉG 42, 2015",99,"Canada","Canada","Female","Femme",7,"55 to 64 years","55 à 64 ans",1799261,2366188,0.760405226
2015,"GE 42, 2015","ÉG 42, 2015",99,"Canada","Canada","Female","Femme",8,"65 to 74 years","65 à 74 ans",1292269,1644440,0.785840939
2015,"GE 42, 2015","ÉG 42, 2015",99,"Canada","Canada","Female","Femme",9,"75 years and over","75 ans et plus",899676,1433703,0.627518591
2015,"GE 42, 2015","ÉG 42, 2015",99,"Canada","Canada","Female","Femme",10,"All ages","Tous les âges",9273804,13647077,0.6795450968
2015,"GE 42, 2015","ÉG 42, 2015",99,"Canada","Canada","Male","Homme",1,"First time","1re fois",520808,948943,0.548830279
2015,"GE 42, 2015","ÉG 42, 2015",99,"Canada","Canada","Male","Homme",2,"Not first time","2e fois ou plus",303124,582832,0.520087931
2015,"GE 42, 2015","ÉG 42, 2015",99,"Canada","Canada","Male","Homme",3,"18 to 24 years","18 à 24 ans",823932,1531774,0.537893973
2015,"GE 42, 2015","ÉG 42, 2015",99,"Canada","Canada","Male","Homme",4,"25 to 34 years","25 à 34 ans",1188943,2188909,0.543166964
2015,"GE 42, 2015","ÉG 42, 2015",99,"Canada","Canada","Male","Homme",5,"35 to 44 years","35 à 44 ans",1253276,2134153,0.587247402
2015,"GE 42, 2015","ÉG 42, 2015",99,"Canada","Canada","Male","Homme",6,"45 to 54 years","45 à 54 ans",1549720,2434948,0.636448988
2015,"GE 42, 2015","ÉG 42, 2015",99,"Canada","Canada","Male","Homme",7,"55 to 64 years","55 à 64 ans",1666746,2334728,0.713893037
2015,"GE 42, 2015","ÉG 42, 2015",99,"Canada","Canada","Male","Homme",8,"65 to 74 years","65 à 74 ans",1213236,1535407,0.790172104
2015,"GE 42, 2015","ÉG 42, 2015",99,"Canada","Canada","Male","Homme",9,"75 years and over","75 ans et plus",742325,1001945,0.740883963
2015,"GE 42, 2015","ÉG 42, 2015",99,"Canada","Canada","Male","Homme",10,"All ages","Tous les âges",8438179,13161866,0.6411081193
2019,"GE 43, 2019","ÉG 43, 2019",10,"Newfoundland and Labrador","Terre-Neuve-et-Labrador","All genders","Tous les genres",1,"First time","1re fois",8346,20988,0.3976758511
2019,"GE 43, 2019","ÉG 43, 2019",10,"Newfoundland and Labrador","Terre-Neuve-et-Labrador","All genders","Tous les genres",2,"Not first time","2e fois ou plus",6607,15939,0.4145045951
2019,"GE 43, 2019","ÉG 43, 2019",10,"Newfoundland and Labrador","Terre-Neuve-et-Labrador","All genders","Tous les genres",3,"18 to 24 years","18 à 24 ans",14953,36927,0.4049398438
2019,"GE 43, 2019","ÉG 43, 2019",10,"Newfoundland and Labrador","Terre-Neuve-et-Labrador","All genders","Tous les genres",4,"25 to 34 years","25 à 34 ans",25679,54455,0.4715691553
2019,"GE 43, 2019","ÉG 43, 2019",10,"Newfoundland and Labrador","Terre-Neuve-et-Labrador","All genders","Tous les genres",5,"35 to 44 years","35 à 44 ans",32812,60704,0.540526541
2019,"GE 43, 2019","ÉG 43, 2019",10,"Newfoundland and Labrador","Terre-Neuve-et-Labrador","All genders","Tous les genres",6,"45 to 54 years","45 à 54 ans",43419,76015,0.5711892881
2019,"GE 43, 2019","ÉG 43, 2019",10,"Newfoundland and Labrador","Terre-Neuve-et-Labrador","All genders","Tous les genres",7,"55 to 64 years","55 à 64 ans",53640,83615,0.6415142853
2019,"GE 43, 2019","ÉG 43, 2019",10,"Newfoundland and Labrador","Terre-Neuve-et-Labrador","All genders","Tous les genres",8,"65 to 74 years","65 à 74 ans",49919,70510,0.7079668072
2019,"GE 43, 2019","ÉG 43, 2019",10,"Newfoundland and Labrador","Terre-Neuve-et-Labrador","All genders","Tous les genres",9,"75 years and over","75 ans et plus",26467,42255,0.6263554387
2019,"GE 43, 2019","ÉG 43, 2019",10,"Newfoundland and Labrador","Terre-Neuve-et-Labrador","All genders","Tous les genres",10,"All ages","Tous les âges",246889,424481,0.5816260502
2019,"GE 43, 2019","ÉG 43, 2019",10,"Newfoundland and Labrador","Terre-Neuve-et-Labrador","Female","Femme",1,"First time","1re fois",4520,10208,0.4428190944
2019,"GE 43, 2019","ÉG 43, 2019",10,"Newfoundland and Labrador","Terre-Neuve-et-Labrador","Female","Femme",2,"Not first time","2e fois ou plus",3522,7909,0.445373217
2019,"GE 43, 2019","ÉG 43, 2019",10,"Newfoundland and Labrador","Terre-Neuve-et-Labrador","Female","Femme",3,"18 to 24 years","18 à 24 ans",8043,18117,0.4439340721
2019,"GE 43, 2019","ÉG 43, 2019",10,"Newfoundland and Labrador","Terre-Neuve-et-Labrador","Female","Femme",4,"25 to 34 years","25 à 34 ans",13945,27364,0.5096133593
2019,"GE 43, 2019","ÉG 43, 2019",10,"Newfoundland and Labrador","Terre-Neuve-et-Labrador","Female","Femme",5,"35 to 44 years","35 à 44 ans",17945,31622,0.5674802739
2019,"GE 43, 2019","ÉG 43, 2019",10,"Newfoundland and Labrador","Terre-Neuve-et-Labrador","Female","Femme",6,"45 to 54 years","45 à 54 ans",23687,39263,0.6032929056
2019,"GE 43, 2019","ÉG 43, 2019",10,"Newfoundland and Labrador","Terre-Neuve-et-Labrador","Female","Femme",7,"55 to 64 years","55 à 64 ans",28546,42812,0.6667761011
2019,"GE 43, 2019","ÉG 43, 2019",10,"Newfoundland and Labrador","Terre-Neuve-et-Labrador","Female","Femme",8,"65 to 74 years","65 à 74 ans",25812,36009,0.7168289183
2019,"GE 43, 2019","ÉG 43, 2019",10,"Newfoundland and Labrador","Terre-Neuve-et-Labrador","Female","Femme",9,"75 years and over","75 ans et plus",13981,23241,0.6015562379
2019,"GE 43, 2019","ÉG 43, 2019",10,"Newfoundland and Labrador","Terre-Neuve-et-Labrador","Female","Femme",10,"All ages","Tous les âges",131959,218427,0.604129995
2019,"GE 43, 2019","ÉG 43, 2019",10,"Newfoundland and Labrador","Terre-Neuve-et-Labrador","Male","Homme",1,"First time","1re fois",3826,10780,0.354928006
2019,"GE 43, 2019","ÉG 43, 2019",10,"Newfoundland and Labrador","Terre-Neuve-et-Labrador","Male","Homme",2,"Not first time","2e fois ou plus",3085,8031,0.3841054518
2019,"GE 43, 2019","ÉG 43, 2019",10,"Newfoundland and Labrador","Terre-Neuve-et-Labrador","Male","Homme",3,"18 to 24 years","18 à 24 ans",6911,18811,0.3673845687
2019,"GE 43, 2019","ÉG 43, 2019",10,"Newfoundland and Labrador","Terre-Neuve-et-Labrador","Male","Homme",4,"25 to 34 years","25 à 34 ans",11734,27091,0.4331415565
2019,"GE 43, 2019","ÉG 43, 2019",10,"Newfoundland and Labrador","Terre-Neuve-et-Labrador","Male","Homme",5,"35 to 44 years","35 à 44 ans",14867,29082,0.5112183831
2019,"GE 43, 2019","ÉG 43, 2019",10,"Newfoundland and Labrador","Terre-Neuve-et-Labrador","Male","Homme",6,"45 to 54 years","45 à 54 ans",19732,36751,0.5368916077
2019,"GE 43, 2019","ÉG 43, 2019",10,"Newfoundland and Labrador","Terre-Neuve-et-Labrador","Male","Homme",7,"55 to 64 years","55 à 64 ans",25094,40802,0.6150080883
2019,"GE 43, 2019","ÉG 43, 2019",10,"Newfoundland and Labrador","Terre-Neuve-et-Labrador","Male","Homme",8,"65 to 74 years","65 à 74 ans",24107,34501,0.6987175485
2019,"GE 43, 2019","ÉG 43, 2019",10,"Newfoundland and Labrador","Terre-Neuve-et-Labrador","Male","Homme",9,"75 years and over","75 ans et plus",12486,19015,0.6566662571
2019,"GE 43, 2019","ÉG 43, 2019",10,"Newfoundland and Labrador","Terre-Neuve-et-Labrador","Male","Homme",10,"All ages","Tous les âges",114930,206053,0.5577706869
2019,"GE 43, 2019","ÉG 43, 2019",11,"Prince Edward Island","Île-du-Prince-Édouard","All genders","Tous les genres",1,"First time","1re fois",3605,6513,0.5535603331
2019,"GE 43, 2019","ÉG 43, 2019",11,"Prince Edward Island","Île-du-Prince-Édouard","All genders","Tous les genres",2,"Not first time","2e fois ou plus",2999,5103,0.5877560888
2019,"GE 43, 2019","ÉG 43, 2019",11,"Prince Edward Island","Île-du-Prince-Édouard","All genders","Tous les genres",3,"18 to 24 years","18 à 24 ans",6605,11616,0.5685831335
2019,"GE 43, 2019","ÉG 43, 2019",11,"Prince Edward Island","Île-du-Prince-Édouard","All genders","Tous les genres",4,"25 to 34 years","25 à 34 ans",10288,15789,0.6516064927
2019,"GE 43, 2019","ÉG 43, 2019",11,"Prince Edward Island","Île-du-Prince-Édouard","All genders","Tous les genres",5,"35 to 44 years","35 à 44 ans",11573,15614,0.7411764618
2019,"GE 43, 2019","ÉG 43, 2019",11,"Prince Edward Island","Île-du-Prince-Édouard","All genders","Tous les genres",6,"45 to 54 years","45 à 54 ans",14027,18295,0.7667341733
2019,"GE 43, 2019","ÉG 43, 2019",11,"Prince Edward Island","Île-du-Prince-Édouard","All genders","Tous les genres",7,"55 to 64 years","55 à 64 ans",18396,22207,0.8283677006
2019,"GE 43, 2019","ÉG 43, 2019",11,"Prince Edward Island","Île-du-Prince-Édouard","All genders","Tous les genres",8,"65 to 74 years","65 à 74 ans",15796,18351,0.8608107692
2019,"GE 43, 2019","ÉG 43, 2019",11,"Prince Edward Island","Île-du-Prince-Édouard","All genders","Tous les genres",9,"75 years and over","75 ans et plus",9677,12595,0.7682831638
2019,"GE 43, 2019","ÉG 43, 2019",11,"Prince Edward Island","Île-du-Prince-Édouard","All genders","Tous les genres",10,"All ages","Tous les âges",86362,114467,0.7544688358
2019,"GE 43, 2019","ÉG 43, 2019",11,"Prince Edward Island","Île-du-Prince-Édouard","Female","Femme",1,"First time","1re fois",1915,3171,0.6039140939
2019,"GE 43, 2019","ÉG 43, 2019",11,"Prince Edward Island","Île-du-Prince-Édouard","Female","Femme",2,"Not first time","2e fois ou plus",1581,2480,0.6373495127
2019,"GE 43, 2019","ÉG 43, 2019",11,"Prince Edward Island","Île-du-Prince-Édouard","Female","Femme",3,"18 to 24 years","18 à 24 ans",3496,5651,0.618588892
2019,"GE 43, 2019","ÉG 43, 2019",11,"Prince Edward Island","Île-du-Prince-Édouard","Female","Femme",4,"25 to 34 years","25 à 34 ans",5489,7984,0.6874639041
2019,"GE 43, 2019","ÉG 43, 2019",11,"Prince Edward Island","Île-du-Prince-Édouard","Female","Femme",5,"35 to 44 years","35 à 44 ans",6269,8236,0.7611873928
2019,"GE 43, 2019","ÉG 43, 2019",11,"Prince Edward Island","Île-du-Prince-Édouard","Female","Femme",6,"45 to 54 years","45 à 54 ans",7392,9324,0.7927844761
2019,"GE 43, 2019","ÉG 43, 2019",11,"Prince Edward Island","Île-du-Prince-Édouard","Female","Femme",7,"55 to 64 years","55 à 64 ans",9737,11547,0.8432559256
2019,"GE 43, 2019","ÉG 43, 2019",11,"Prince Edward Island","Île-du-Prince-Édouard","Female","Femme",8,"65 to 74 years","65 à 74 ans",8206,9421,0.8709754554
2019,"GE 43, 2019","ÉG 43, 2019",11,"Prince Edward Island","Île-du-Prince-Édouard","Female","Femme",9,"75 years and over","75 ans et plus",5447,7105,0.7666120854
2019,"GE 43, 2019","ÉG 43, 2019",11,"Prince Edward Island","Île-du-Prince-Édouard","Female","Femme",10,"All ages","Tous les âges",46035,59268,0.7767214361
2019,"GE 43, 2019","ÉG 43, 2019",11,"Prince Edward Island","Île-du-Prince-Édouard","Male","Homme",1,"First time","1re fois",1690,3342,0.5057847172
2019,"GE 43, 2019","ÉG 43, 2019",11,"Prince Edward Island","Île-du-Prince-Édouard","Male","Homme",2,"Not first time","2e fois ou plus",1419,2623,0.540857093
2019,"GE 43, 2019","ÉG 43, 2019",11,"Prince Edward Island","Île-du-Prince-Édouard","Male","Homme",3,"18 to 24 years","18 à 24 ans",3109,5965,0.5212065187
2019,"GE 43, 2019","ÉG 43, 2019",11,"Prince Edward Island","Île-du-Prince-Édouard","Male","Homme",4,"25 to 34 years","25 à 34 ans",4800,7805,0.6149287381
2019,"GE 43, 2019","ÉG 43, 2019",11,"Prince Edward Island","Île-du-Prince-Édouard","Male","Homme",5,"35 to 44 years","35 à 44 ans",5304,7378,0.7188398014
2019,"GE 43, 2019","ÉG 43, 2019",11,"Prince Edward Island","Île-du-Prince-Édouard","Male","Homme",6,"45 to 54 years","45 à 54 ans",6636,8971,0.7396606897
2019,"GE 43, 2019","ÉG 43, 2019",11,"Prince Edward Island","Île-du-Prince-Édouard","Male","Homme",7,"55 to 64 years","55 à 64 ans",8659,10661,0.8122419091
2019,"GE 43, 2019","ÉG 43, 2019",11,"Prince Edward Island","Île-du-Prince-Édouard","Male","Homme",8,"65 to 74 years","65 à 74 ans",7591,8929,0.8500857171
2019,"GE 43, 2019","ÉG 43, 2019",11,"Prince Edward Island","Île-du-Prince-Édouard","Male","Homme",9,"75 years and over","75 ans et plus",4230,5490,0.770445873
2019,"GE 43, 2019","ÉG 43, 2019",11,"Prince Edward Island","Île-du-Prince-Édouard","Male","Homme",10,"All ages","Tous les âges",40327,55199,0.73057613
2019,"GE 43, 2019","ÉG 43, 2019",12,"Nova Scotia","Nouvelle-Écosse","All genders","Tous les genres",1,"First time","1re fois",21006,38216,0.5496698797
2019,"GE 43, 2019","ÉG 43, 2019",12,"Nova Scotia","Nouvelle-Écosse","All genders","Tous les genres",2,"Not first time","2e fois ou plus",18424,32900,0.5599932668
2019,"GE 43, 2019","ÉG 43, 2019",12,"Nova Scotia","Nouvelle-Écosse","All genders","Tous les genres",3,"18 to 24 years","18 à 24 ans",39430,71115,0.5544457256
2019,"GE 43, 2019","ÉG 43, 2019",12,"Nova Scotia","Nouvelle-Écosse","All genders","Tous les genres",4,"25 to 34 years","25 à 34 ans",67473,108697,0.6207394604
2019,"GE 43, 2019","ÉG 43, 2019",12,"Nova Scotia","Nouvelle-Écosse","All genders","Tous les genres",5,"35 to 44 years","35 à 44 ans",71798,105908,0.6779281952
2019,"GE 43, 2019","ÉG 43, 2019",12,"Nova Scotia","Nouvelle-Écosse","All genders","Tous les genres",6,"45 to 54 years","45 à 54 ans",87843,123416,0.7117664363
2019,"GE 43, 2019","ÉG 43, 2019",12,"Nova Scotia","Nouvelle-Écosse","All genders","Tous les genres",7,"55 to 64 years","55 à 64 ans",115706,147674,0.7835228069
2019,"GE 43, 2019","ÉG 43, 2019",12,"Nova Scotia","Nouvelle-Écosse","All genders","Tous les genres",8,"65 to 74 years","65 à 74 ans",96917,116373,0.8328134833
2019,"GE 43, 2019","ÉG 43, 2019",12,"Nova Scotia","Nouvelle-Écosse","All genders","Tous les genres",9,"75 years and over","75 ans et plus",59572,81808,0.7281927642
2019,"GE 43, 2019","ÉG 43, 2019",12,"Nova Scotia","Nouvelle-Écosse","All genders","Tous les genres",10,"All ages","Tous les âges",538738,754991,0.7135690297
2019,"GE 43, 2019","ÉG 43, 2019",12,"Nova Scotia","Nouvelle-Écosse","Female","Femme",1,"First time","1re fois",11300,18688,0.6046582744
2019,"GE 43, 2019","ÉG 43, 2019",12,"Nova Scotia","Nouvelle-Écosse","Female","Femme",2,"Not first time","2e fois ou plus",9967,16234,0.6139567243
2019,"GE 43, 2019","ÉG 43, 2019",12,"Nova Scotia","Nouvelle-Écosse","Female","Femme",3,"18 to 24 years","18 à 24 ans",21267,34922,0.6089808418
2019,"GE 43, 2019","ÉG 43, 2019",12,"Nova Scotia","Nouvelle-Écosse","Female","Femme",4,"25 to 34 years","25 à 34 ans",36041,54599,0.6600962633
2019,"GE 43, 2019","ÉG 43, 2019",12,"Nova Scotia","Nouvelle-Écosse","Female","Femme",5,"35 to 44 years","35 à 44 ans",38933,55411,0.7026283188
2019,"GE 43, 2019","ÉG 43, 2019",12,"Nova Scotia","Nouvelle-Écosse","Female","Femme",6,"45 to 54 years","45 à 54 ans",47176,64266,0.734084186
2019,"GE 43, 2019","ÉG 43, 2019",12,"Nova Scotia","Nouvelle-Écosse","Female","Femme",7,"55 to 64 years","55 à 64 ans",61083,76190,0.8017137936
2019,"GE 43, 2019","ÉG 43, 2019",12,"Nova Scotia","Nouvelle-Écosse","Female","Femme",8,"65 to 74 years","65 à 74 ans",50544,60149,0.8403091744
2019,"GE 43, 2019","ÉG 43, 2019",12,"Nova Scotia","Nouvelle-Écosse","Female","Femme",9,"75 years and over","75 ans et plus",32729,46283,0.7071532976
2019,"GE 43, 2019","ÉG 43, 2019",12,"Nova Scotia","Nouvelle-Écosse","Female","Femme",10,"All ages","Tous les âges",287773,391820,0.7344517986
2019,"GE 43, 2019","ÉG 43, 2019",12,"Nova Scotia","Nouvelle-Écosse","Male","Homme",1,"First time","1re fois",9706,19528,0.4970460206
2019,"GE 43, 2019","ÉG 43, 2019",12,"Nova Scotia","Nouvelle-Écosse","Male","Homme",2,"Not first time","2e fois ou plus",8456,16665,0.5074254385
2019,"GE 43, 2019","ÉG 43, 2019",12,"Nova Scotia","Nouvelle-Écosse","Male","Homme",3,"18 to 24 years","18 à 24 ans",18163,36193,0.5018252964
2019,"GE 43, 2019","ÉG 43, 2019",12,"Nova Scotia","Nouvelle-Écosse","Male","Homme",4,"25 to 34 years","25 à 34 ans",31432,54098,0.5810180995
2019,"GE 43, 2019","ÉG 43, 2019",12,"Nova Scotia","Nouvelle-Écosse","Male","Homme",5,"35 to 44 years","35 à 44 ans",32864,50497,0.6508241968
2019,"GE 43, 2019","ÉG 43, 2019",12,"Nova Scotia","Nouvelle-Écosse","Male","Homme",6,"45 to 54 years","45 à 54 ans",40667,59150,0.6875184637
2019,"GE 43, 2019","ÉG 43, 2019",12,"Nova Scotia","Nouvelle-Écosse","Male","Homme",7,"55 to 64 years","55 à 64 ans",54623,71483,0.7641338998
2019,"GE 43, 2019","ÉG 43, 2019",12,"Nova Scotia","Nouvelle-Écosse","Male","Homme",8,"65 to 74 years","65 à 74 ans",46373,56224,0.8247945549
2019,"GE 43, 2019","ÉG 43, 2019",12,"Nova Scotia","Nouvelle-Écosse","Male","Homme",9,"75 years and over","75 ans et plus",26843,35526,0.7556029354
2019,"GE 43, 2019","ÉG 43, 2019",12,"Nova Scotia","Nouvelle-Écosse","Male","Homme",10,"All ages","Tous les âges",250965,363170,0.6910388618
2019,"GE 43, 2019","ÉG 43, 2019",13,"New Brunswick","Nouveau-Brunswick","All genders","Tous les genres",1,"First time","1re fois",16505,29350,0.5623653378
2019,"GE 43, 2019","ÉG 43, 2019",13,"New Brunswick","Nouveau-Brunswick","All genders","Tous les genres",2,"Not first time","2e fois ou plus",13375,24563,0.5445341023
2019,"GE 43, 2019","ÉG 43, 2019",13,"New Brunswick","Nouveau-Brunswick","All genders","Tous les genres",3,"18 to 24 years","18 à 24 ans",29881,53913,0.5542413735
2019,"GE 43, 2019","ÉG 43, 2019",13,"New Brunswick","Nouveau-Brunswick","All genders","Tous les genres",4,"25 to 34 years","25 à 34 ans",50611,82217,0.6155711701
2019,"GE 43, 2019","ÉG 43, 2019",13,"New Brunswick","Nouveau-Brunswick","All genders","Tous les genres",5,"35 to 44 years","35 à 44 ans",61829,87883,0.7035385691
2019,"GE 43, 2019","ÉG 43, 2019",13,"New Brunswick","Nouveau-Brunswick","All genders","Tous les genres",6,"45 to 54 years","45 à 54 ans",74937,102238,0.7329638535
2019,"GE 43, 2019","ÉG 43, 2019",13,"New Brunswick","Nouveau-Brunswick","All genders","Tous les genres",7,"55 to 64 years","55 à 64 ans",95485,120415,0.7929659868
2019,"GE 43, 2019","ÉG 43, 2019",13,"New Brunswick","Nouveau-Brunswick","All genders","Tous les genres",8,"65 to 74 years","65 à 74 ans",81633,97721,0.8353750727
2019,"GE 43, 2019","ÉG 43, 2019",13,"New Brunswick","Nouveau-Brunswick","All genders","Tous les genres",9,"75 years and over","75 ans et plus",49981,68228,0.7325576796
2019,"GE 43, 2019","ÉG 43, 2019",13,"New Brunswick","Nouveau-Brunswick","All genders","Tous les genres",10,"All ages","Tous les âges",444356,612614,0.7253441102
2019,"GE 43, 2019","ÉG 43, 2019",13,"New Brunswick","Nouveau-Brunswick","Female","Femme",1,"First time","1re fois",8724,14333,0.6086603196
2019,"GE 43, 2019","ÉG 43, 2019",13,"New Brunswick","Nouveau-Brunswick","Female","Femme",2,"Not first time","2e fois ou plus",6909,11816,0.5846921644
2019,"GE 43, 2019","ÉG 43, 2019",13,"New Brunswick","Nouveau-Brunswick","Female","Femme",3,"18 to 24 years","18 à 24 ans",15633,26149,0.5978295526
2019,"GE 43, 2019","ÉG 43, 2019",13,"New Brunswick","Nouveau-Brunswick","Female","Femme",4,"25 to 34 years","25 à 34 ans",26505,40951,0.6472294162
2019,"GE 43, 2019","ÉG 43, 2019",13,"New Brunswick","Nouveau-Brunswick","Female","Femme",5,"35 to 44 years","35 à 44 ans",32668,45301,0.7211322321
2019,"GE 43, 2019","ÉG 43, 2019",13,"New Brunswick","Nouveau-Brunswick","Female","Femme",6,"45 to 54 years","45 à 54 ans",39235,52203,0.7515810873
2019,"GE 43, 2019","ÉG 43, 2019",13,"New Brunswick","Nouveau-Brunswick","Female","Femme",7,"55 to 64 years","55 à 64 ans",49623,61573,0.8059268586
2019,"GE 43, 2019","ÉG 43, 2019",13,"New Brunswick","Nouveau-Brunswick","Female","Femme",8,"65 to 74 years","65 à 74 ans",41953,49969,0.839571155
2019,"GE 43, 2019","ÉG 43, 2019",13,"New Brunswick","Nouveau-Brunswick","Female","Femme",9,"75 years and over","75 ans et plus",27329,38168,0.7160128408
2019,"GE 43, 2019","ÉG 43, 2019",13,"New Brunswick","Nouveau-Brunswick","Female","Femme",10,"All ages","Tous les âges",232945,314315,0.7411211459
2019,"GE 43, 2019","ÉG 43, 2019",13,"New Brunswick","Nouveau-Brunswick","Male","Homme",1,"First time","1re fois",7781,15017,0.5181791446
2019,"GE 43, 2019","ÉG 43, 2019",13,"New Brunswick","Nouveau-Brunswick","Male","Homme",2,"Not first time","2e fois ou plus",6466,12746,0.5073059805
2019,"GE 43, 2019","ÉG 43, 2019",13,"New Brunswick","Nouveau-Brunswick","Male","Homme",3,"18 to 24 years","18 à 24 ans",14248,27763,0.5131871869
2019,"GE 43, 2019","ÉG 43, 2019",13,"New Brunswick","Nouveau-Brunswick","Male","Homme",4,"25 to 34 years","25 à 34 ans",24106,41266,0.5841550274
2019,"GE 43, 2019","ÉG 43, 2019",13,"New Brunswick","Nouveau-Brunswick","Male","Homme",5,"35 to 44 years","35 à 44 ans",29161,42581,0.6848209807
2019,"GE 43, 2019","ÉG 43, 2019",13,"New Brunswick","Nouveau-Brunswick","Male","Homme",6,"45 to 54 years","45 à 54 ans",35702,50036,0.7135403205
2019,"GE 43, 2019","ÉG 43, 2019",13,"New Brunswick","Nouveau-Brunswick","Male","Homme",7,"55 to 64 years","55 à 64 ans",45861,58842,0.7794034465
2019,"GE 43, 2019","ÉG 43, 2019",13,"New Brunswick","Nouveau-Brunswick","Male","Homme",8,"65 to 74 years","65 à 74 ans",39681,47751,0.8309841181
2019,"GE 43, 2019","ÉG 43, 2019",13,"New Brunswick","Nouveau-Brunswick","Male","Homme",9,"75 years and over","75 ans et plus",22652,30059,0.7535657152
2019,"GE 43, 2019","ÉG 43, 2019",13,"New Brunswick","Nouveau-Brunswick","Male","Homme",10,"All ages","Tous les âges",211411,298299,0.7087200031
2019,"GE 43, 2019","ÉG 43, 2019",24,"Quebec","Québec","All genders","Tous les genres",1,"First time","1re fois",182389,318638,0.5724008028
2019,"GE 43, 2019","ÉG 43, 2019",24,"Quebec","Québec","All genders","Tous les genres",2,"Not first time","2e fois ou plus",143276,263683,0.5433651616
2019,"GE 43, 2019","ÉG 43, 2019",24,"Quebec","Québec","All genders","Tous les genres",3,"18 to 24 years","18 à 24 ans",325665,582321,0.5592530637
2019,"GE 43, 2019","ÉG 43, 2019",24,"Quebec","Québec","All genders","Tous les genres",4,"25 to 34 years","25 à 34 ans",536544,931148,0.5762176891
2019,"GE 43, 2019","ÉG 43, 2019",24,"Quebec","Québec","All genders","Tous les genres",5,"35 to 44 years","35 à 44 ans",664819,1032713,0.6437595614
2019,"GE 43, 2019","ÉG 43, 2019",24,"Quebec","Québec","All genders","Tous les genres",6,"45 to 54 years","45 à 54 ans",689338,1019521,0.676138662
2019,"GE 43, 2019","ÉG 43, 2019",24,"Quebec","Québec","All genders","Tous les genres",7,"55 to 64 years","55 à 64 ans",906009,1219192,0.7431220747
2019,"GE 43, 2019","ÉG 43, 2019",24,"Quebec","Québec","All genders","Tous les genres",8,"65 to 74 years","65 à 74 ans",752050,933845,0.8053266126
2019,"GE 43, 2019","ÉG 43, 2019",24,"Quebec","Québec","All genders","Tous les genres",9,"75 years and over","75 ans et plus",485606,709898,0.684050501
2019,"GE 43, 2019","ÉG 43, 2019",24,"Quebec","Québec","All genders","Tous les genres",10,"All ages","Tous les âges",4360030,6428638,0.6782198635
2019,"GE 43, 2019","ÉG 43, 2019",24,"Quebec","Québec","Female","Femme",1,"First time","1re fois",96187,156251,0.6155966786
2019,"GE 43, 2019","ÉG 43, 2019",24,"Quebec","Québec","Female","Femme",2,"Not first time","2e fois ou plus",76187,130522,0.583711793
2019,"GE 43, 2019","ÉG 43, 2019",24,"Quebec","Québec","Female","Femme",3,"18 to 24 years","18 à 24 ans",172374,286772,0.6010845873
2019,"GE 43, 2019","ÉG 43, 2019",24,"Quebec","Québec","Female","Femme",4,"25 to 34 years","25 à 34 ans",283605,463712,0.6115961517
2019,"GE 43, 2019","ÉG 43, 2019",24,"Quebec","Québec","Female","Femme",5,"35 to 44 years","35 à 44 ans",346777,516969,0.6707888773
2019,"GE 43, 2019","ÉG 43, 2019",24,"Quebec","Québec","Female","Femme",6,"45 to 54 years","45 à 54 ans",354455,508439,0.6971434957
2019,"GE 43, 2019","ÉG 43, 2019",24,"Quebec","Québec","Female","Femme",7,"55 to 64 years","55 à 64 ans",468998,615861,0.7615327895
2019,"GE 43, 2019","ÉG 43, 2019",24,"Quebec","Québec","Female","Femme",8,"65 to 74 years","65 à 74 ans",389250,480972,0.8092986191
2019,"GE 43, 2019","ÉG 43, 2019",24,"Quebec","Québec","Female","Femme",9,"75 years and over","75 ans et plus",266922,407408,0.6551725375
2019,"GE 43, 2019","ÉG 43, 2019",24,"Quebec","Québec","Female","Femme",10,"All ages","Tous les âges",2282382,3280134,0.695819794
2019,"GE 43, 2019","ÉG 43, 2019",24,"Quebec","Québec","Male","Homme",1,"First time","1re fois",86201,162387,0.5308372766
2019,"GE 43, 2019","ÉG 43, 2019",24,"Quebec","Québec","Male","Homme",2,"Not first time","2e fois ou plus",67089,133161,0.5038183562
2019,"GE 43, 2019","ÉG 43, 2019",24,"Quebec","Québec","Male","Homme",3,"18 to 24 years","18 à 24 ans",153290,295549,0.5186637251
2019,"GE 43, 2019","ÉG 43, 2019",24,"Quebec","Québec","Male","Homme",4,"25 to 34 years","25 à 34 ans",252939,467435,0.5411210162
2019,"GE 43, 2019","ÉG 43, 2019",24,"Quebec","Québec","Male","Homme",5,"35 to 44 years","35 à 44 ans",318042,515744,0.6166660354
2019,"GE 43, 2019","ÉG 43, 2019",24,"Quebec","Québec","Male","Homme",6,"45 to 54 years","45 à 54 ans",334882,511082,0.6552424273
2019,"GE 43, 2019","ÉG 43, 2019",24,"Quebec","Québec","Male","Homme",7,"55 to 64 years","55 à 64 ans",437010,603331,0.7243290177
2019,"GE 43, 2019","ÉG 43, 2019",24,"Quebec","Québec","Male","Homme",8,"65 to 74 years","65 à 74 ans",362800,452873,0.8011081606
2019,"GE 43, 2019","ÉG 43, 2019",24,"Quebec","Québec","Male","Homme",9,"75 years and over","75 ans et plus",218684,302490,0.7229446928
2019,"GE 43, 2019","ÉG 43, 2019",24,"Quebec","Québec","Male","Homme",10,"All ages","Tous les âges",2077648,3148504,0.6598841331
2019,"GE 43, 2019","ÉG 43, 2019",35,"Ontario","Ontario","All genders","Tous les genres",1,"First time","1re fois",332160,612649,0.5421697639
2019,"GE 43, 2019","ÉG 43, 2019",35,"Ontario","Ontario","All genders","Tous les genres",2,"Not first time","2e fois ou plus",277968,512154,0.5427419393
2019,"GE 43, 2019","ÉG 43, 2019",35,"Ontario","Ontario","All genders","Tous les genres",3,"18 to 24 years","18 à 24 ans",610127,1124803,0.5424302914
2019,"GE 43, 2019","ÉG 43, 2019",35,"Ontario","Ontario","All genders","Tous les genres",4,"25 to 34 years","25 à 34 ans",966218,1676031,0.5764917062
2019,"GE 43, 2019","ÉG 43, 2019",35,"Ontario","Ontario","All genders","Tous les genres",5,"35 to 44 years","35 à 44 ans",1031706,1617250,0.6379387977
2019,"GE 43, 2019","ÉG 43, 2019",35,"Ontario","Ontario","All genders","Tous les genres",6,"45 to 54 years","45 à 54 ans",1200908,1765725,0.6801218152
2019,"GE 43, 2019","ÉG 43, 2019",35,"Ontario","Ontario","All genders","Tous les genres",7,"55 to 64 years","55 à 64 ans",1373684,1899775,0.723077107
2019,"GE 43, 2019","ÉG 43, 2019",35,"Ontario","Ontario","All genders","Tous les genres",8,"65 to 74 years","65 à 74 ans",1053247,1347833,0.7814374685
2019,"GE 43, 2019","ÉG 43, 2019",35,"Ontario","Ontario","All genders","Tous les genres",9,"75 years and over","75 ans et plus",711917,1039163,0.6850867516
2019,"GE 43, 2019","ÉG 43, 2019",35,"Ontario","Ontario","All genders","Tous les genres",10,"All ages","Tous les âges",6947807,10470579,0.6635551852
2019,"GE 43, 2019","ÉG 43, 2019",35,"Ontario","Ontario","Female","Femme",1,"First time","1re fois",175058,298194,0.5870622207
2019,"GE 43, 2019","ÉG 43, 2019",35,"Ontario","Ontario","Female","Femme",2,"Not first time","2e fois ou plus",146721,249302,0.588527317
2019,"GE 43, 2019","ÉG 43, 2019",35,"Ontario","Ontario","Female","Femme",3,"18 to 24 years","18 à 24 ans",321780,547497,0.5877293519
2019,"GE 43, 2019","ÉG 43, 2019",35,"Ontario","Ontario","Female","Femme",4,"25 to 34 years","25 à 34 ans",506305,835923,0.6056837523
2019,"GE 43, 2019","ÉG 43, 2019",35,"Ontario","Ontario","Female","Femme",5,"35 to 44 years","35 à 44 ans",549818,839836,0.6546722862
2019,"GE 43, 2019","ÉG 43, 2019",35,"Ontario","Ontario","Female","Femme",6,"45 to 54 years","45 à 54 ans",629039,909667,0.691505007
2019,"GE 43, 2019","ÉG 43, 2019",35,"Ontario","Ontario","Female","Femme",7,"55 to 64 years","55 à 64 ans",713543,973390,0.7330491626
2019,"GE 43, 2019","ÉG 43, 2019",35,"Ontario","Ontario","Female","Femme",8,"65 to 74 years","65 à 74 ans",548634,703020,0.7803955598
2019,"GE 43, 2019","ÉG 43, 2019",35,"Ontario","Ontario","Female","Femme",9,"75 years and over","75 ans et plus",383590,586973,0.6535056989
2019,"GE 43, 2019","ÉG 43, 2019",35,"Ontario","Ontario","Female","Femme",10,"All ages","Tous les âges",3652708,5396305,0.6768905118
2019,"GE 43, 2019","ÉG 43, 2019",35,"Ontario","Ontario","Male","Homme",1,"First time","1re fois",157101,314454,0.4995986783
2019,"GE 43, 2019","ÉG 43, 2019",35,"Ontario","Ontario","Male","Homme",2,"Not first time","2e fois ou plus",131246,262852,0.4993166892
2019,"GE 43, 2019","ÉG 43, 2019",35,"Ontario","Ontario","Male","Homme",3,"18 to 24 years","18 à 24 ans",288347,577306,0.4994702866
2019,"GE 43, 2019","ÉG 43, 2019",35,"Ontario","Ontario","Male","Homme",4,"25 to 34 years","25 à 34 ans",459913,840108,0.5474450903
2019,"GE 43, 2019","ÉG 43, 2019",35,"Ontario","Ontario","Male","Homme",5,"35 to 44 years","35 à 44 ans",481889,777413,0.6198616775
2019,"GE 43, 2019","ÉG 43, 2019",35,"Ontario","Ontario","Male","Homme",6,"45 to 54 years","45 à 54 ans",571869,856058,0.6680257764
2019,"GE 43, 2019","ÉG 43, 2019",35,"Ontario","Ontario","Male","Homme",7,"55 to 64 years","55 à 64 ans",660141,926385,0.712599064
2019,"GE 43, 2019","ÉG 43, 2019",35,"Ontario","Ontario","Male","Homme",8,"65 to 74 years","65 à 74 ans",504613,644813,0.78257343
2019,"GE 43, 2019","ÉG 43, 2019",35,"Ontario","Ontario","Male","Homme",9,"75 years and over","75 ans et plus",328327,452190,0.7260810295
2019,"GE 43, 2019","ÉG 43, 2019",35,"Ontario","Ontario","Male","Homme",10,"All ages","Tous les âges",3295099,5074274,0.649373551
2019,"GE 43, 2019","ÉG 43, 2019",46,"Manitoba","Manitoba","All genders","Tous les genres",1,"First time","1re fois",28563,62336,0.4582069183
2019,"GE 43, 2019","ÉG 43, 2019",46,"Manitoba","Manitoba","All genders","Tous les genres",2,"Not first time","2e fois ou plus",24125,47156,0.5116128764
2019,"GE 43, 2019","ÉG 43, 2019",46,"Manitoba","Manitoba","All genders","Tous les genres",3,"18 to 24 years","18 à 24 ans",52688,109492,0.4812076888
2019,"GE 43, 2019","ÉG 43, 2019",46,"Manitoba","Manitoba","All genders","Tous les genres",4,"25 to 34 years","25 à 34 ans",86047,159723,0.5387242775
2019,"GE 43, 2019","ÉG 43, 2019",46,"Manitoba","Manitoba","All genders","Tous les genres",5,"35 to 44 years","35 à 44 ans",90289,151186,0.5972070144
2019,"GE 43, 2019","ÉG 43, 2019",46,"Manitoba","Manitoba","All genders","Tous les genres",6,"45 to 54 years","45 à 54 ans",95019,146176,0.6500348179
2019,"GE 43, 2019","ÉG 43, 2019",46,"Manitoba","Manitoba","All genders","Tous les genres",7,"55 to 64 years","55 à 64 ans",116387,162018,0.718356273
2019,"GE 43, 2019","ÉG 43, 2019",46,"Manitoba","Manitoba","All genders","Tous les genres",8,"65 to 74 years","65 à 74 ans",93184,118639,0.7854469314
2019,"GE 43, 2019","ÉG 43, 2019",46,"Manitoba","Manitoba","All genders","Tous les genres",9,"75 years and over","75 ans et plus",62383,90051,0.6927560472
2019,"GE 43, 2019","ÉG 43, 2019",46,"Manitoba","Manitoba","All genders","Tous les genres",10,"All ages","Tous les âges",595998,937284,0.6358776761
2019,"GE 43, 2019","ÉG 43, 2019",46,"Manitoba","Manitoba","Female","Femme",1,"First time","1re fois",14919,30194,0.4941091829
2019,"GE 43, 2019","ÉG 43, 2019",46,"Manitoba","Manitoba","Female","Femme",2,"Not first time","2e fois ou plus",12528,22912,0.5467826385
2019,"GE 43, 2019","ÉG 43, 2019",46,"Manitoba","Manitoba","Female","Femme",3,"18 to 24 years","18 à 24 ans",27447,53106,0.516834764
2019,"GE 43, 2019","ÉG 43, 2019",46,"Manitoba","Manitoba","Female","Femme",4,"25 to 34 years","25 à 34 ans",44236,79157,0.5588394477
2019,"GE 43, 2019","ÉG 43, 2019",46,"Manitoba","Manitoba","Female","Femme",5,"35 to 44 years","35 à 44 ans",46994,76512,0.6142077307
2019,"GE 43, 2019","ÉG 43, 2019",46,"Manitoba","Manitoba","Female","Femme",6,"45 to 54 years","45 à 54 ans",48957,73811,0.6632765636
2019,"GE 43, 2019","ÉG 43, 2019",46,"Manitoba","Manitoba","Female","Femme",7,"55 to 64 years","55 à 64 ans",59961,81681,0.7340806527
2019,"GE 43, 2019","ÉG 43, 2019",46,"Manitoba","Manitoba","Female","Femme",8,"65 to 74 years","65 à 74 ans",48348,61374,0.7877513863
2019,"GE 43, 2019","ÉG 43, 2019",46,"Manitoba","Manitoba","Female","Femme",9,"75 years and over","75 ans et plus",34440,51561,0.6679342546
2019,"GE 43, 2019","ÉG 43, 2019",46,"Manitoba","Manitoba","Female","Femme",10,"All ages","Tous les âges",310383,477204,0.6504200684
2019,"GE 43, 2019","ÉG 43, 2019",46,"Manitoba","Manitoba","Male","Homme",1,"First time","1re fois",13644,32142,0.4244808605
2019,"GE 43, 2019","ÉG 43, 2019",46,"Manitoba","Manitoba","Male","Homme",2,"Not first time","2e fois ou plus",11597,24243,0.4783742148
2019,"GE 43, 2019","ÉG 43, 2019",46,"Manitoba","Manitoba","Male","Homme",3,"18 to 24 years","18 à 24 ans",25241,56386,0.4476527227
2019,"GE 43, 2019","ÉG 43, 2019",46,"Manitoba","Manitoba","Male","Homme",4,"25 to 34 years","25 à 34 ans",41811,80566,0.5189608604
2019,"GE 43, 2019","ÉG 43, 2019",46,"Manitoba","Manitoba","Male","Homme",5,"35 to 44 years","35 à 44 ans",43295,74674,0.5797876808
2019,"GE 43, 2019","ÉG 43, 2019",46,"Manitoba","Manitoba","Male","Homme",6,"45 to 54 years","45 à 54 ans",46062,72365,0.6365283114
2019,"GE 43, 2019","ÉG 43, 2019",46,"Manitoba","Manitoba","Male","Homme",7,"55 to 64 years","55 à 64 ans",56426,80337,0.7023687301
2019,"GE 43, 2019","ÉG 43, 2019",46,"Manitoba","Manitoba","Male","Homme",8,"65 to 74 years","65 à 74 ans",44837,57265,0.7829770946
2019,"GE 43, 2019","ÉG 43, 2019",46,"Manitoba","Manitoba","Male","Homme",9,"75 years and over","75 ans et plus",27944,38490,0.7260078117
2019,"GE 43, 2019","ÉG 43, 2019",46,"Manitoba","Manitoba","Male","Homme",10,"All ages","Tous les âges",285615,460080,0.620794044
2019,"GE 43, 2019","ÉG 43, 2019",47,"Saskatchewan","Saskatchewan","All genders","Tous les genres",1,"First time","1re fois",26718,51248,0.5213449132
2019,"GE 43, 2019","ÉG 43, 2019",47,"Saskatchewan","Saskatchewan","All genders","Tous les genres",2,"Not first time","2e fois ou plus",22640,40492,0.5591175295
2019,"GE 43, 2019","ÉG 43, 2019",47,"Saskatchewan","Saskatchewan","All genders","Tous les genres",3,"18 to 24 years","18 à 24 ans",49357,91739,0.538016954
2019,"GE 43, 2019","ÉG 43, 2019",47,"Saskatchewan","Saskatchewan","All genders","Tous les genres",4,"25 to 34 years","25 à 34 ans",92024,144830,0.6353912303
2019,"GE 43, 2019","ÉG 43, 2019",47,"Saskatchewan","Saskatchewan","All genders","Tous les genres",5,"35 to 44 years","35 à 44 ans",96153,136109,0.7064408377
2019,"GE 43, 2019","ÉG 43, 2019",47,"Saskatchewan","Saskatchewan","All genders","Tous les genres",6,"45 to 54 years","45 à 54 ans",89467,121843,0.7342798537
2019,"GE 43, 2019","ÉG 43, 2019",47,"Saskatchewan","Saskatchewan","All genders","Tous les genres",7,"55 to 64 years","55 à 64 ans",114926,145294,0.7909904505
2019,"GE 43, 2019","ÉG 43, 2019",47,"Saskatchewan","Saskatchewan","All genders","Tous les genres",8,"65 to 74 years","65 à 74 ans",84961,101350,0.8382858789
2019,"GE 43, 2019","ÉG 43, 2019",47,"Saskatchewan","Saskatchewan","All genders","Tous les genres",9,"75 years and over","75 ans et plus",59649,80786,0.7383556622
2019,"GE 43, 2019","ÉG 43, 2019",47,"Saskatchewan","Saskatchewan","All genders","Tous les genres",10,"All ages","Tous les âges",586536,821951,0.713589787
2019,"GE 43, 2019","ÉG 43, 2019",47,"Saskatchewan","Saskatchewan","Female","Femme",1,"First time","1re fois",13518,25038,0.539894279
2019,"GE 43, 2019","ÉG 43, 2019",47,"Saskatchewan","Saskatchewan","Female","Femme",2,"Not first time","2e fois ou plus",11601,19612,0.5915043788
2019,"GE 43, 2019","ÉG 43, 2019",47,"Saskatchewan","Saskatchewan","Female","Femme",3,"18 to 24 years","18 à 24 ans",25118,44650,0.5625636009
2019,"GE 43, 2019","ÉG 43, 2019",47,"Saskatchewan","Saskatchewan","Female","Femme",4,"25 to 34 years","25 à 34 ans",46590,71203,0.6543326246
2019,"GE 43, 2019","ÉG 43, 2019",47,"Saskatchewan","Saskatchewan","Female","Femme",5,"35 to 44 years","35 à 44 ans",48846,68134,0.7169175995
2019,"GE 43, 2019","ÉG 43, 2019",47,"Saskatchewan","Saskatchewan","Female","Femme",6,"45 to 54 years","45 à 54 ans",45730,61036,0.7492358484
2019,"GE 43, 2019","ÉG 43, 2019",47,"Saskatchewan","Saskatchewan","Female","Femme",7,"55 to 64 years","55 à 64 ans",58986,72950,0.8085848465
2019,"GE 43, 2019","ÉG 43, 2019",47,"Saskatchewan","Saskatchewan","Female","Femme",8,"65 to 74 years","65 à 74 ans",43260,51176,0.845328482
2019,"GE 43, 2019","ÉG 43, 2019",47,"Saskatchewan","Saskatchewan","Female","Femme",9,"75 years and over","75 ans et plus",33217,46097,0.7205784489
2019,"GE 43, 2019","ÉG 43, 2019",47,"Saskatchewan","Saskatchewan","Female","Femme",10,"All ages","Tous les âges",301749,415246,0.7266753327
2019,"GE 43, 2019","ÉG 43, 2019",47,"Saskatchewan","Saskatchewan","Male","Homme",1,"First time","1re fois",13200,26210,0.503624873
2019,"GE 43, 2019","ÉG 43, 2019",47,"Saskatchewan","Saskatchewan","Male","Homme",2,"Not first time","2e fois ou plus",11039,20880,0.5286967251
2019,"GE 43, 2019","ÉG 43, 2019",47,"Saskatchewan","Saskatchewan","Male","Homme",3,"18 to 24 years","18 à 24 ans",24239,47089,0.5147418674
2019,"GE 43, 2019","ÉG 43, 2019",47,"Saskatchewan","Saskatchewan","Male","Homme",4,"25 to 34 years","25 à 34 ans",45433,73627,0.6170735113
2019,"GE 43, 2019","ÉG 43, 2019",47,"Saskatchewan","Saskatchewan","Male","Homme",5,"35 to 44 years","35 à 44 ans",47307,67975,0.6959396597
2019,"GE 43, 2019","ÉG 43, 2019",47,"Saskatchewan","Saskatchewan","Male","Homme",6,"45 to 54 years","45 à 54 ans",43737,60807,0.7192676429
2019,"GE 43, 2019","ÉG 43, 2019",47,"Saskatchewan","Saskatchewan","Male","Homme",7,"55 to 64 years","55 à 64 ans",55939,72343,0.7732484982
2019,"GE 43, 2019","ÉG 43, 2019",47,"Saskatchewan","Saskatchewan","Male","Homme",8,"65 to 74 years","65 à 74 ans",41700,50174,0.8311027176
2019,"GE 43, 2019","ÉG 43, 2019",47,"Saskatchewan","Saskatchewan","Male","Homme",9,"75 years and over","75 ans et plus",26432,34688,0.7619797802
2019,"GE 43, 2019","ÉG 43, 2019",47,"Saskatchewan","Saskatchewan","Male","Homme",10,"All ages","Tous les âges",284787,406705,0.7002294558
2019,"GE 43, 2019","ÉG 43, 2019",48,"Alberta","Alberta","All genders","Tous les genres",1,"First time","1re fois",98152,185134,0.5301691768
2019,"GE 43, 2019","ÉG 43, 2019",48,"Alberta","Alberta","All genders","Tous les genres",2,"Not first time","2e fois ou plus",81431,144320,0.5642378914
2019,"GE 43, 2019","ÉG 43, 2019",48,"Alberta","Alberta","All genders","Tous les genres",3,"18 to 24 years","18 à 24 ans",179583,329454,0.5450932619
2019,"GE 43, 2019","ÉG 43, 2019",48,"Alberta","Alberta","All genders","Tous les genres",4,"25 to 34 years","25 à 34 ans",351054,560843,0.6259405315
2019,"GE 43, 2019","ÉG 43, 2019",48,"Alberta","Alberta","All genders","Tous les genres",5,"35 to 44 years","35 à 44 ans",388673,579135,0.671125914
2019,"GE 43, 2019","ÉG 43, 2019",48,"Alberta","Alberta","All genders","Tous les genres",6,"45 to 54 years","45 à 54 ans",361078,503854,0.7166323013
2019,"GE 43, 2019","ÉG 43, 2019",48,"Alberta","Alberta","All genders","Tous les genres",7,"55 to 64 years","55 à 64 ans",391709,519804,0.7535709014
2019,"GE 43, 2019","ÉG 43, 2019",48,"Alberta","Alberta","All genders","Tous les genres",8,"65 to 74 years","65 à 74 ans",264170,334013,0.7908955867
2019,"GE 43, 2019","ÉG 43, 2019",48,"Alberta","Alberta","All genders","Tous les genres",9,"75 years and over","75 ans et plus",157714,224961,0.7010718595
2019,"GE 43, 2019","ÉG 43, 2019",48,"Alberta","Alberta","All genders","Tous les genres",10,"All ages","Tous les âges",2093981,3052065,0.6860867085
2019,"GE 43, 2019","ÉG 43, 2019",48,"Alberta","Alberta","Female","Femme",1,"First time","1re fois",50264,89941,0.5588560126
2019,"GE 43, 2019","ÉG 43, 2019",48,"Alberta","Alberta","Female","Femme",2,"Not first time","2e fois ou plus",41595,70117,0.5932243852
2019,"GE 43, 2019","ÉG 43, 2019",48,"Alberta","Alberta","Female","Femme",3,"18 to 24 years","18 à 24 ans",91859,160058,0.573911883
2019,"GE 43, 2019","ÉG 43, 2019",48,"Alberta","Alberta","Female","Femme",4,"25 to 34 years","25 à 34 ans",179590,277244,0.6477691761
2019,"GE 43, 2019","ÉG 43, 2019",48,"Alberta","Alberta","Female","Femme",5,"35 to 44 years","35 à 44 ans",196559,287980,0.682542346
2019,"GE 43, 2019","ÉG 43, 2019",48,"Alberta","Alberta","Female","Femme",6,"45 to 54 years","45 à 54 ans",181349,249357,0.7272649205
2019,"GE 43, 2019","ÉG 43, 2019",48,"Alberta","Alberta","Female","Femme",7,"55 to 64 years","55 à 64 ans",198156,259056,0.7649160897
2019,"GE 43, 2019","ÉG 43, 2019",48,"Alberta","Alberta","Female","Femme",8,"65 to 74 years","65 à 74 ans",133679,169231,0.7899221015
2019,"GE 43, 2019","ÉG 43, 2019",48,"Alberta","Alberta","Female","Femme",9,"75 years and over","75 ans et plus",84073,124780,0.6737671269
2019,"GE 43, 2019","ÉG 43, 2019",48,"Alberta","Alberta","Female","Femme",10,"All ages","Tous les âges",1065265,1527707,0.6972967646
2019,"GE 43, 2019","ÉG 43, 2019",48,"Alberta","Alberta","Male","Homme",1,"First time","1re fois",47888,95193,0.5030649289
2019,"GE 43, 2019","ÉG 43, 2019",48,"Alberta","Alberta","Male","Homme",2,"Not first time","2e fois ou plus",39835,74203,0.5368472578
2019,"GE 43, 2019","ÉG 43, 2019",48,"Alberta","Alberta","Male","Homme",3,"18 to 24 years","18 à 24 ans",87724,169395,0.5178630796
2019,"GE 43, 2019","ÉG 43, 2019",48,"Alberta","Alberta","Male","Homme",4,"25 to 34 years","25 à 34 ans",171464,283599,0.6046010165
2019,"GE 43, 2019","ÉG 43, 2019",48,"Alberta","Alberta","Male","Homme",5,"35 to 44 years","35 à 44 ans",192114,291155,0.659833957
2019,"GE 43, 2019","ÉG 43, 2019",48,"Alberta","Alberta","Male","Homme",6,"45 to 54 years","45 à 54 ans",179729,254497,0.7062143957
2019,"GE 43, 2019","ÉG 43, 2019",48,"Alberta","Alberta","Male","Homme",7,"55 to 64 years","55 à 64 ans",193553,260748,0.7422993173
2019,"GE 43, 2019","ÉG 43, 2019",48,"Alberta","Alberta","Male","Homme",8,"65 to 74 years","65 à 74 ans",130491,164783,0.7918953499
2019,"GE 43, 2019","ÉG 43, 2019",48,"Alberta","Alberta","Male","Homme",9,"75 years and over","75 ans et plus",73641,100181,0.7350810819
2019,"GE 43, 2019","ÉG 43, 2019",48,"Alberta","Alberta","Male","Homme",10,"All ages","Tous les âges",1028716,1524357,0.6748520178
2019,"GE 43, 2019","ÉG 43, 2019",59,"British Columbia","Colombie-Britannique","All genders","Tous les genres",1,"First time","1re fois",96092,189150,0.5080226077
2019,"GE 43, 2019","ÉG 43, 2019",59,"British Columbia","Colombie-Britannique","All genders","Tous les genres",2,"Not first time","2e fois ou plus",85931,160751,0.5345605
2019,"GE 43, 2019","ÉG 43, 2019",59,"British Columbia","Colombie-Britannique","All genders","Tous les genres",3,"18 to 24 years","18 à 24 ans",182024,349901,0.5202146073
2019,"GE 43, 2019","ÉG 43, 2019",59,"British Columbia","Colombie-Britannique","All genders","Tous les genres",4,"25 to 34 years","25 à 34 ans",334609,580125,0.5767875896
2019,"GE 43, 2019","ÉG 43, 2019",59,"British Columbia","Colombie-Britannique","All genders","Tous les genres",5,"35 to 44 years","35 à 44 ans",361876,564406,0.6411630974
2019,"GE 43, 2019","ÉG 43, 2019",59,"British Columbia","Colombie-Britannique","All genders","Tous les genres",6,"45 to 54 years","45 à 54 ans",390773,592404,0.6596397643
2019,"GE 43, 2019","ÉG 43, 2019",59,"British Columbia","Colombie-Britannique","All genders","Tous les genres",7,"55 to 64 years","55 à 64 ans",473910,671931,0.7052957705
2019,"GE 43, 2019","ÉG 43, 2019",59,"British Columbia","Colombie-Britannique","All genders","Tous les genres",8,"65 to 74 years","65 à 74 ans",402490,520928,0.7726392178
2019,"GE 43, 2019","ÉG 43, 2019",59,"British Columbia","Colombie-Britannique","All genders","Tous les genres",9,"75 years and over","75 ans et plus",256872,390280,0.6581739096
2019,"GE 43, 2019","ÉG 43, 2019",59,"British Columbia","Colombie-Britannique","All genders","Tous les genres",10,"All ages","Tous les âges",2402554,3669975,0.6546512522
2019,"GE 43, 2019","ÉG 43, 2019",59,"British Columbia","Colombie-Britannique","Female","Femme",1,"First time","1re fois",50527,92315,0.5473350213
2019,"GE 43, 2019","ÉG 43, 2019",59,"British Columbia","Colombie-Britannique","Female","Femme",2,"Not first time","2e fois ou plus",45033,77690,0.5796507949
2019,"GE 43, 2019","ÉG 43, 2019",59,"British Columbia","Colombie-Britannique","Female","Femme",3,"18 to 24 years","18 à 24 ans",95561,170005,0.5621029193
2019,"GE 43, 2019","ÉG 43, 2019",59,"British Columbia","Colombie-Britannique","Female","Femme",4,"25 to 34 years","25 à 34 ans",174639,287975,0.6064374443
2019,"GE 43, 2019","ÉG 43, 2019",59,"British Columbia","Colombie-Britannique","Female","Femme",5,"35 to 44 years","35 à 44 ans",189056,289373,0.6533297266
2019,"GE 43, 2019","ÉG 43, 2019",59,"British Columbia","Colombie-Britannique","Female","Femme",6,"45 to 54 years","45 à 54 ans",204767,306161,0.6688213387
2019,"GE 43, 2019","ÉG 43, 2019",59,"British Columbia","Colombie-Britannique","Female","Femme",7,"55 to 64 years","55 à 64 ans",248518,347111,0.7159606824
2019,"GE 43, 2019","ÉG 43, 2019",59,"British Columbia","Colombie-Britannique","Female","Femme",8,"65 to 74 years","65 à 74 ans",207545,268652,0.7725428515
2019,"GE 43, 2019","ÉG 43, 2019",59,"British Columbia","Colombie-Britannique","Female","Femme",9,"75 years and over","75 ans et plus",133780,212874,0.6284490013
2019,"GE 43, 2019","ÉG 43, 2019",59,"British Columbia","Colombie-Britannique","Female","Femme",10,"All ages","Tous les âges",1253865,1882150,0.6661875205
2019,"GE 43, 2019","ÉG 43, 2019",59,"British Columbia","Colombie-Britannique","Male","Homme",1,"First time","1re fois",45565,96835,0.4705451264
2019,"GE 43, 2019","ÉG 43, 2019",59,"British Columbia","Colombie-Britannique","Male","Homme",2,"Not first time","2e fois ou plus",40898,83061,0.492385581
2019,"GE 43, 2019","ÉG 43, 2019",59,"British Columbia","Colombie-Britannique","Male","Homme",3,"18 to 24 years","18 à 24 ans",86463,179896,0.4806292161
2019,"GE 43, 2019","ÉG 43, 2019",59,"British Columbia","Colombie-Britannique","Male","Homme",4,"25 to 34 years","25 à 34 ans",159970,292149,0.5475613507
2019,"GE 43, 2019","ÉG 43, 2019",59,"British Columbia","Colombie-Britannique","Male","Homme",5,"35 to 44 years","35 à 44 ans",172820,275033,0.6283621334
2019,"GE 43, 2019","ÉG 43, 2019",59,"British Columbia","Colombie-Britannique","Male","Homme",6,"45 to 54 years","45 à 54 ans",186007,286244,0.6498193329
2019,"GE 43, 2019","ÉG 43, 2019",59,"British Columbia","Colombie-Britannique","Male","Homme",7,"55 to 64 years","55 à 64 ans",225392,324820,0.69389898
2019,"GE 43, 2019","ÉG 43, 2019",59,"British Columbia","Colombie-Britannique","Male","Homme",8,"65 to 74 years","65 à 74 ans",194945,252277,0.772741839
2019,"GE 43, 2019","ÉG 43, 2019",59,"British Columbia","Colombie-Britannique","Male","Homme",9,"75 years and over","75 ans et plus",123092,177406,0.6938414128
2019,"GE 43, 2019","ÉG 43, 2019",59,"British Columbia","Colombie-Britannique","Male","Homme",10,"All ages","Tous les âges",1148689,1787825,0.6425063356
2019,"GE 43, 2019","ÉG 43, 2019",60,"Yukon","Yukon","All genders","Tous les genres",1,"First time","1re fois",663,1520,0.4360901819
2019,"GE 43, 2019","ÉG 43, 2019",60,"Yukon","Yukon","All genders","Tous les genres",2,"Not first time","2e fois ou plus",596,1231,0.4842468443
2019,"GE 43, 2019","ÉG 43, 2019",60,"Yukon","Yukon","All genders","Tous les genres",3,"18 to 24 years","18 à 24 ans",1259,2751,0.4576467249
2019,"GE 43, 2019","ÉG 43, 2019",60,"Yukon","Yukon","All genders","Tous les genres",4,"25 to 34 years","25 à 34 ans",3790,5477,0.6920191582
2019,"GE 43, 2019","ÉG 43, 2019",60,"Yukon","Yukon","All genders","Tous les genres",5,"35 to 44 years","35 à 44 ans",3976,5659,0.7026004723
2019,"GE 43, 2019","ÉG 43, 2019",60,"Yukon","Yukon","All genders","Tous les genres",6,"45 to 54 years","45 à 54 ans",3563,5086,0.7006501573
2019,"GE 43, 2019","ÉG 43, 2019",60,"Yukon","Yukon","All genders","Tous les genres",7,"55 to 64 years","55 à 64 ans",4362,5973,0.730244264
2019,"GE 43, 2019","ÉG 43, 2019",60,"Yukon","Yukon","All genders","Tous les genres",8,"65 to 74 years","65 à 74 ans",2964,3750,0.7905032144
2019,"GE 43, 2019","ÉG 43, 2019",60,"Yukon","Yukon","All genders","Tous les genres",9,"75 years and over","75 ans et plus",1236,1741,0.709611839
2019,"GE 43, 2019","ÉG 43, 2019",60,"Yukon","Yukon","All genders","Tous les genres",10,"All ages","Tous les âges",21150,30437,0.6948858951
2019,"GE 43, 2019","ÉG 43, 2019",60,"Yukon","Yukon","Female","Femme",1,"First time","1re fois",362,741,0.4882466867
2019,"GE 43, 2019","ÉG 43, 2019",60,"Yukon","Yukon","Female","Femme",2,"Not first time","2e fois ou plus",324,589,0.5501602983
2019,"GE 43, 2019","ÉG 43, 2019",60,"Yukon","Yukon","Female","Femme",3,"18 to 24 years","18 à 24 ans",686,1330,0.5156644179
2019,"GE 43, 2019","ÉG 43, 2019",60,"Yukon","Yukon","Female","Femme",4,"25 to 34 years","25 à 34 ans",2064,2787,0.7405627431
2019,"GE 43, 2019","ÉG 43, 2019",60,"Yukon","Yukon","Female","Femme",5,"35 to 44 years","35 à 44 ans",2120,2929,0.7238918524
2019,"GE 43, 2019","ÉG 43, 2019",60,"Yukon","Yukon","Female","Femme",6,"45 to 54 years","45 à 54 ans",1861,2634,0.7065780096
2019,"GE 43, 2019","ÉG 43, 2019",60,"Yukon","Yukon","Female","Femme",7,"55 to 64 years","55 à 64 ans",2266,2983,0.7595833229
2019,"GE 43, 2019","ÉG 43, 2019",60,"Yukon","Yukon","Female","Femme",8,"65 to 74 years","65 à 74 ans",1410,1760,0.800870587
2019,"GE 43, 2019","ÉG 43, 2019",60,"Yukon","Yukon","Female","Femme",9,"75 years and over","75 ans et plus",600,846,0.7094684305
2019,"GE 43, 2019","ÉG 43, 2019",60,"Yukon","Yukon","Female","Femme",10,"All ages","Tous les âges",11007,15269,0.7208613834
2019,"GE 43, 2019","ÉG 43, 2019",60,"Yukon","Yukon","Male","Homme",1,"First time","1re fois",301,779,0.3864631295
2019,"GE 43, 2019","ÉG 43, 2019",60,"Yukon","Yukon","Male","Homme",2,"Not first time","2e fois ou plus",272,643,0.4238409059
2019,"GE 43, 2019","ÉG 43, 2019",60,"Yukon","Yukon","Male","Homme",3,"18 to 24 years","18 à 24 ans",573,1421,0.4033623792
2019,"GE 43, 2019","ÉG 43, 2019",60,"Yukon","Yukon","Male","Homme",4,"25 to 34 years","25 à 34 ans",1726,2690,0.6417385152
2019,"GE 43, 2019","ÉG 43, 2019",60,"Yukon","Yukon","Male","Homme",5,"35 to 44 years","35 à 44 ans",1856,2730,0.6797612018
2019,"GE 43, 2019","ÉG 43, 2019",60,"Yukon","Yukon","Male","Homme",6,"45 to 54 years","45 à 54 ans",1702,2452,0.6942802639
2019,"GE 43, 2019","ÉG 43, 2019",60,"Yukon","Yukon","Male","Homme",7,"55 to 64 years","55 à 64 ans",2096,2990,0.7009657635
2019,"GE 43, 2019","ÉG 43, 2019",60,"Yukon","Yukon","Male","Homme",8,"65 to 74 years","65 à 74 ans",1554,1990,0.781330535
2019,"GE 43, 2019","ÉG 43, 2019",60,"Yukon","Yukon","Male","Homme",9,"75 years and over","75 ans et plus",635,895,0.7097473707
2019,"GE 43, 2019","ÉG 43, 2019",60,"Yukon","Yukon","Male","Homme",10,"All ages","Tous les âges",10143,15168,0.668736565
2019,"GE 43, 2019","ÉG 43, 2019",61,"Northwest Territories","Territoires du Nord-Ouest","All genders","Tous les genres",1,"First time","1re fois",531,2163,0.2456384873
2019,"GE 43, 2019","ÉG 43, 2019",61,"Northwest Territories","Territoires du Nord-Ouest","All genders","Tous les genres",2,"Not first time","2e fois ou plus",583,1898,0.3071127123
2019,"GE 43, 2019","ÉG 43, 2019",61,"Northwest Territories","Territoires du Nord-Ouest","All genders","Tous les genres",3,"18 to 24 years","18 à 24 ans",1114,4061,0.2743706052
2019,"GE 43, 2019","ÉG 43, 2019",61,"Northwest Territories","Territoires du Nord-Ouest","All genders","Tous les genres",4,"25 to 34 years","25 à 34 ans",3094,6887,0.4492986447
2019,"GE 43, 2019","ÉG 43, 2019",61,"Northwest Territories","Territoires du Nord-Ouest","All genders","Tous les genres",5,"35 to 44 years","35 à 44 ans",3356,6369,0.526989585
2019,"GE 43, 2019","ÉG 43, 2019",61,"Northwest Territories","Territoires du Nord-Ouest","All genders","Tous les genres",6,"45 to 54 years","45 à 54 ans",3185,5484,0.580753132
2019,"GE 43, 2019","ÉG 43, 2019",61,"Northwest Territories","Territoires du Nord-Ouest","All genders","Tous les genres",7,"55 to 64 years","55 à 64 ans",3377,5697,0.5927960297
2019,"GE 43, 2019","ÉG 43, 2019",61,"Northwest Territories","Territoires du Nord-Ouest","All genders","Tous les genres",8,"65 to 74 years","65 à 74 ans",1687,2755,0.6123790942
2019,"GE 43, 2019","ÉG 43, 2019",61,"Northwest Territories","Territoires du Nord-Ouest","All genders","Tous les genres",9,"75 years and over","75 ans et plus",602,1252,0.4803451979
2019,"GE 43, 2019","ÉG 43, 2019",61,"Northwest Territories","Territoires du Nord-Ouest","All genders","Tous les genres",10,"All ages","Tous les âges",16416,32506,0.5050178064
2019,"GE 43, 2019","ÉG 43, 2019",61,"Northwest Territories","Territoires du Nord-Ouest","Female","Femme",1,"First time","1re fois",281,1051,0.2673373127
2019,"GE 43, 2019","ÉG 43, 2019",61,"Northwest Territories","Territoires du Nord-Ouest","Female","Femme",2,"Not first time","2e fois ou plus",294,869,0.3377473337
2019,"GE 43, 2019","ÉG 43, 2019",61,"Northwest Territories","Territoires du Nord-Ouest","Female","Femme",3,"18 to 24 years","18 à 24 ans",575,1921,0.2992032471
2019,"GE 43, 2019","ÉG 43, 2019",61,"Northwest Territories","Territoires du Nord-Ouest","Female","Femme",4,"25 to 34 years","25 à 34 ans",1682,3359,0.5006175316
2019,"GE 43, 2019","ÉG 43, 2019",61,"Northwest Territories","Territoires du Nord-Ouest","Female","Femme",5,"35 to 44 years","35 à 44 ans",1779,3265,0.5446988996
2019,"GE 43, 2019","ÉG 43, 2019",61,"Northwest Territories","Territoires du Nord-Ouest","Female","Femme",6,"45 to 54 years","45 à 54 ans",1598,2717,0.5882757371
2019,"GE 43, 2019","ÉG 43, 2019",61,"Northwest Territories","Territoires du Nord-Ouest","Female","Femme",7,"55 to 64 years","55 à 64 ans",1633,2750,0.5939163311
2019,"GE 43, 2019","ÉG 43, 2019",61,"Northwest Territories","Territoires du Nord-Ouest","Female","Femme",8,"65 to 74 years","65 à 74 ans",806,1254,0.6425052322
2019,"GE 43, 2019","ÉG 43, 2019",61,"Northwest Territories","Territoires du Nord-Ouest","Female","Femme",9,"75 years and over","75 ans et plus",302,630,0.4799870354
2019,"GE 43, 2019","ÉG 43, 2019",61,"Northwest Territories","Territoires du Nord-Ouest","Female","Femme",10,"All ages","Tous les âges",8374,15895,0.5268355023
2019,"GE 43, 2019","ÉG 43, 2019",61,"Northwest Territories","Territoires du Nord-Ouest","Male","Homme",1,"First time","1re fois",250,1111,0.2251080839
2019,"GE 43, 2019","ÉG 43, 2019",61,"Northwest Territories","Territoires du Nord-Ouest","Male","Homme",2,"Not first time","2e fois ou plus",289,1029,0.2812229516
2019,"GE 43, 2019","ÉG 43, 2019",61,"Northwest Territories","Territoires du Nord-Ouest","Male","Homme",3,"18 to 24 years","18 à 24 ans",539,2140,0.2520811731
2019,"GE 43, 2019","ÉG 43, 2019",61,"Northwest Territories","Territoires du Nord-Ouest","Male","Homme",4,"25 to 34 years","25 à 34 ans",1413,3528,0.4004417706
2019,"GE 43, 2019","ÉG 43, 2019",61,"Northwest Territories","Territoires du Nord-Ouest","Male","Homme",5,"35 to 44 years","35 à 44 ans",1578,3104,0.5083612089
2019,"GE 43, 2019","ÉG 43, 2019",61,"Northwest Territories","Territoires du Nord-Ouest","Male","Homme",6,"45 to 54 years","45 à 54 ans",1586,2767,0.5733664176
2019,"GE 43, 2019","ÉG 43, 2019",61,"Northwest Territories","Territoires du Nord-Ouest","Male","Homme",7,"55 to 64 years","55 à 64 ans",1744,2947,0.5917508173
2019,"GE 43, 2019","ÉG 43, 2019",61,"Northwest Territories","Territoires du Nord-Ouest","Male","Homme",8,"65 to 74 years","65 à 74 ans",882,1501,0.5872161073
2019,"GE 43, 2019","ÉG 43, 2019",61,"Northwest Territories","Territoires du Nord-Ouest","Male","Homme",9,"75 years and over","75 ans et plus",299,623,0.4807074253
2019,"GE 43, 2019","ÉG 43, 2019",61,"Northwest Territories","Territoires du Nord-Ouest","Male","Homme",10,"All ages","Tous les âges",8042,16610,0.4841394477
2019,"GE 43, 2019","ÉG 43, 2019",62,"Nunavut","Nunavut","All genders","Tous les genres",1,"First time","1re fois",504,2514,0.20064651
2019,"GE 43, 2019","ÉG 43, 2019",62,"Nunavut","Nunavut","All genders","Tous les genres",2,"Not first time","2e fois ou plus",497,1862,0.2668112428
2019,"GE 43, 2019","ÉG 43, 2019",62,"Nunavut","Nunavut","All genders","Tous les genres",3,"18 to 24 years","18 à 24 ans",1001,4376,0.2288001226
2019,"GE 43, 2019","ÉG 43, 2019",62,"Nunavut","Nunavut","All genders","Tous les genres",4,"25 to 34 years","25 à 34 ans",2201,6216,0.354031251
2019,"GE 43, 2019","ÉG 43, 2019",62,"Nunavut","Nunavut","All genders","Tous les genres",5,"35 to 44 years","35 à 44 ans",2086,4859,0.4292576866
2019,"GE 43, 2019","ÉG 43, 2019",62,"Nunavut","Nunavut","All genders","Tous les genres",6,"45 to 54 years","45 à 54 ans",1905,4080,0.4669640954
2019,"GE 43, 2019","ÉG 43, 2019",62,"Nunavut","Nunavut","All genders","Tous les genres",7,"55 to 64 years","55 à 64 ans",1459,2909,0.501618619
2019,"GE 43, 2019","ÉG 43, 2019",62,"Nunavut","Nunavut","All genders","Tous les genres",8,"65 to 74 years","65 à 74 ans",704,1220,0.5772577683
2019,"GE 43, 2019","ÉG 43, 2019",62,"Nunavut","Nunavut","All genders","Tous les genres",9,"75 years and over","75 ans et plus",186,427,0.4349033114
2019,"GE 43, 2019","ÉG 43, 2019",62,"Nunavut","Nunavut","All genders","Tous les genres",10,"All ages","Tous les âges",9542,24087,0.3961519038
2019,"GE 43, 2019","ÉG 43, 2019",62,"Nunavut","Nunavut","Female","Femme",1,"First time","1re fois",297,1215,0.2446559893
2019,"GE 43, 2019","ÉG 43, 2019",62,"Nunavut","Nunavut","Female","Femme",2,"Not first time","2e fois ou plus",265,903,0.2932570944
2019,"GE 43, 2019","ÉG 43, 2019",62,"Nunavut","Nunavut","Female","Femme",3,"18 to 24 years","18 à 24 ans",562,2118,0.2653871962
2019,"GE 43, 2019","ÉG 43, 2019",62,"Nunavut","Nunavut","Female","Femme",4,"25 to 34 years","25 à 34 ans",1254,3116,0.4024572047
2019,"GE 43, 2019","ÉG 43, 2019",62,"Nunavut","Nunavut","Female","Femme",5,"35 to 44 years","35 à 44 ans",1109,2415,0.4592079067
2019,"GE 43, 2019","ÉG 43, 2019",62,"Nunavut","Nunavut","Female","Femme",6,"45 to 54 years","45 à 54 ans",954,1959,0.4868388814
2019,"GE 43, 2019","ÉG 43, 2019",62,"Nunavut","Nunavut","Female","Femme",7,"55 to 64 years","55 à 64 ans",701,1379,0.5087226381
2019,"GE 43, 2019","ÉG 43, 2019",62,"Nunavut","Nunavut","Female","Femme",8,"65 to 74 years","65 à 74 ans",320,576,0.5550563983
2019,"GE 43, 2019","ÉG 43, 2019",62,"Nunavut","Nunavut","Female","Femme",9,"75 years and over","75 ans et plus",87,215,0.4028234762
2019,"GE 43, 2019","ÉG 43, 2019",62,"Nunavut","Nunavut","Female","Femme",10,"All ages","Tous les âges",4987,11778,0.4233885694
2019,"GE 43, 2019","ÉG 43, 2019",62,"Nunavut","Nunavut","Male","Homme",1,"First time","1re fois",207,1299,0.1595064714
2019,"GE 43, 2019","ÉG 43, 2019",62,"Nunavut","Nunavut","Male","Homme",2,"Not first time","2e fois ou plus",232,958,0.2418829158
2019,"GE 43, 2019","ÉG 43, 2019",62,"Nunavut","Nunavut","Male","Homme",3,"18 to 24 years","18 à 24 ans",439,2258,0.1944771129
2019,"GE 43, 2019","ÉG 43, 2019",62,"Nunavut","Nunavut","Male","Homme",4,"25 to 34 years","25 à 34 ans",947,3100,0.3053551349
2019,"GE 43, 2019","ÉG 43, 2019",62,"Nunavut","Nunavut","Male","Homme",5,"35 to 44 years","35 à 44 ans",977,2444,0.3996626885
2019,"GE 43, 2019","ÉG 43, 2019",62,"Nunavut","Nunavut","Male","Homme",6,"45 to 54 years","45 à 54 ans",951,2121,0.4486049129
2019,"GE 43, 2019","ÉG 43, 2019",62,"Nunavut","Nunavut","Male","Homme",7,"55 to 64 years","55 à 64 ans",758,1531,0.4952203364
2019,"GE 43, 2019","ÉG 43, 2019",62,"Nunavut","Nunavut","Male","Homme",8,"65 to 74 years","65 à 74 ans",385,644,0.5971190407
2019,"GE 43, 2019","ÉG 43, 2019",62,"Nunavut","Nunavut","Male","Homme",9,"75 years and over","75 ans et plus",99,212,0.4675679623
2019,"GE 43, 2019","ÉG 43, 2019",62,"Nunavut","Nunavut","Male","Homme",10,"All ages","Tous les âges",4555,12309,0.3700891179
2019,"GE 43, 2019","ÉG 43, 2019",99,"Canada","Canada","All genders","Tous les genres",1,"First time","1re fois",815235,1520417,0.5361917013
2019,"GE 43, 2019","ÉG 43, 2019",99,"Canada","Canada","All genders","Tous les genres",2,"Not first time","2e fois ou plus",678452,1252052,0.5418720983
2019,"GE 43, 2019","ÉG 43, 2019",99,"Canada","Canada","All genders","Tous les genres",3,"18 to 24 years","18 à 24 ans",1493687,2772468,0.5387569791
2019,"GE 43, 2019","ÉG 43, 2019",99,"Canada","Canada","All genders","Tous les genres",4,"25 to 34 years","25 à 34 ans",2529631,4332437,0.5838817007
2019,"GE 43, 2019","ÉG 43, 2019",99,"Canada","Canada","All genders","Tous les genres",5,"35 to 44 years","35 à 44 ans",2820946,4367795,0.6458514071
2019,"GE 43, 2019","ÉG 43, 2019",99,"Canada","Canada","All genders","Tous les genres",6,"45 to 54 years","45 à 54 ans",3055462,4484135,0.6813938821
2019,"GE 43, 2019","ÉG 43, 2019",99,"Canada","Canada","All genders","Tous les genres",7,"55 to 64 years","55 à 64 ans",3669049,5006504,0.7328565176
2019,"GE 43, 2019","ÉG 43, 2019",99,"Canada","Canada","All genders","Tous les genres",8,"65 to 74 years","65 à 74 ans",2899723,3667289,0.7906995321
2019,"GE 43, 2019","ÉG 43, 2019",99,"Canada","Canada","All genders","Tous les genres",9,"75 years and over","75 ans et plus",1881861,2743446,0.6859476286
2019,"GE 43, 2019","ÉG 43, 2019",99,"Canada","Canada","All genders","Tous les genres",10,"All ages","Tous les âges",18350359,27374074,0.6703554183
2019,"GE 43, 2019","ÉG 43, 2019",99,"Canada","Canada","Female","Femme",1,"First time","1re fois",427873,741340,0.5771622587
2019,"GE 43, 2019","ÉG 43, 2019",99,"Canada","Canada","Female","Femme",2,"Not first time","2e fois ou plus",356527,610957,0.5835551566
2019,"GE 43, 2019","ÉG 43, 2019",99,"Canada","Canada","Female","Femme",3,"18 to 24 years","18 à 24 ans",784401,1352297,0.580050521
2019,"GE 43, 2019","ÉG 43, 2019",99,"Canada","Canada","Female","Femme",4,"25 to 34 years","25 à 34 ans",1321943,2155373,0.6133244218
2019,"GE 43, 2019","ÉG 43, 2019",99,"Canada","Canada","Female","Femme",5,"35 to 44 years","35 à 44 ans",1478873,2227984,0.6637719584
2019,"GE 43, 2019","ÉG 43, 2019",99,"Canada","Canada","Female","Femme",6,"45 to 54 years","45 à 54 ans",1586200,2280836,0.6954468487
2019,"GE 43, 2019","ÉG 43, 2019",99,"Canada","Canada","Female","Femme",7,"55 to 64 years","55 à 64 ans",1901752,2549284,0.7459946362
2019,"GE 43, 2019","ÉG 43, 2019",99,"Canada","Canada","Female","Femme",8,"65 to 74 years","65 à 74 ans",1499765,1893563,0.7920333966
2019,"GE 43, 2019","ÉG 43, 2019",99,"Canada","Canada","Female","Femme",9,"75 years and over","75 ans et plus",1016497,1546181,0.6574239799
2019,"GE 43, 2019","ÉG 43, 2019",99,"Canada","Canada","Female","Femme",10,"All ages","Tous les âges",9589431,14005519,0.6846894744
2019,"GE 43, 2019","ÉG 43, 2019",99,"Canada","Canada","Male","Homme",1,"First time","1re fois",387362,779077,0.4972057068
2019,"GE 43, 2019","ÉG 43, 2019",99,"Canada","Canada","Male","Homme",2,"Not first time","2e fois ou plus",321925,641094,0.5021485113
2019,"GE 43, 2019","ÉG 43, 2019",99,"Canada","Canada","Male","Homme",3,"18 to 24 years","18 à 24 ans",709286,1420172,0.4994369899
2019,"GE 43, 2019","ÉG 43, 2019",99,"Canada","Canada","Male","Homme",4,"25 to 34 years","25 à 34 ans",1207688,2177064,0.5547323198
2019,"GE 43, 2019","ÉG 43, 2019",99,"Canada","Canada","Male","Homme",5,"35 to 44 years","35 à 44 ans",1342073,2139811,0.6271924176
2019,"GE 43, 2019","ÉG 43, 2019",99,"Canada","Canada","Male","Homme",6,"45 to 54 years","45 à 54 ans",1469262,2203299,0.6668463705
2019,"GE 43, 2019","ÉG 43, 2019",99,"Canada","Canada","Male","Homme",7,"55 to 64 years","55 à 64 ans",1767297,2457220,0.7192261549
2019,"GE 43, 2019","ÉG 43, 2019",99,"Canada","Canada","Male","Homme",8,"65 to 74 years","65 à 74 ans",1399958,1773726,0.7892755485
2019,"GE 43, 2019","ÉG 43, 2019",99,"Canada","Canada","Male","Homme",9,"75 years and over","75 ans et plus",865364,1197265,0.7227838458
2019,"GE 43, 2019","ÉG 43, 2019",99,"Canada","Canada","Male","Homme",10,"All ages","Tous les âges",8760928,13368555,0.6553383962
2021,"GE 44, 2021","ÉG 44, 2021",10,"Newfoundland and Labrador","Terre-Neuve-et-Labrador","All genders","Tous les genres",1,"First time","1re fois",2504,9362,0.2674813454
2021,"GE 44, 2021","ÉG 44, 2021",10,"Newfoundland and Labrador","Terre-Neuve-et-Labrador","All genders","Tous les genres",2,"Not first time","2e fois ou plus",8179,25716,0.3180537246
2021,"GE 44, 2021","ÉG 44, 2021",10,"Newfoundland and Labrador","Terre-Neuve-et-Labrador","All genders","Tous les genres",3,"18 to 24 years","18 à 24 ans",10683,35078,0.3045562926
2021,"GE 44, 2021","ÉG 44, 2021",10,"Newfoundland and Labrador","Terre-Neuve-et-Labrador","All genders","Tous les genres",4,"25 to 34 years","25 à 34 ans",19944,53166,0.3751206548
2021,"GE 44, 2021","ÉG 44, 2021",10,"Newfoundland and Labrador","Terre-Neuve-et-Labrador","All genders","Tous les genres",5,"35 to 44 years","35 à 44 ans",27012,57772,0.4675651858
2021,"GE 44, 2021","ÉG 44, 2021",10,"Newfoundland and Labrador","Terre-Neuve-et-Labrador","All genders","Tous les genres",6,"45 to 54 years","45 à 54 ans",36613,72300,0.5064086566
2021,"GE 44, 2021","ÉG 44, 2021",10,"Newfoundland and Labrador","Terre-Neuve-et-Labrador","All genders","Tous les genres",7,"55 to 64 years","55 à 64 ans",49081,82639,0.5939231685
2021,"GE 44, 2021","ÉG 44, 2021",10,"Newfoundland and Labrador","Terre-Neuve-et-Labrador","All genders","Tous les genres",8,"65 to 74 years","65 à 74 ans",49154,72857,0.6746678229
2021,"GE 44, 2021","ÉG 44, 2021",10,"Newfoundland and Labrador","Terre-Neuve-et-Labrador","All genders","Tous les genres",9,"75 years and over","75 ans et plus",28143,47108,0.5974227342
2021,"GE 44, 2021","ÉG 44, 2021",10,"Newfoundland and Labrador","Terre-Neuve-et-Labrador","All genders","Tous les genres",10,"All ages","Tous les âges",220631,420919,0.5241646207
2021,"GE 44, 2021","ÉG 44, 2021",10,"Newfoundland and Labrador","Terre-Neuve-et-Labrador","Women+","Femmes+",1,"First time","1re fois",1334,4600,0.2900256531
2021,"GE 44, 2021","ÉG 44, 2021",10,"Newfoundland and Labrador","Terre-Neuve-et-Labrador","Women+","Femmes+",2,"Not first time","2e fois ou plus",4349,12532,0.3470002215
2021,"GE 44, 2021","ÉG 44, 2021",10,"Newfoundland and Labrador","Terre-Neuve-et-Labrador","Women+","Femmes+",3,"18 to 24 years","18 à 24 ans",5683,17132,0.3317039364
2021,"GE 44, 2021","ÉG 44, 2021",10,"Newfoundland and Labrador","Terre-Neuve-et-Labrador","Women+","Femmes+",4,"25 to 34 years","25 à 34 ans",10649,26554,0.4010239167
2021,"GE 44, 2021","ÉG 44, 2021",10,"Newfoundland and Labrador","Terre-Neuve-et-Labrador","Women+","Femmes+",5,"35 to 44 years","35 à 44 ans",14604,30181,0.4838771707
2021,"GE 44, 2021","ÉG 44, 2021",10,"Newfoundland and Labrador","Terre-Neuve-et-Labrador","Women+","Femmes+",6,"45 to 54 years","45 à 54 ans",19821,37221,0.5325188487
2021,"GE 44, 2021","ÉG 44, 2021",10,"Newfoundland and Labrador","Terre-Neuve-et-Labrador","Women+","Femmes+",7,"55 to 64 years","55 à 64 ans",26177,42376,0.617718427
2021,"GE 44, 2021","ÉG 44, 2021",10,"Newfoundland and Labrador","Terre-Neuve-et-Labrador","Women+","Femmes+",8,"65 to 74 years","65 à 74 ans",25410,37223,0.6826400528
2021,"GE 44, 2021","ÉG 44, 2021",10,"Newfoundland and Labrador","Terre-Neuve-et-Labrador","Women+","Femmes+",9,"75 years and over","75 ans et plus",14806,25290,0.5854485055
2021,"GE 44, 2021","ÉG 44, 2021",10,"Newfoundland and Labrador","Terre-Neuve-et-Labrador","Women+","Femmes+",10,"All ages","Tous les âges",117149,215977,0.5424127288
2021,"GE 44, 2021","ÉG 44, 2021",10,"Newfoundland and Labrador","Terre-Neuve-et-Labrador","Men+","Hommes+",1,"First time","1re fois",1170,4763,0.2457086728
2021,"GE 44, 2021","ÉG 44, 2021",10,"Newfoundland and Labrador","Terre-Neuve-et-Labrador","Men+","Hommes+",2,"Not first time","2e fois ou plus",3830,13183,0.2905363874
2021,"GE 44, 2021","ÉG 44, 2021",10,"Newfoundland and Labrador","Terre-Neuve-et-Labrador","Men+","Hommes+",3,"18 to 24 years","18 à 24 ans",5000,17946,0.2786398825
2021,"GE 44, 2021","ÉG 44, 2021",10,"Newfoundland and Labrador","Terre-Neuve-et-Labrador","Men+","Hommes+",4,"25 to 34 years","25 à 34 ans",9295,26612,0.3492734949
2021,"GE 44, 2021","ÉG 44, 2021",10,"Newfoundland and Labrador","Terre-Neuve-et-Labrador","Men+","Hommes+",5,"35 to 44 years","35 à 44 ans",12408,27591,0.4497217071
2021,"GE 44, 2021","ÉG 44, 2021",10,"Newfoundland and Labrador","Terre-Neuve-et-Labrador","Men+","Hommes+",6,"45 to 54 years","45 à 54 ans",16793,35079,0.4787044357
2021,"GE 44, 2021","ÉG 44, 2021",10,"Newfoundland and Labrador","Terre-Neuve-et-Labrador","Men+","Hommes+",7,"55 to 64 years","55 à 64 ans",22905,40263,0.5688790618
2021,"GE 44, 2021","ÉG 44, 2021",10,"Newfoundland and Labrador","Terre-Neuve-et-Labrador","Men+","Hommes+",8,"65 to 74 years","65 à 74 ans",23744,35634,0.6663401129
2021,"GE 44, 2021","ÉG 44, 2021",10,"Newfoundland and Labrador","Terre-Neuve-et-Labrador","Men+","Hommes+",9,"75 years and over","75 ans et plus",13337,21818,0.6113030445
2021,"GE 44, 2021","ÉG 44, 2021",10,"Newfoundland and Labrador","Terre-Neuve-et-Labrador","Men+","Hommes+",10,"All ages","Tous les âges",103482,204942,0.5049339099
2021,"GE 44, 2021","ÉG 44, 2021",11,"Prince Edward Island","Île-du-Prince-Édouard","All genders","Tous les genres",1,"First time","1re fois",1329,3157,0.4209512167
2021,"GE 44, 2021","ÉG 44, 2021",11,"Prince Edward Island","Île-du-Prince-Édouard","All genders","Tous les genres",2,"Not first time","2e fois ou plus",4113,9456,0.4349601042
2021,"GE 44, 2021","ÉG 44, 2021",11,"Prince Edward Island","Île-du-Prince-Édouard","All genders","Tous les genres",3,"18 to 24 years","18 à 24 ans",5442,12613,0.4314536927
2021,"GE 44, 2021","ÉG 44, 2021",11,"Prince Edward Island","Île-du-Prince-Édouard","All genders","Tous les genres",4,"25 to 34 years","25 à 34 ans",10127,16448,0.6156815411
2021,"GE 44, 2021","ÉG 44, 2021",11,"Prince Edward Island","Île-du-Prince-Édouard","All genders","Tous les genres",5,"35 to 44 years","35 à 44 ans",11383,15825,0.7192895229
2021,"GE 44, 2021","ÉG 44, 2021",11,"Prince Edward Island","Île-du-Prince-Édouard","All genders","Tous les genres",6,"45 to 54 years","45 à 54 ans",13284,17580,0.7556072548
2021,"GE 44, 2021","ÉG 44, 2021",11,"Prince Edward Island","Île-du-Prince-Édouard","All genders","Tous les genres",7,"55 to 64 years","55 à 64 ans",18032,21701,0.8309362811
2021,"GE 44, 2021","ÉG 44, 2021",11,"Prince Edward Island","Île-du-Prince-Édouard","All genders","Tous les genres",8,"65 to 74 years","65 à 74 ans",16451,19354,0.8500046697
2021,"GE 44, 2021","ÉG 44, 2021",11,"Prince Edward Island","Île-du-Prince-Édouard","All genders","Tous les genres",9,"75 years and over","75 ans et plus",10559,13684,0.7716005798
2021,"GE 44, 2021","ÉG 44, 2021",11,"Prince Edward Island","Île-du-Prince-Édouard","All genders","Tous les genres",10,"All ages","Tous les âges",85277,117205,0.7275854337
2021,"GE 44, 2021","ÉG 44, 2021",11,"Prince Edward Island","Île-du-Prince-Édouard","Women+","Femmes+",1,"First time","1re fois",673,1570,0.4287643277
2021,"GE 44, 2021","ÉG 44, 2021",11,"Prince Edward Island","Île-du-Prince-Édouard","Women+","Femmes+",2,"Not first time","2e fois ou plus",2181,4599,0.4741898837
2021,"GE 44, 2021","ÉG 44, 2021",11,"Prince Edward Island","Île-du-Prince-Édouard","Women+","Femmes+",3,"18 to 24 years","18 à 24 ans",2854,6169,0.4626271679
2021,"GE 44, 2021","ÉG 44, 2021",11,"Prince Edward Island","Île-du-Prince-Édouard","Women+","Femmes+",4,"25 to 34 years","25 à 34 ans",5371,8270,0.6494015903
2021,"GE 44, 2021","ÉG 44, 2021",11,"Prince Edward Island","Île-du-Prince-Édouard","Women+","Femmes+",5,"35 to 44 years","35 à 44 ans",6051,8235,0.734795287
2021,"GE 44, 2021","ÉG 44, 2021",11,"Prince Edward Island","Île-du-Prince-Édouard","Women+","Femmes+",6,"45 to 54 years","45 à 54 ans",6998,9041,0.7740352722
2021,"GE 44, 2021","ÉG 44, 2021",11,"Prince Edward Island","Île-du-Prince-Édouard","Women+","Femmes+",7,"55 to 64 years","55 à 64 ans",9513,11270,0.8440583016
2021,"GE 44, 2021","ÉG 44, 2021",11,"Prince Edward Island","Île-du-Prince-Édouard","Women+","Femmes+",8,"65 to 74 years","65 à 74 ans",8610,9920,0.8679127527
2021,"GE 44, 2021","ÉG 44, 2021",11,"Prince Edward Island","Île-du-Prince-Édouard","Women+","Femmes+",9,"75 years and over","75 ans et plus",5849,7491,0.780807434
2021,"GE 44, 2021","ÉG 44, 2021",11,"Prince Edward Island","Île-du-Prince-Édouard","Women+","Femmes+",10,"All ages","Tous les âges",45246,60398,0.7491385163
2021,"GE 44, 2021","ÉG 44, 2021",11,"Prince Edward Island","Île-du-Prince-Édouard","Men+","Hommes+",1,"First time","1re fois",656,1587,0.4132204745
2021,"GE 44, 2021","ÉG 44, 2021",11,"Prince Edward Island","Île-du-Prince-Édouard","Men+","Hommes+",2,"Not first time","2e fois ou plus",1933,4858,0.3978239558
2021,"GE 44, 2021","ÉG 44, 2021",11,"Prince Edward Island","Île-du-Prince-Édouard","Men+","Hommes+",3,"18 to 24 years","18 à 24 ans",2588,6445,0.40161516
2021,"GE 44, 2021","ÉG 44, 2021",11,"Prince Edward Island","Île-du-Prince-Édouard","Men+","Hommes+",4,"25 to 34 years","25 à 34 ans",4756,8177,0.5815779794
2021,"GE 44, 2021","ÉG 44, 2021",11,"Prince Edward Island","Île-du-Prince-Édouard","Men+","Hommes+",5,"35 to 44 years","35 à 44 ans",5331,7589,0.7024638322
2021,"GE 44, 2021","ÉG 44, 2021",11,"Prince Edward Island","Île-du-Prince-Édouard","Men+","Hommes+",6,"45 to 54 years","45 à 54 ans",6286,8539,0.7360964058
2021,"GE 44, 2021","ÉG 44, 2021",11,"Prince Edward Island","Île-du-Prince-Édouard","Men+","Hommes+",7,"55 to 64 years","55 à 64 ans",8519,10430,0.8167573262
2021,"GE 44, 2021","ÉG 44, 2021",11,"Prince Edward Island","Île-du-Prince-Édouard","Men+","Hommes+",8,"65 to 74 years","65 à 74 ans",7841,9434,0.8311738429
2021,"GE 44, 2021","ÉG 44, 2021",11,"Prince Edward Island","Île-du-Prince-Édouard","Men+","Hommes+",9,"75 years and over","75 ans et plus",4709,6193,0.7604630989
2021,"GE 44, 2021","ÉG 44, 2021",11,"Prince Edward Island","Île-du-Prince-Édouard","Men+","Hommes+",10,"All ages","Tous les âges",40031,56808,0.7046704186
2021,"GE 44, 2021","ÉG 44, 2021",12,"Nova Scotia","Nouvelle-Écosse","All genders","Tous les genres",1,"First time","1re fois",7266,17437,0.416694457
2021,"GE 44, 2021","ÉG 44, 2021",12,"Nova Scotia","Nouvelle-Écosse","All genders","Tous les genres",2,"Not first time","2e fois ou plus",23981,51142,0.4689173464
2021,"GE 44, 2021","ÉG 44, 2021",12,"Nova Scotia","Nouvelle-Écosse","All genders","Tous les genres",3,"18 to 24 years","18 à 24 ans",31247,68579,0.4556389266
2021,"GE 44, 2021","ÉG 44, 2021",12,"Nova Scotia","Nouvelle-Écosse","All genders","Tous les genres",4,"25 to 34 years","25 à 34 ans",60016,111184,0.5397908554
2021,"GE 44, 2021","ÉG 44, 2021",12,"Nova Scotia","Nouvelle-Écosse","All genders","Tous les genres",5,"35 to 44 years","35 à 44 ans",63977,106357,0.6015334037
2021,"GE 44, 2021","ÉG 44, 2021",12,"Nova Scotia","Nouvelle-Écosse","All genders","Tous les genres",6,"45 to 54 years","45 à 54 ans",75633,118985,0.6356470901
2021,"GE 44, 2021","ÉG 44, 2021",12,"Nova Scotia","Nouvelle-Écosse","All genders","Tous les genres",7,"55 to 64 years","55 à 64 ans",105934,147096,0.7201700239
2021,"GE 44, 2021","ÉG 44, 2021",12,"Nova Scotia","Nouvelle-Écosse","All genders","Tous les genres",8,"65 to 74 years","65 à 74 ans",95947,121917,0.7869818808
2021,"GE 44, 2021","ÉG 44, 2021",12,"Nova Scotia","Nouvelle-Écosse","All genders","Tous les genres",9,"75 years and over","75 ans et plus",59986,88120,0.6807329377
2021,"GE 44, 2021","ÉG 44, 2021",12,"Nova Scotia","Nouvelle-Écosse","All genders","Tous les genres",10,"All ages","Tous les âges",492740,762238,0.6464384122
2021,"GE 44, 2021","ÉG 44, 2021",12,"Nova Scotia","Nouvelle-Écosse","Women+","Femmes+",1,"First time","1re fois",3947,8545,0.4618715097
2021,"GE 44, 2021","ÉG 44, 2021",12,"Nova Scotia","Nouvelle-Écosse","Women+","Femmes+",2,"Not first time","2e fois ou plus",13208,25010,0.528105666
2021,"GE 44, 2021","ÉG 44, 2021",12,"Nova Scotia","Nouvelle-Écosse","Women+","Femmes+",3,"18 to 24 years","18 à 24 ans",17155,33555,0.5112388776
2021,"GE 44, 2021","ÉG 44, 2021",12,"Nova Scotia","Nouvelle-Écosse","Women+","Femmes+",4,"25 to 34 years","25 à 34 ans",32482,55540,0.5848277161
2021,"GE 44, 2021","ÉG 44, 2021",12,"Nova Scotia","Nouvelle-Écosse","Women+","Femmes+",5,"35 to 44 years","35 à 44 ans",34357,55444,0.6196641643
2021,"GE 44, 2021","ÉG 44, 2021",12,"Nova Scotia","Nouvelle-Écosse","Women+","Femmes+",6,"45 to 54 years","45 à 54 ans",40634,61963,0.655785717
2021,"GE 44, 2021","ÉG 44, 2021",12,"Nova Scotia","Nouvelle-Écosse","Women+","Femmes+",7,"55 to 64 years","55 à 64 ans",56214,75991,0.7397477315
2021,"GE 44, 2021","ÉG 44, 2021",12,"Nova Scotia","Nouvelle-Écosse","Women+","Femmes+",8,"65 to 74 years","65 à 74 ans",50225,63013,0.7970525611
2021,"GE 44, 2021","ÉG 44, 2021",12,"Nova Scotia","Nouvelle-Écosse","Women+","Femmes+",9,"75 years and over","75 ans et plus",32449,48485,0.6692690503
2021,"GE 44, 2021","ÉG 44, 2021",12,"Nova Scotia","Nouvelle-Écosse","Women+","Femmes+",10,"All ages","Tous les âges",263516,393992,0.668835842
2021,"GE 44, 2021","ÉG 44, 2021",12,"Nova Scotia","Nouvelle-Écosse","Men+","Hommes+",1,"First time","1re fois",3319,8892,0.3732813
2021,"GE 44, 2021","ÉG 44, 2021",12,"Nova Scotia","Nouvelle-Écosse","Men+","Hommes+",2,"Not first time","2e fois ou plus",10773,26132,0.4122683282
2021,"GE 44, 2021","ÉG 44, 2021",12,"Nova Scotia","Nouvelle-Écosse","Men+","Hommes+",3,"18 to 24 years","18 à 24 ans",14093,35024,0.4023698676
2021,"GE 44, 2021","ÉG 44, 2021",12,"Nova Scotia","Nouvelle-Écosse","Men+","Hommes+",4,"25 to 34 years","25 à 34 ans",27534,55644,0.4948374431
2021,"GE 44, 2021","ÉG 44, 2021",12,"Nova Scotia","Nouvelle-Écosse","Men+","Hommes+",5,"35 to 44 years","35 à 44 ans",29620,50913,0.5817890295
2021,"GE 44, 2021","ÉG 44, 2021",12,"Nova Scotia","Nouvelle-Écosse","Men+","Hommes+",6,"45 to 54 years","45 à 54 ans",34998,57022,0.6137635242
2021,"GE 44, 2021","ÉG 44, 2021",12,"Nova Scotia","Nouvelle-Écosse","Men+","Hommes+",7,"55 to 64 years","55 à 64 ans",49720,71105,0.6992468933
2021,"GE 44, 2021","ÉG 44, 2021",12,"Nova Scotia","Nouvelle-Écosse","Men+","Hommes+",8,"65 to 74 years","65 à 74 ans",45722,58905,0.7762088195
2021,"GE 44, 2021","ÉG 44, 2021",12,"Nova Scotia","Nouvelle-Écosse","Men+","Hommes+",9,"75 years and over","75 ans et plus",27537,39635,0.6947565082
2021,"GE 44, 2021","ÉG 44, 2021",12,"Nova Scotia","Nouvelle-Écosse","Men+","Hommes+",10,"All ages","Tous les âges",229224,368247,0.6224751172
2021,"GE 44, 2021","ÉG 44, 2021",13,"New Brunswick","Nouveau-Brunswick","All genders","Tous les genres",1,"First time","1re fois",5340,13660,0.3909438667
2021,"GE 44, 2021","ÉG 44, 2021",13,"New Brunswick","Nouveau-Brunswick","All genders","Tous les genres",2,"Not first time","2e fois ou plus",16995,38277,0.4440034172
2021,"GE 44, 2021","ÉG 44, 2021",13,"New Brunswick","Nouveau-Brunswick","All genders","Tous les genres",3,"18 to 24 years","18 à 24 ans",22335,51937,0.4300481725
2021,"GE 44, 2021","ÉG 44, 2021",13,"New Brunswick","Nouveau-Brunswick","All genders","Tous les genres",4,"25 to 34 years","25 à 34 ans",42818,82964,0.5161087601
2021,"GE 44, 2021","ÉG 44, 2021",13,"New Brunswick","Nouveau-Brunswick","All genders","Tous les genres",5,"35 to 44 years","35 à 44 ans",53495,86495,0.6184764907
2021,"GE 44, 2021","ÉG 44, 2021",13,"New Brunswick","Nouveau-Brunswick","All genders","Tous les genres",6,"45 to 54 years","45 à 54 ans",64473,98735,0.652990742
2021,"GE 44, 2021","ÉG 44, 2021",13,"New Brunswick","Nouveau-Brunswick","All genders","Tous les genres",7,"55 to 64 years","55 à 64 ans",86568,119463,0.7246434268
2021,"GE 44, 2021","ÉG 44, 2021",13,"New Brunswick","Nouveau-Brunswick","All genders","Tous les genres",8,"65 to 74 years","65 à 74 ans",80475,102464,0.7853986219
2021,"GE 44, 2021","ÉG 44, 2021",13,"New Brunswick","Nouveau-Brunswick","All genders","Tous les genres",9,"75 years and over","75 ans et plus",50736,73196,0.6931511187
2021,"GE 44, 2021","ÉG 44, 2021",13,"New Brunswick","Nouveau-Brunswick","All genders","Tous les genres",10,"All ages","Tous les âges",400901,615254,0.651602703
2021,"GE 44, 2021","ÉG 44, 2021",13,"New Brunswick","Nouveau-Brunswick","Women+","Femmes+",1,"First time","1re fois",2783,6713,0.414600177
2021,"GE 44, 2021","ÉG 44, 2021",13,"New Brunswick","Nouveau-Brunswick","Women+","Femmes+",2,"Not first time","2e fois ou plus",8960,18584,0.4821186419
2021,"GE 44, 2021","ÉG 44, 2021",13,"New Brunswick","Nouveau-Brunswick","Women+","Femmes+",3,"18 to 24 years","18 à 24 ans",11743,25298,0.4642009309
2021,"GE 44, 2021","ÉG 44, 2021",13,"New Brunswick","Nouveau-Brunswick","Women+","Femmes+",4,"25 to 34 years","25 à 34 ans",22406,40816,0.5489429651
2021,"GE 44, 2021","ÉG 44, 2021",13,"New Brunswick","Nouveau-Brunswick","Women+","Femmes+",5,"35 to 44 years","35 à 44 ans",28249,44509,0.6346668341
2021,"GE 44, 2021","ÉG 44, 2021",13,"New Brunswick","Nouveau-Brunswick","Women+","Femmes+",6,"45 to 54 years","45 à 54 ans",33770,50477,0.6690016411
2021,"GE 44, 2021","ÉG 44, 2021",13,"New Brunswick","Nouveau-Brunswick","Women+","Femmes+",7,"55 to 64 years","55 à 64 ans",45256,61046,0.7413364184
2021,"GE 44, 2021","ÉG 44, 2021",13,"New Brunswick","Nouveau-Brunswick","Women+","Femmes+",8,"65 to 74 years","65 à 74 ans",41550,52530,0.7909730915
2021,"GE 44, 2021","ÉG 44, 2021",13,"New Brunswick","Nouveau-Brunswick","Women+","Femmes+",9,"75 years and over","75 ans et plus",27482,39760,0.69120745
2021,"GE 44, 2021","ÉG 44, 2021",13,"New Brunswick","Nouveau-Brunswick","Women+","Femmes+",10,"All ages","Tous les âges",210455,314437,0.6693077884
2021,"GE 44, 2021","ÉG 44, 2021",13,"New Brunswick","Nouveau-Brunswick","Men+","Hommes+",1,"First time","1re fois",2557,6947,0.3680815435
2021,"GE 44, 2021","ÉG 44, 2021",13,"New Brunswick","Nouveau-Brunswick","Men+","Hommes+",2,"Not first time","2e fois ou plus",8035,19692,0.4080329011
2021,"GE 44, 2021","ÉG 44, 2021",13,"New Brunswick","Nouveau-Brunswick","Men+","Hommes+",3,"18 to 24 years","18 à 24 ans",10592,26639,0.3976149445
2021,"GE 44, 2021","ÉG 44, 2021",13,"New Brunswick","Nouveau-Brunswick","Men+","Hommes+",4,"25 to 34 years","25 à 34 ans",20413,42148,0.4843117103
2021,"GE 44, 2021","ÉG 44, 2021",13,"New Brunswick","Nouveau-Brunswick","Men+","Hommes+",5,"35 to 44 years","35 à 44 ans",25246,41986,0.6013128657
2021,"GE 44, 2021","ÉG 44, 2021",13,"New Brunswick","Nouveau-Brunswick","Men+","Hommes+",6,"45 to 54 years","45 à 54 ans",30704,48258,0.6362433432
2021,"GE 44, 2021","ÉG 44, 2021",13,"New Brunswick","Nouveau-Brunswick","Men+","Hommes+",7,"55 to 64 years","55 à 64 ans",41313,58417,0.7071991336
2021,"GE 44, 2021","ÉG 44, 2021",13,"New Brunswick","Nouveau-Brunswick","Men+","Hommes+",8,"65 to 74 years","65 à 74 ans",38925,49934,0.7795343399
2021,"GE 44, 2021","ÉG 44, 2021",13,"New Brunswick","Nouveau-Brunswick","Men+","Hommes+",9,"75 years and over","75 ans et plus",23253,33436,0.6954624164
2021,"GE 44, 2021","ÉG 44, 2021",13,"New Brunswick","Nouveau-Brunswick","Men+","Hommes+",10,"All ages","Tous les âges",190446,300817,0.6330959563
2021,"GE 44, 2021","ÉG 44, 2021",24,"Quebec","Québec","All genders","Tous les genres",1,"First time","1re fois",80400,147427,0.5453538527
2021,"GE 44, 2021","ÉG 44, 2021",24,"Quebec","Québec","All genders","Tous les genres",2,"Not first time","2e fois ou plus",203509,413327,0.4923684371
2021,"GE 44, 2021","ÉG 44, 2021",24,"Quebec","Québec","All genders","Tous les genres",3,"18 to 24 years","18 à 24 ans",283909,560753,0.5062987503
2021,"GE 44, 2021","ÉG 44, 2021",24,"Quebec","Québec","All genders","Tous les genres",4,"25 to 34 years","25 à 34 ans",498163,926172,0.5378729965
2021,"GE 44, 2021","ÉG 44, 2021",24,"Quebec","Québec","All genders","Tous les genres",5,"35 to 44 years","35 à 44 ans",612531,1023392,0.5985304738
2021,"GE 44, 2021","ÉG 44, 2021",24,"Quebec","Québec","All genders","Tous les genres",6,"45 to 54 years","45 à 54 ans",638770,991606,0.64417694
2021,"GE 44, 2021","ÉG 44, 2021",24,"Quebec","Québec","All genders","Tous les genres",7,"55 to 64 years","55 à 64 ans",840011,1207500,0.6956613266
2021,"GE 44, 2021","ÉG 44, 2021",24,"Quebec","Québec","All genders","Tous les genres",8,"65 to 74 years","65 à 74 ans",749042,977030,0.766652048
2021,"GE 44, 2021","ÉG 44, 2021",24,"Quebec","Québec","All genders","Tous les genres",9,"75 years and over","75 ans et plus",509841,771729,0.6606479353
2021,"GE 44, 2021","ÉG 44, 2021",24,"Quebec","Québec","All genders","Tous les genres",10,"All ages","Tous les âges",4132267,6458182,0.6398498478
2021,"GE 44, 2021","ÉG 44, 2021",24,"Quebec","Québec","Women+","Femmes+",1,"First time","1re fois",42637,72046,0.5918087338
2021,"GE 44, 2021","ÉG 44, 2021",24,"Quebec","Québec","Women+","Femmes+",2,"Not first time","2e fois ou plus",108956,202961,0.5368354892
2021,"GE 44, 2021","ÉG 44, 2021",24,"Quebec","Québec","Women+","Femmes+",3,"18 to 24 years","18 à 24 ans",151594,275006,0.5512372744
2021,"GE 44, 2021","ÉG 44, 2021",24,"Quebec","Québec","Women+","Femmes+",4,"25 to 34 years","25 à 34 ans",262815,459795,0.571591291
2021,"GE 44, 2021","ÉG 44, 2021",24,"Quebec","Québec","Women+","Femmes+",5,"35 to 44 years","35 à 44 ans",319597,513463,0.6224335394
2021,"GE 44, 2021","ÉG 44, 2021",24,"Quebec","Québec","Women+","Femmes+",6,"45 to 54 years","45 à 54 ans",328892,494111,0.6656237708
2021,"GE 44, 2021","ÉG 44, 2021",24,"Quebec","Québec","Women+","Femmes+",7,"55 to 64 years","55 à 64 ans",436116,608322,0.7169162878
2021,"GE 44, 2021","ÉG 44, 2021",24,"Quebec","Québec","Women+","Femmes+",8,"65 to 74 years","65 à 74 ans",389448,500405,0.7782651076
2021,"GE 44, 2021","ÉG 44, 2021",24,"Quebec","Québec","Women+","Femmes+",9,"75 years and over","75 ans et plus",277781,431100,0.6443542771
2021,"GE 44, 2021","ÉG 44, 2021",24,"Quebec","Québec","Women+","Femmes+",10,"All ages","Tous les âges",2166242,3282202,0.6599964911
2021,"GE 44, 2021","ÉG 44, 2021",24,"Quebec","Québec","Men+","Hommes+",1,"First time","1re fois",37763,75381,0.500954577
2021,"GE 44, 2021","ÉG 44, 2021",24,"Quebec","Québec","Men+","Hommes+",2,"Not first time","2e fois ou plus",94552,210366,0.4494667154
2021,"GE 44, 2021","ÉG 44, 2021",24,"Quebec","Québec","Men+","Hommes+",3,"18 to 24 years","18 à 24 ans",132315,285747,0.4630494107
2021,"GE 44, 2021","ÉG 44, 2021",24,"Quebec","Québec","Men+","Hommes+",4,"25 to 34 years","25 à 34 ans",235348,466377,0.5046305429
2021,"GE 44, 2021","ÉG 44, 2021",24,"Quebec","Québec","Men+","Hommes+",5,"35 to 44 years","35 à 44 ans",292935,509929,0.5744617401
2021,"GE 44, 2021","ÉG 44, 2021",24,"Quebec","Québec","Men+","Hommes+",6,"45 to 54 years","45 à 54 ans",309878,497495,0.6228759853
2021,"GE 44, 2021","ÉG 44, 2021",24,"Quebec","Québec","Men+","Hommes+",7,"55 to 64 years","55 à 64 ans",403895,599178,0.6740820033
2021,"GE 44, 2021","ÉG 44, 2021",24,"Quebec","Québec","Men+","Hommes+",8,"65 to 74 years","65 à 74 ans",359595,476625,0.7544595869
2021,"GE 44, 2021","ÉG 44, 2021",24,"Quebec","Québec","Men+","Hommes+",9,"75 years and over","75 ans et plus",232060,340629,0.6812691683
2021,"GE 44, 2021","ÉG 44, 2021",24,"Quebec","Québec","Men+","Hommes+",10,"All ages","Tous les âges",1966025,3175980,0.6190293899
2021,"GE 44, 2021","ÉG 44, 2021",35,"Ontario","Ontario","All genders","Tous les genres",1,"First time","1re fois",118916,279864,0.4249071087
2021,"GE 44, 2021","ÉG 44, 2021",35,"Ontario","Ontario","All genders","Tous les genres",2,"Not first time","2e fois ou plus",381661,795933,0.4795138474
2021,"GE 44, 2021","ÉG 44, 2021",35,"Ontario","Ontario","All genders","Tous les genres",3,"18 to 24 years","18 à 24 ans",500577,1075797,0.4653081546
2021,"GE 44, 2021","ÉG 44, 2021",35,"Ontario","Ontario","All genders","Tous les genres",4,"25 to 34 years","25 à 34 ans",886252,1709561,0.5184089642
2021,"GE 44, 2021","ÉG 44, 2021",35,"Ontario","Ontario","All genders","Tous les genres",5,"35 to 44 years","35 à 44 ans",960100,1649107,0.5821939757
2021,"GE 44, 2021","ÉG 44, 2021",35,"Ontario","Ontario","All genders","Tous les genres",6,"45 to 54 years","45 à 54 ans",1086723,1706357,0.6368670134
2021,"GE 44, 2021","ÉG 44, 2021",35,"Ontario","Ontario","All genders","Tous les genres",7,"55 to 64 years","55 à 64 ans",1297916,1927861,0.6732416858
2021,"GE 44, 2021","ÉG 44, 2021",35,"Ontario","Ontario","All genders","Tous les genres",8,"65 to 74 years","65 à 74 ans",1053994,1432430,0.7358082455
2021,"GE 44, 2021","ÉG 44, 2021",35,"Ontario","Ontario","All genders","Tous les genres",9,"75 years and over","75 ans et plus",720008,1102159,0.653270729
2021,"GE 44, 2021","ÉG 44, 2021",35,"Ontario","Ontario","All genders","Tous les genres",10,"All ages","Tous les âges",6505569,10603270,0.6135436284
2021,"GE 44, 2021","ÉG 44, 2021",35,"Ontario","Ontario","Women+","Femmes+",1,"First time","1re fois",62490,136440,0.4580038974
2021,"GE 44, 2021","ÉG 44, 2021",35,"Ontario","Ontario","Women+","Femmes+",2,"Not first time","2e fois ou plus",200270,387790,0.5164406419
2021,"GE 44, 2021","ÉG 44, 2021",35,"Ontario","Ontario","Women+","Femmes+",3,"18 to 24 years","18 à 24 ans",262760,524229,0.5012314726
2021,"GE 44, 2021","ÉG 44, 2021",35,"Ontario","Ontario","Women+","Femmes+",4,"25 to 34 years","25 à 34 ans",459803,844247,0.5446310668
2021,"GE 44, 2021","ÉG 44, 2021",35,"Ontario","Ontario","Women+","Femmes+",5,"35 to 44 years","35 à 44 ans",504994,852656,0.5922602699
2021,"GE 44, 2021","ÉG 44, 2021",35,"Ontario","Ontario","Women+","Femmes+",6,"45 to 54 years","45 à 54 ans",568308,882385,0.6440592819
2021,"GE 44, 2021","ÉG 44, 2021",35,"Ontario","Ontario","Women+","Femmes+",7,"55 to 64 years","55 à 64 ans",673948,985468,0.6838861164
2021,"GE 44, 2021","ÉG 44, 2021",35,"Ontario","Ontario","Women+","Femmes+",8,"65 to 74 years","65 à 74 ans",550338,745573,0.7381413089
2021,"GE 44, 2021","ÉG 44, 2021",35,"Ontario","Ontario","Women+","Femmes+",9,"75 years and over","75 ans et plus",386023,607588,0.6353377651
2021,"GE 44, 2021","ÉG 44, 2021",35,"Ontario","Ontario","Women+","Femmes+",10,"All ages","Tous les âges",3406175,5442145,0.625888274
2021,"GE 44, 2021","ÉG 44, 2021",35,"Ontario","Ontario","Men+","Hommes+",1,"First time","1re fois",56426,143424,0.3934219688
2021,"GE 44, 2021","ÉG 44, 2021",35,"Ontario","Ontario","Men+","Hommes+",2,"Not first time","2e fois ou plus",181391,408143,0.4444285383
2021,"GE 44, 2021","ÉG 44, 2021",35,"Ontario","Ontario","Men+","Hommes+",3,"18 to 24 years","18 à 24 ans",237817,551567,0.4311653181
2021,"GE 44, 2021","ÉG 44, 2021",35,"Ontario","Ontario","Men+","Hommes+",4,"25 to 34 years","25 à 34 ans",426449,865314,0.4928252923
2021,"GE 44, 2021","ÉG 44, 2021",35,"Ontario","Ontario","Men+","Hommes+",5,"35 to 44 years","35 à 44 ans",455106,796450,0.5714172992
2021,"GE 44, 2021","ÉG 44, 2021",35,"Ontario","Ontario","Men+","Hommes+",6,"45 to 54 years","45 à 54 ans",518414,823972,0.6291648702
2021,"GE 44, 2021","ÉG 44, 2021",35,"Ontario","Ontario","Men+","Hommes+",7,"55 to 64 years","55 à 64 ans",623969,942393,0.6621107238
2021,"GE 44, 2021","ÉG 44, 2021",35,"Ontario","Ontario","Men+","Hommes+",8,"65 to 74 years","65 à 74 ans",503656,686857,0.7332757422
2021,"GE 44, 2021","ÉG 44, 2021",35,"Ontario","Ontario","Men+","Hommes+",9,"75 years and over","75 ans et plus",333985,494571,0.6753016425
2021,"GE 44, 2021","ÉG 44, 2021",35,"Ontario","Ontario","Men+","Hommes+",10,"All ages","Tous les âges",3099394,5161125,0.600526824
2021,"GE 44, 2021","ÉG 44, 2021",46,"Manitoba","Manitoba","All genders","Tous les genres",1,"First time","1re fois",11364,28068,0.4048663547
2021,"GE 44, 2021","ÉG 44, 2021",46,"Manitoba","Manitoba","All genders","Tous les genres",2,"Not first time","2e fois ou plus",34312,77772,0.4411831606
2021,"GE 44, 2021","ÉG 44, 2021",46,"Manitoba","Manitoba","All genders","Tous les genres",3,"18 to 24 years","18 à 24 ans",45676,105841,0.4315521594
2021,"GE 44, 2021","ÉG 44, 2021",46,"Manitoba","Manitoba","All genders","Tous les genres",4,"25 to 34 years","25 à 34 ans",79839,157710,0.5062397565
2021,"GE 44, 2021","ÉG 44, 2021",46,"Manitoba","Manitoba","All genders","Tous les genres",5,"35 to 44 years","35 à 44 ans",87890,151779,0.5790676832
2021,"GE 44, 2021","ÉG 44, 2021",46,"Manitoba","Manitoba","All genders","Tous les genres",6,"45 to 54 years","45 à 54 ans",91005,143314,0.6350024405
2021,"GE 44, 2021","ÉG 44, 2021",46,"Manitoba","Manitoba","All genders","Tous les genres",7,"55 to 64 years","55 à 64 ans",111890,160175,0.6985498344
2021,"GE 44, 2021","ÉG 44, 2021",46,"Manitoba","Manitoba","All genders","Tous les genres",8,"65 to 74 years","65 à 74 ans",96324,125180,0.769482569
2021,"GE 44, 2021","ÉG 44, 2021",46,"Manitoba","Manitoba","All genders","Tous les genres",9,"75 years and over","75 ans et plus",64954,93908,0.6916728387
2021,"GE 44, 2021","ÉG 44, 2021",46,"Manitoba","Manitoba","All genders","Tous les genres",10,"All ages","Tous les âges",577577,937906,0.6158155821
2021,"GE 44, 2021","ÉG 44, 2021",46,"Manitoba","Manitoba","Women+","Femmes+",1,"First time","1re fois",5932,13475,0.4402154831
2021,"GE 44, 2021","ÉG 44, 2021",46,"Manitoba","Manitoba","Women+","Femmes+",2,"Not first time","2e fois ou plus",17844,37659,0.4738450016
2021,"GE 44, 2021","ÉG 44, 2021",46,"Manitoba","Manitoba","Women+","Femmes+",3,"18 to 24 years","18 à 24 ans",23776,51134,0.4649829501
2021,"GE 44, 2021","ÉG 44, 2021",46,"Manitoba","Manitoba","Women+","Femmes+",4,"25 to 34 years","25 à 34 ans",41010,77628,0.5282838137
2021,"GE 44, 2021","ÉG 44, 2021",46,"Manitoba","Manitoba","Women+","Femmes+",5,"35 to 44 years","35 à 44 ans",45535,76862,0.5924229036
2021,"GE 44, 2021","ÉG 44, 2021",46,"Manitoba","Manitoba","Women+","Femmes+",6,"45 to 54 years","45 à 54 ans",46811,72168,0.6486296776
2021,"GE 44, 2021","ÉG 44, 2021",46,"Manitoba","Manitoba","Women+","Femmes+",7,"55 to 64 years","55 à 64 ans",57756,80826,0.714567318
2021,"GE 44, 2021","ÉG 44, 2021",46,"Manitoba","Manitoba","Women+","Femmes+",8,"65 to 74 years","65 à 74 ans",50081,64333,0.7784668291
2021,"GE 44, 2021","ÉG 44, 2021",46,"Manitoba","Manitoba","Women+","Femmes+",9,"75 years and over","75 ans et plus",35738,52230,0.6842412416
2021,"GE 44, 2021","ÉG 44, 2021",46,"Manitoba","Manitoba","Women+","Femmes+",10,"All ages","Tous les âges",300706,475181,0.6328240459
2021,"GE 44, 2021","ÉG 44, 2021",46,"Manitoba","Manitoba","Men+","Hommes+",1,"First time","1re fois",5432,14594,0.3722274011
2021,"GE 44, 2021","ÉG 44, 2021",46,"Manitoba","Manitoba","Men+","Hommes+",2,"Not first time","2e fois ou plus",16467,40114,0.4105199745
2021,"GE 44, 2021","ÉG 44, 2021",46,"Manitoba","Manitoba","Men+","Hommes+",3,"18 to 24 years","18 à 24 ans",21900,54707,0.4003050956
2021,"GE 44, 2021","ÉG 44, 2021",46,"Manitoba","Manitoba","Men+","Hommes+",4,"25 to 34 years","25 à 34 ans",38829,80082,0.4848711245
2021,"GE 44, 2021","ÉG 44, 2021",46,"Manitoba","Manitoba","Men+","Hommes+",5,"35 to 44 years","35 à 44 ans",42356,74917,0.565365856
2021,"GE 44, 2021","ÉG 44, 2021",46,"Manitoba","Manitoba","Men+","Hommes+",6,"45 to 54 years","45 à 54 ans",44194,71145,0.6211792334
2021,"GE 44, 2021","ÉG 44, 2021",46,"Manitoba","Manitoba","Men+","Hommes+",7,"55 to 64 years","55 à 64 ans",54134,79349,0.6822340609
2021,"GE 44, 2021","ÉG 44, 2021",46,"Manitoba","Manitoba","Men+","Hommes+",8,"65 to 74 years","65 à 74 ans",46242,60847,0.7599834869
2021,"GE 44, 2021","ÉG 44, 2021",46,"Manitoba","Manitoba","Men+","Hommes+",9,"75 years and over","75 ans et plus",29216,41678,0.7009859781
2021,"GE 44, 2021","ÉG 44, 2021",46,"Manitoba","Manitoba","Men+","Hommes+",10,"All ages","Tous les âges",276871,462725,0.5983492441
2021,"GE 44, 2021","ÉG 44, 2021",47,"Saskatchewan","Saskatchewan","All genders","Tous les genres",1,"First time","1re fois",9159,23059,0.3971905838
2021,"GE 44, 2021","ÉG 44, 2021",47,"Saskatchewan","Saskatchewan","All genders","Tous les genres",2,"Not first time","2e fois ou plus",27996,64371,0.4349241509
2021,"GE 44, 2021","ÉG 44, 2021",47,"Saskatchewan","Saskatchewan","All genders","Tous les genres",3,"18 to 24 years","18 à 24 ans",37155,87430,0.4249720677
2021,"GE 44, 2021","ÉG 44, 2021",47,"Saskatchewan","Saskatchewan","All genders","Tous les genres",4,"25 to 34 years","25 à 34 ans",74570,137996,0.5403782707
2021,"GE 44, 2021","ÉG 44, 2021",47,"Saskatchewan","Saskatchewan","All genders","Tous les genres",5,"35 to 44 years","35 à 44 ans",85436,137476,0.6214647713
2021,"GE 44, 2021","ÉG 44, 2021",47,"Saskatchewan","Saskatchewan","All genders","Tous les genres",6,"45 to 54 years","45 à 54 ans",77771,118413,0.6567722895
2021,"GE 44, 2021","ÉG 44, 2021",47,"Saskatchewan","Saskatchewan","All genders","Tous les genres",7,"55 to 64 years","55 à 64 ans",100920,141227,0.7145911491
2021,"GE 44, 2021","ÉG 44, 2021",47,"Saskatchewan","Saskatchewan","All genders","Tous les genres",8,"65 to 74 years","65 à 74 ans",85788,109388,0.7842535254
2021,"GE 44, 2021","ÉG 44, 2021",47,"Saskatchewan","Saskatchewan","All genders","Tous les genres",9,"75 years and over","75 ans et plus",57273,82594,0.6934332123
2021,"GE 44, 2021","ÉG 44, 2021",47,"Saskatchewan","Saskatchewan","All genders","Tous les genres",10,"All ages","Tous les âges",518913,814524,0.6370753227
2021,"GE 44, 2021","ÉG 44, 2021",47,"Saskatchewan","Saskatchewan","Women+","Femmes+",1,"First time","1re fois",4633,11176,0.414569942
2021,"GE 44, 2021","ÉG 44, 2021",47,"Saskatchewan","Saskatchewan","Women+","Femmes+",2,"Not first time","2e fois ou plus",14313,31392,0.4559603748
2021,"GE 44, 2021","ÉG 44, 2021",47,"Saskatchewan","Saskatchewan","Women+","Femmes+",3,"18 to 24 years","18 à 24 ans",18947,42568,0.445093627
2021,"GE 44, 2021","ÉG 44, 2021",47,"Saskatchewan","Saskatchewan","Women+","Femmes+",4,"25 to 34 years","25 à 34 ans",37788,67531,0.5595613441
2021,"GE 44, 2021","ÉG 44, 2021",47,"Saskatchewan","Saskatchewan","Women+","Femmes+",5,"35 to 44 years","35 à 44 ans",43317,68735,0.630207718
2021,"GE 44, 2021","ÉG 44, 2021",47,"Saskatchewan","Saskatchewan","Women+","Femmes+",6,"45 to 54 years","45 à 54 ans",39738,59179,0.6714867265
2021,"GE 44, 2021","ÉG 44, 2021",47,"Saskatchewan","Saskatchewan","Women+","Femmes+",7,"55 to 64 years","55 à 64 ans",51929,71017,0.7312268824
2021,"GE 44, 2021","ÉG 44, 2021",47,"Saskatchewan","Saskatchewan","Women+","Femmes+",8,"65 to 74 years","65 à 74 ans",43663,55056,0.7930590342
2021,"GE 44, 2021","ÉG 44, 2021",47,"Saskatchewan","Saskatchewan","Women+","Femmes+",9,"75 years and over","75 ans et plus",31402,45601,0.6886314225
2021,"GE 44, 2021","ÉG 44, 2021",47,"Saskatchewan","Saskatchewan","Women+","Femmes+",10,"All ages","Tous les âges",266784,409687,0.6511904961
2021,"GE 44, 2021","ÉG 44, 2021",47,"Saskatchewan","Saskatchewan","Men+","Hommes+",1,"First time","1re fois",4526,11883,0.3808461656
2021,"GE 44, 2021","ÉG 44, 2021",47,"Saskatchewan","Saskatchewan","Men+","Hommes+",2,"Not first time","2e fois ou plus",13683,32979,0.41490018
2021,"GE 44, 2021","ÉG 44, 2021",47,"Saskatchewan","Saskatchewan","Men+","Hommes+",3,"18 to 24 years","18 à 24 ans",18209,44862,0.4058796719
2021,"GE 44, 2021","ÉG 44, 2021",47,"Saskatchewan","Saskatchewan","Men+","Hommes+",4,"25 to 34 years","25 à 34 ans",36782,70465,0.5219940035
2021,"GE 44, 2021","ÉG 44, 2021",47,"Saskatchewan","Saskatchewan","Men+","Hommes+",5,"35 to 44 years","35 à 44 ans",42119,68741,0.6127225059
2021,"GE 44, 2021","ÉG 44, 2021",47,"Saskatchewan","Saskatchewan","Men+","Hommes+",6,"45 to 54 years","45 à 54 ans",38033,59234,0.6420714761
2021,"GE 44, 2021","ÉG 44, 2021",47,"Saskatchewan","Saskatchewan","Men+","Hommes+",7,"55 to 64 years","55 à 64 ans",48990,70210,0.6977643519
2021,"GE 44, 2021","ÉG 44, 2021",47,"Saskatchewan","Saskatchewan","Men+","Hommes+",8,"65 to 74 years","65 à 74 ans",42125,54332,0.7753306191
2021,"GE 44, 2021","ÉG 44, 2021",47,"Saskatchewan","Saskatchewan","Men+","Hommes+",9,"75 years and over","75 ans et plus",25871,36993,0.6993523399
2021,"GE 44, 2021","ÉG 44, 2021",47,"Saskatchewan","Saskatchewan","Men+","Hommes+",10,"All ages","Tous les âges",252129,404837,0.6227910604
2021,"GE 44, 2021","ÉG 44, 2021",48,"Alberta","Alberta","All genders","Tous les genres",1,"First time","1re fois",40321,87093,0.4629608337
2021,"GE 44, 2021","ÉG 44, 2021",48,"Alberta","Alberta","All genders","Tous les genres",2,"Not first time","2e fois ou plus",115425,237722,0.4855443847
2021,"GE 44, 2021","ÉG 44, 2021",48,"Alberta","Alberta","All genders","Tous les genres",3,"18 to 24 years","18 à 24 ans",155745,324815,0.4794890406
2021,"GE 44, 2021","ÉG 44, 2021",48,"Alberta","Alberta","All genders","Tous les genres",4,"25 to 34 years","25 à 34 ans",302519,540841,0.5593505183
2021,"GE 44, 2021","ÉG 44, 2021",48,"Alberta","Alberta","All genders","Tous les genres",5,"35 to 44 years","35 à 44 ans",364696,602715,0.6050895019
2021,"GE 44, 2021","ÉG 44, 2021",48,"Alberta","Alberta","All genders","Tous les genres",6,"45 to 54 years","45 à 54 ans",334130,507513,0.6583678034
2021,"GE 44, 2021","ÉG 44, 2021",48,"Alberta","Alberta","All genders","Tous les genres",7,"55 to 64 years","55 à 64 ans",362391,519682,0.6973324841
2021,"GE 44, 2021","ÉG 44, 2021",48,"Alberta","Alberta","All genders","Tous les genres",8,"65 to 74 years","65 à 74 ans",275595,369466,0.7459271466
2021,"GE 44, 2021","ÉG 44, 2021",48,"Alberta","Alberta","All genders","Tous les genres",9,"75 years and over","75 ans et plus",159832,240535,0.6644882228
2021,"GE 44, 2021","ÉG 44, 2021",48,"Alberta","Alberta","All genders","Tous les genres",10,"All ages","Tous les âges",1954910,3105567,0.6294857554
2021,"GE 44, 2021","ÉG 44, 2021",48,"Alberta","Alberta","Women+","Femmes+",1,"First time","1re fois",20964,42493,0.4933583938
2021,"GE 44, 2021","ÉG 44, 2021",48,"Alberta","Alberta","Women+","Femmes+",2,"Not first time","2e fois ou plus",59801,115460,0.5179371018
2021,"GE 44, 2021","ÉG 44, 2021",48,"Alberta","Alberta","Women+","Femmes+",3,"18 to 24 years","18 à 24 ans",80765,157953,0.5113248893
2021,"GE 44, 2021","ÉG 44, 2021",48,"Alberta","Alberta","Women+","Femmes+",4,"25 to 34 years","25 à 34 ans",157229,266452,0.5900810438
2021,"GE 44, 2021","ÉG 44, 2021",48,"Alberta","Alberta","Women+","Femmes+",5,"35 to 44 years","35 à 44 ans",186784,300077,0.6224550693
2021,"GE 44, 2021","ÉG 44, 2021",48,"Alberta","Alberta","Women+","Femmes+",6,"45 to 54 years","45 à 54 ans",169445,250763,0.6757175713
2021,"GE 44, 2021","ÉG 44, 2021",48,"Alberta","Alberta","Women+","Femmes+",7,"55 to 64 years","55 à 64 ans",185344,259225,0.7149922277
2021,"GE 44, 2021","ÉG 44, 2021",48,"Alberta","Alberta","Women+","Femmes+",8,"65 to 74 years","65 à 74 ans",139849,185714,0.7530348908
2021,"GE 44, 2021","ÉG 44, 2021",48,"Alberta","Alberta","Women+","Femmes+",9,"75 years and over","75 ans et plus",84652,130319,0.6495767399
2021,"GE 44, 2021","ÉG 44, 2021",48,"Alberta","Alberta","Women+","Femmes+",10,"All ages","Tous les âges",1004069,1550505,0.6475757616
2021,"GE 44, 2021","ÉG 44, 2021",48,"Alberta","Alberta","Men+","Hommes+",1,"First time","1re fois",19356,44600,0.4339994862
2021,"GE 44, 2021","ÉG 44, 2021",48,"Alberta","Alberta","Men+","Hommes+",2,"Not first time","2e fois ou plus",55624,122262,0.4549537778
2021,"GE 44, 2021","ÉG 44, 2021",48,"Alberta","Alberta","Men+","Hommes+",3,"18 to 24 years","18 à 24 ans",74980,166862,0.4493529665
2021,"GE 44, 2021","ÉG 44, 2021",48,"Alberta","Alberta","Men+","Hommes+",4,"25 to 34 years","25 à 34 ans",145291,274388,0.5295087683
2021,"GE 44, 2021","ÉG 44, 2021",48,"Alberta","Alberta","Men+","Hommes+",5,"35 to 44 years","35 à 44 ans",177912,302638,0.5878708689
2021,"GE 44, 2021","ÉG 44, 2021",48,"Alberta","Alberta","Men+","Hommes+",6,"45 to 54 years","45 à 54 ans",164685,256750,0.6414225499
2021,"GE 44, 2021","ÉG 44, 2021",48,"Alberta","Alberta","Men+","Hommes+",7,"55 to 64 years","55 à 64 ans",177048,260457,0.6797563237
2021,"GE 44, 2021","ÉG 44, 2021",48,"Alberta","Alberta","Men+","Hommes+",8,"65 to 74 years","65 à 74 ans",135745,183752,0.7387434782
2021,"GE 44, 2021","ÉG 44, 2021",48,"Alberta","Alberta","Men+","Hommes+",9,"75 years and over","75 ans et plus",75180,110215,0.6821197177
2021,"GE 44, 2021","ÉG 44, 2021",48,"Alberta","Alberta","Men+","Hommes+",10,"All ages","Tous les âges",950841,1555062,0.6114487633
2021,"GE 44, 2021","ÉG 44, 2021",59,"British Columbia","Colombie-Britannique","All genders","Tous les genres",1,"First time","1re fois",35406,86545,0.4091039588
2021,"GE 44, 2021","ÉG 44, 2021",59,"British Columbia","Colombie-Britannique","All genders","Tous les genres",2,"Not first time","2e fois ou plus",115367,247317,0.4664746502
2021,"GE 44, 2021","ÉG 44, 2021",59,"British Columbia","Colombie-Britannique","All genders","Tous les genres",3,"18 to 24 years","18 à 24 ans",150773,333862,0.4516028423
2021,"GE 44, 2021","ÉG 44, 2021",59,"British Columbia","Colombie-Britannique","All genders","Tous les genres",4,"25 to 34 years","25 à 34 ans",306492,581671,0.5269174713
2021,"GE 44, 2021","ÉG 44, 2021",59,"British Columbia","Colombie-Britannique","All genders","Tous les genres",5,"35 to 44 years","35 à 44 ans",343607,589060,0.5833145302
2021,"GE 44, 2021","ÉG 44, 2021",59,"British Columbia","Colombie-Britannique","All genders","Tous les genres",6,"45 to 54 years","45 à 54 ans",358950,577794,0.6212426311
2021,"GE 44, 2021","ÉG 44, 2021",59,"British Columbia","Colombie-Britannique","All genders","Tous les genres",7,"55 to 64 years","55 à 64 ans",442220,670682,0.6593598918
2021,"GE 44, 2021","ÉG 44, 2021",59,"British Columbia","Colombie-Britannique","All genders","Tous les genres",8,"65 to 74 years","65 à 74 ans",408813,553428,0.7386922384
2021,"GE 44, 2021","ÉG 44, 2021",59,"British Columbia","Colombie-Britannique","All genders","Tous les genres",9,"75 years and over","75 ans et plus",269105,417271,0.6449161215
2021,"GE 44, 2021","ÉG 44, 2021",59,"British Columbia","Colombie-Britannique","All genders","Tous les genres",10,"All ages","Tous les âges",2279961,3723767,0.6122727417
2021,"GE 44, 2021","ÉG 44, 2021",59,"British Columbia","Colombie-Britannique","Women+","Femmes+",1,"First time","1re fois",18849,42094,0.4477746987
2021,"GE 44, 2021","ÉG 44, 2021",59,"British Columbia","Colombie-Britannique","Women+","Femmes+",2,"Not first time","2e fois ou plus",61315,120384,0.5093282446
2021,"GE 44, 2021","ÉG 44, 2021",59,"British Columbia","Colombie-Britannique","Women+","Femmes+",3,"18 to 24 years","18 à 24 ans",80164,162479,0.493381202
2021,"GE 44, 2021","ÉG 44, 2021",59,"British Columbia","Colombie-Britannique","Women+","Femmes+",4,"25 to 34 years","25 à 34 ans",160858,286497,0.5614650042
2021,"GE 44, 2021","ÉG 44, 2021",59,"British Columbia","Colombie-Britannique","Women+","Femmes+",5,"35 to 44 years","35 à 44 ans",178783,300199,0.5955474358
2021,"GE 44, 2021","ÉG 44, 2021",59,"British Columbia","Colombie-Britannique","Women+","Femmes+",6,"45 to 54 years","45 à 54 ans",187672,299116,0.6274223173
2021,"GE 44, 2021","ÉG 44, 2021",59,"British Columbia","Colombie-Britannique","Women+","Femmes+",7,"55 to 64 years","55 à 64 ans",233201,346236,0.6735324114
2021,"GE 44, 2021","ÉG 44, 2021",59,"British Columbia","Colombie-Britannique","Women+","Femmes+",8,"65 to 74 years","65 à 74 ans",212522,285676,0.7439254931
2021,"GE 44, 2021","ÉG 44, 2021",59,"British Columbia","Colombie-Britannique","Women+","Femmes+",9,"75 years and over","75 ans et plus",140349,222974,0.6294387232
2021,"GE 44, 2021","ÉG 44, 2021",59,"British Columbia","Colombie-Britannique","Women+","Femmes+",10,"All ages","Tous les âges",1193549,1903178,0.6271346618
2021,"GE 44, 2021","ÉG 44, 2021",59,"British Columbia","Colombie-Britannique","Men+","Hommes+",1,"First time","1re fois",16557,44450,0.3724829731
2021,"GE 44, 2021","ÉG 44, 2021",59,"British Columbia","Colombie-Britannique","Men+","Hommes+",2,"Not first time","2e fois ou plus",54052,126933,0.425831896
2021,"GE 44, 2021","ÉG 44, 2021",59,"British Columbia","Colombie-Britannique","Men+","Hommes+",3,"18 to 24 years","18 à 24 ans",70609,171383,0.4119951808
2021,"GE 44, 2021","ÉG 44, 2021",59,"British Columbia","Colombie-Britannique","Men+","Hommes+",4,"25 to 34 years","25 à 34 ans",145635,295174,0.493385511
2021,"GE 44, 2021","ÉG 44, 2021",59,"British Columbia","Colombie-Britannique","Men+","Hommes+",5,"35 to 44 years","35 à 44 ans",164824,288861,0.5706014562
2021,"GE 44, 2021","ÉG 44, 2021",59,"British Columbia","Colombie-Britannique","Men+","Hommes+",6,"45 to 54 years","45 à 54 ans",171278,278678,0.6146097132
2021,"GE 44, 2021","ÉG 44, 2021",59,"British Columbia","Colombie-Britannique","Men+","Hommes+",7,"55 to 64 years","55 à 64 ans",209019,324445,0.6442355076
2021,"GE 44, 2021","ÉG 44, 2021",59,"British Columbia","Colombie-Britannique","Men+","Hommes+",8,"65 to 74 years","65 à 74 ans",196291,267752,0.7331086444
2021,"GE 44, 2021","ÉG 44, 2021",59,"British Columbia","Colombie-Britannique","Men+","Hommes+",9,"75 years and over","75 ans et plus",128756,194297,0.6626779156
2021,"GE 44, 2021","ÉG 44, 2021",59,"British Columbia","Colombie-Britannique","Men+","Hommes+",10,"All ages","Tous les âges",1086412,1820589,0.5967366347
2021,"GE 44, 2021","ÉG 44, 2021",60,"Yukon","Yukon","All genders","Tous les genres",1,"First time","1re fois",241,778,0.3090806578
2021,"GE 44, 2021","ÉG 44, 2021",60,"Yukon","Yukon","All genders","Tous les genres",2,"Not first time","2e fois ou plus",765,2104,0.3636693243
2021,"GE 44, 2021","ÉG 44, 2021",60,"Yukon","Yukon","All genders","Tous les genres",3,"18 to 24 years","18 à 24 ans",1006,2883,0.3489284399
2021,"GE 44, 2021","ÉG 44, 2021",60,"Yukon","Yukon","All genders","Tous les genres",4,"25 to 34 years","25 à 34 ans",3230,5364,0.6020378323
2021,"GE 44, 2021","ÉG 44, 2021",60,"Yukon","Yukon","All genders","Tous les genres",5,"35 to 44 years","35 à 44 ans",3819,6038,0.6323932013
2021,"GE 44, 2021","ÉG 44, 2021",60,"Yukon","Yukon","All genders","Tous les genres",6,"45 to 54 years","45 à 54 ans",3258,5001,0.6515208724
2021,"GE 44, 2021","ÉG 44, 2021",60,"Yukon","Yukon","All genders","Tous les genres",7,"55 to 64 years","55 à 64 ans",3817,5776,0.6609214863
2021,"GE 44, 2021","ÉG 44, 2021",60,"Yukon","Yukon","All genders","Tous les genres",8,"65 to 74 years","65 à 74 ans",3043,4211,0.7225347907
2021,"GE 44, 2021","ÉG 44, 2021",60,"Yukon","Yukon","All genders","Tous les genres",9,"75 years and over","75 ans et plus",1376,1925,0.7146549215
2021,"GE 44, 2021","ÉG 44, 2021",60,"Yukon","Yukon","All genders","Tous les genres",10,"All ages","Tous les âges",19548,31198,0.6265732042
2021,"GE 44, 2021","ÉG 44, 2021",60,"Yukon","Yukon","Women+","Femmes+",1,"First time","1re fois",114,364,0.3133213091
2021,"GE 44, 2021","ÉG 44, 2021",60,"Yukon","Yukon","Women+","Femmes+",2,"Not first time","2e fois ou plus",434,1021,0.4252131351
2021,"GE 44, 2021","ÉG 44, 2021",60,"Yukon","Yukon","Women+","Femmes+",3,"18 to 24 years","18 à 24 ans",548,1386,0.3957907884
2021,"GE 44, 2021","ÉG 44, 2021",60,"Yukon","Yukon","Women+","Femmes+",4,"25 to 34 years","25 à 34 ans",1769,2658,0.6657612975
2021,"GE 44, 2021","ÉG 44, 2021",60,"Yukon","Yukon","Women+","Femmes+",5,"35 to 44 years","35 à 44 ans",2041,3140,0.6499170131
2021,"GE 44, 2021","ÉG 44, 2021",60,"Yukon","Yukon","Women+","Femmes+",6,"45 to 54 years","45 à 54 ans",1733,2613,0.6633414843
2021,"GE 44, 2021","ÉG 44, 2021",60,"Yukon","Yukon","Women+","Femmes+",7,"55 to 64 years","55 à 64 ans",2029,2914,0.6963826992
2021,"GE 44, 2021","ÉG 44, 2021",60,"Yukon","Yukon","Women+","Femmes+",8,"65 to 74 years","65 à 74 ans",1514,2002,0.7562189772
2021,"GE 44, 2021","ÉG 44, 2021",60,"Yukon","Yukon","Women+","Femmes+",9,"75 years and over","75 ans et plus",652,909,0.7173097617
2021,"GE 44, 2021","ÉG 44, 2021",60,"Yukon","Yukon","Women+","Femmes+",10,"All ages","Tous les âges",10287,15622,0.6585304557
2021,"GE 44, 2021","ÉG 44, 2021",60,"Yukon","Yukon","Men+","Hommes+",1,"First time","1re fois",126,414,0.3053488369
2021,"GE 44, 2021","ÉG 44, 2021",60,"Yukon","Yukon","Men+","Hommes+",2,"Not first time","2e fois ou plus",331,1083,0.3056272227
2021,"GE 44, 2021","ÉG 44, 2021",60,"Yukon","Yukon","Men+","Hommes+",3,"18 to 24 years","18 à 24 ans",457,1497,0.3055502237
2021,"GE 44, 2021","ÉG 44, 2021",60,"Yukon","Yukon","Men+","Hommes+",4,"25 to 34 years","25 à 34 ans",1460,2707,0.5394715814
2021,"GE 44, 2021","ÉG 44, 2021",60,"Yukon","Yukon","Men+","Hommes+",5,"35 to 44 years","35 à 44 ans",1778,2899,0.613410979
2021,"GE 44, 2021","ÉG 44, 2021",60,"Yukon","Yukon","Men+","Hommes+",6,"45 to 54 years","45 à 54 ans",1525,2388,0.6385874435
2021,"GE 44, 2021","ÉG 44, 2021",60,"Yukon","Yukon","Men+","Hommes+",7,"55 to 64 years","55 à 64 ans",1788,2861,0.6248032736
2021,"GE 44, 2021","ÉG 44, 2021",60,"Yukon","Yukon","Men+","Hommes+",8,"65 to 74 years","65 à 74 ans",1529,2209,0.6920131881
2021,"GE 44, 2021","ÉG 44, 2021",60,"Yukon","Yukon","Men+","Hommes+",9,"75 years and over","75 ans et plus",723,1016,0.71227801
2021,"GE 44, 2021","ÉG 44, 2021",60,"Yukon","Yukon","Men+","Hommes+",10,"All ages","Tous les âges",9261,15577,0.5945239282
2021,"GE 44, 2021","ÉG 44, 2021",61,"Northwest Territories","Territoires du Nord-Ouest","All genders","Tous les genres",1,"First time","1re fois",202,986,0.2050262089
2021,"GE 44, 2021","ÉG 44, 2021",61,"Northwest Territories","Territoires du Nord-Ouest","All genders","Tous les genres",2,"Not first time","2e fois ou plus",663,2852,0.232586056
2021,"GE 44, 2021","ÉG 44, 2021",61,"Northwest Territories","Territoires du Nord-Ouest","All genders","Tous les genres",3,"18 to 24 years","18 à 24 ans",865,3837,0.2255064272
2021,"GE 44, 2021","ÉG 44, 2021",61,"Northwest Territories","Territoires du Nord-Ouest","All genders","Tous les genres",4,"25 to 34 years","25 à 34 ans",2699,6603,0.4087244444
2021,"GE 44, 2021","ÉG 44, 2021",61,"Northwest Territories","Territoires du Nord-Ouest","All genders","Tous les genres",5,"35 to 44 years","35 à 44 ans",2955,6598,0.4478990441
2021,"GE 44, 2021","ÉG 44, 2021",61,"Northwest Territories","Territoires du Nord-Ouest","All genders","Tous les genres",6,"45 to 54 years","45 à 54 ans",2644,5218,0.5066907993
2021,"GE 44, 2021","ÉG 44, 2021",61,"Northwest Territories","Territoires du Nord-Ouest","All genders","Tous les genres",7,"55 to 64 years","55 à 64 ans",2929,5737,0.5105675281
2021,"GE 44, 2021","ÉG 44, 2021",61,"Northwest Territories","Territoires du Nord-Ouest","All genders","Tous les genres",8,"65 to 74 years","65 à 74 ans",1559,3133,0.4973897709
2021,"GE 44, 2021","ÉG 44, 2021",61,"Northwest Territories","Territoires du Nord-Ouest","All genders","Tous les genres",9,"75 years and over","75 ans et plus",599,1267,0.4727650437
2021,"GE 44, 2021","ÉG 44, 2021",61,"Northwest Territories","Territoires du Nord-Ouest","All genders","Tous les genres",10,"All ages","Tous les âges",14250,32394,0.4398991288
2021,"GE 44, 2021","ÉG 44, 2021",61,"Northwest Territories","Territoires du Nord-Ouest","Women+","Femmes+",1,"First time","1re fois",130,524,0.2488396156
2021,"GE 44, 2021","ÉG 44, 2021",61,"Northwest Territories","Territoires du Nord-Ouest","Women+","Femmes+",2,"Not first time","2e fois ou plus",370,1369,0.2705698007
2021,"GE 44, 2021","ÉG 44, 2021",61,"Northwest Territories","Territoires du Nord-Ouest","Women+","Femmes+",3,"18 to 24 years","18 à 24 ans",501,1893,0.2645542298
2021,"GE 44, 2021","ÉG 44, 2021",61,"Northwest Territories","Territoires du Nord-Ouest","Women+","Femmes+",4,"25 to 34 years","25 à 34 ans",1447,3164,0.4574651667
2021,"GE 44, 2021","ÉG 44, 2021",61,"Northwest Territories","Territoires du Nord-Ouest","Women+","Femmes+",5,"35 to 44 years","35 à 44 ans",1579,3358,0.4703325787
2021,"GE 44, 2021","ÉG 44, 2021",61,"Northwest Territories","Territoires du Nord-Ouest","Women+","Femmes+",6,"45 to 54 years","45 à 54 ans",1339,2615,0.5119776341
2021,"GE 44, 2021","ÉG 44, 2021",61,"Northwest Territories","Territoires du Nord-Ouest","Women+","Femmes+",7,"55 to 64 years","55 à 64 ans",1482,2786,0.5318131404
2021,"GE 44, 2021","ÉG 44, 2021",61,"Northwest Territories","Territoires du Nord-Ouest","Women+","Femmes+",8,"65 to 74 years","65 à 74 ans",762,1451,0.5250053506
2021,"GE 44, 2021","ÉG 44, 2021",61,"Northwest Territories","Territoires du Nord-Ouest","Women+","Femmes+",9,"75 years and over","75 ans et plus",299,617,0.4849504155
2021,"GE 44, 2021","ÉG 44, 2021",61,"Northwest Territories","Territoires du Nord-Ouest","Women+","Femmes+",10,"All ages","Tous les âges",7409,15883,0.4664500075
2021,"GE 44, 2021","ÉG 44, 2021",61,"Northwest Territories","Territoires du Nord-Ouest","Men+","Hommes+",1,"First time","1re fois",72,462,0.1553177043
2021,"GE 44, 2021","ÉG 44, 2021",61,"Northwest Territories","Territoires du Nord-Ouest","Men+","Hommes+",2,"Not first time","2e fois ou plus",293,1483,0.1975274182
2021,"GE 44, 2021","ÉG 44, 2021",61,"Northwest Territories","Territoires du Nord-Ouest","Men+","Hommes+",3,"18 to 24 years","18 à 24 ans",365,1945,0.1875039673
2021,"GE 44, 2021","ÉG 44, 2021",61,"Northwest Territories","Territoires du Nord-Ouest","Men+","Hommes+",4,"25 to 34 years","25 à 34 ans",1251,3439,0.3638837951
2021,"GE 44, 2021","ÉG 44, 2021",61,"Northwest Territories","Territoires du Nord-Ouest","Men+","Hommes+",5,"35 to 44 years","35 à 44 ans",1376,3240,0.4246439788
2021,"GE 44, 2021","ÉG 44, 2021",61,"Northwest Territories","Territoires du Nord-Ouest","Men+","Hommes+",6,"45 to 54 years","45 à 54 ans",1305,2603,0.5013791016
2021,"GE 44, 2021","ÉG 44, 2021",61,"Northwest Territories","Territoires du Nord-Ouest","Men+","Hommes+",7,"55 to 64 years","55 à 64 ans",1448,2952,0.4905148092
2021,"GE 44, 2021","ÉG 44, 2021",61,"Northwest Territories","Territoires du Nord-Ouest","Men+","Hommes+",8,"65 to 74 years","65 à 74 ans",797,1683,0.473583265
2021,"GE 44, 2021","ÉG 44, 2021",61,"Northwest Territories","Territoires du Nord-Ouest","Men+","Hommes+",9,"75 years and over","75 ans et plus",300,650,0.4612015678
2021,"GE 44, 2021","ÉG 44, 2021",61,"Northwest Territories","Territoires du Nord-Ouest","Men+","Hommes+",10,"All ages","Tous les âges",6841,16511,0.4143571096
2021,"GE 44, 2021","ÉG 44, 2021",62,"Nunavut","Nunavut","All genders","Tous les genres",1,"First time","1re fois",71,1215,0.0581381893
2021,"GE 44, 2021","ÉG 44, 2021",62,"Nunavut","Nunavut","All genders","Tous les genres",2,"Not first time","2e fois ou plus",419,3195,0.1309809157
2021,"GE 44, 2021","ÉG 44, 2021",62,"Nunavut","Nunavut","All genders","Tous les genres",3,"18 to 24 years","18 à 24 ans",489,4410,0.1109158042
2021,"GE 44, 2021","ÉG 44, 2021",62,"Nunavut","Nunavut","All genders","Tous les genres",4,"25 to 34 years","25 à 34 ans",1455,6180,0.2353790392
2021,"GE 44, 2021","ÉG 44, 2021",62,"Nunavut","Nunavut","All genders","Tous les genres",5,"35 to 44 years","35 à 44 ans",1559,5198,0.2999685414
2021,"GE 44, 2021","ÉG 44, 2021",62,"Nunavut","Nunavut","All genders","Tous les genres",6,"45 to 54 years","45 à 54 ans",1498,3990,0.3754350727
2021,"GE 44, 2021","ÉG 44, 2021",62,"Nunavut","Nunavut","All genders","Tous les genres",7,"55 to 64 years","55 à 64 ans",1380,3169,0.4355757457
2021,"GE 44, 2021","ÉG 44, 2021",62,"Nunavut","Nunavut","All genders","Tous les genres",8,"65 to 74 years","65 à 74 ans",673,1351,0.4982712268
2021,"GE 44, 2021","ÉG 44, 2021",62,"Nunavut","Nunavut","All genders","Tous les genres",9,"75 years and over","75 ans et plus",213,443,0.4803895146
2021,"GE 44, 2021","ÉG 44, 2021",62,"Nunavut","Nunavut","All genders","Tous les genres",10,"All ages","Tous les âges",7267,24740,0.2937318742
2021,"GE 44, 2021","ÉG 44, 2021",62,"Nunavut","Nunavut","Women+","Femmes+",1,"First time","1re fois",45,602,0.074453179
2021,"GE 44, 2021","ÉG 44, 2021",62,"Nunavut","Nunavut","Women+","Femmes+",2,"Not first time","2e fois ou plus",246,1563,0.1574279693
2021,"GE 44, 2021","ÉG 44, 2021",62,"Nunavut","Nunavut","Women+","Femmes+",3,"18 to 24 years","18 à 24 ans",291,2165,0.1343565844
2021,"GE 44, 2021","ÉG 44, 2021",62,"Nunavut","Nunavut","Women+","Femmes+",4,"25 to 34 years","25 à 34 ans",836,3060,0.2732124002
2021,"GE 44, 2021","ÉG 44, 2021",62,"Nunavut","Nunavut","Women+","Femmes+",5,"35 to 44 years","35 à 44 ans",825,2608,0.3164278242
2021,"GE 44, 2021","ÉG 44, 2021",62,"Nunavut","Nunavut","Women+","Femmes+",6,"45 to 54 years","45 à 54 ans",751,1927,0.389831863
2021,"GE 44, 2021","ÉG 44, 2021",62,"Nunavut","Nunavut","Women+","Femmes+",7,"55 to 64 years","55 à 64 ans",663,1506,0.4398383967
2021,"GE 44, 2021","ÉG 44, 2021",62,"Nunavut","Nunavut","Women+","Femmes+",8,"65 to 74 years","65 à 74 ans",305,626,0.4877024237
2021,"GE 44, 2021","ÉG 44, 2021",62,"Nunavut","Nunavut","Women+","Femmes+",9,"75 years and over","75 ans et plus",102,222,0.458200058
2021,"GE 44, 2021","ÉG 44, 2021",62,"Nunavut","Nunavut","Women+","Femmes+",10,"All ages","Tous les âges",3773,12115,0.3114504267
2021,"GE 44, 2021","ÉG 44, 2021",62,"Nunavut","Nunavut","Men+","Hommes+",1,"First time","1re fois",26,613,0.0421061009
2021,"GE 44, 2021","ÉG 44, 2021",62,"Nunavut","Nunavut","Men+","Hommes+",2,"Not first time","2e fois ou plus",172,1632,0.1056478494
2021,"GE 44, 2021","ÉG 44, 2021",62,"Nunavut","Nunavut","Men+","Hommes+",3,"18 to 24 years","18 à 24 ans",198,2245,0.0883038242
2021,"GE 44, 2021","ÉG 44, 2021",62,"Nunavut","Nunavut","Men+","Hommes+",4,"25 to 34 years","25 à 34 ans",619,3121,0.1982848442
2021,"GE 44, 2021","ÉG 44, 2021",62,"Nunavut","Nunavut","Men+","Hommes+",5,"35 to 44 years","35 à 44 ans",734,2590,0.2833942733
2021,"GE 44, 2021","ÉG 44, 2021",62,"Nunavut","Nunavut","Men+","Hommes+",6,"45 to 54 years","45 à 54 ans",747,2063,0.3619861726
2021,"GE 44, 2021","ÉG 44, 2021",62,"Nunavut","Nunavut","Men+","Hommes+",7,"55 to 64 years","55 à 64 ans",718,1662,0.4317127478
2021,"GE 44, 2021","ÉG 44, 2021",62,"Nunavut","Nunavut","Men+","Hommes+",8,"65 to 74 years","65 à 74 ans",368,725,0.5074055651
2021,"GE 44, 2021","ÉG 44, 2021",62,"Nunavut","Nunavut","Men+","Hommes+",9,"75 years and over","75 ans et plus",111,220,0.5027748144
2021,"GE 44, 2021","ÉG 44, 2021",62,"Nunavut","Nunavut","Men+","Hommes+",10,"All ages","Tous les âges",3494,12625,0.276729517
2021,"GE 44, 2021","ÉG 44, 2021",99,"Canada","Canada","All genders","Tous les genres",1,"First time","1re fois",312518,698651,0.4473161038
2021,"GE 44, 2021","ÉG 44, 2021",99,"Canada","Canada","All genders","Tous les genres",2,"Not first time","2e fois ou plus",933386,1969184,0.473996075
2021,"GE 44, 2021","ÉG 44, 2021",99,"Canada","Canada","All genders","Tous les genres",3,"18 to 24 years","18 à 24 ans",1245903,2667835,0.467009141
2021,"GE 44, 2021","ÉG 44, 2021",99,"Canada","Canada","All genders","Tous les genres",4,"25 to 34 years","25 à 34 ans",2288123,4335858,0.5277208859
2021,"GE 44, 2021","ÉG 44, 2021",99,"Canada","Canada","All genders","Tous les genres",5,"35 to 44 years","35 à 44 ans",2618461,4437810,0.5900345506
2021,"GE 44, 2021","ÉG 44, 2021",99,"Canada","Canada","All genders","Tous les genres",6,"45 to 54 years","45 à 54 ans",2784752,4366808,0.6377087292
2021,"GE 44, 2021","ÉG 44, 2021",99,"Canada","Canada","All genders","Tous les genres",7,"55 to 64 years","55 à 64 ans",3423091,5012707,0.6828827141
2021,"GE 44, 2021","ÉG 44, 2021",99,"Canada","Canada","All genders","Tous les genres",8,"65 to 74 years","65 à 74 ans",2916857,3892210,0.749408943
2021,"GE 44, 2021","ÉG 44, 2021",99,"Canada","Canada","All genders","Tous les genres",9,"75 years and over","75 ans et plus",1932624,2933937,0.6587135976
2021,"GE 44, 2021","ÉG 44, 2021",99,"Canada","Canada","All genders","Tous les genres",10,"All ages","Tous les âges",17209811,27647165,0.6224801365
2021,"GE 44, 2021","ÉG 44, 2021",99,"Canada","Canada","Women+","Femmes+",1,"First time","1re fois",164532,340642,0.4830054422
2021,"GE 44, 2021","ÉG 44, 2021",99,"Canada","Canada","Women+","Femmes+",2,"Not first time","2e fois ou plus",492249,960325,0.5125861111
2021,"GE 44, 2021","ÉG 44, 2021",99,"Canada","Canada","Women+","Femmes+",3,"18 to 24 years","18 à 24 ans",656781,1300966,0.5048407865
2021,"GE 44, 2021","ÉG 44, 2021",99,"Canada","Canada","Women+","Femmes+",4,"25 to 34 years","25 à 34 ans",1194461,2142212,0.5575830832
2021,"GE 44, 2021","ÉG 44, 2021",99,"Canada","Canada","Women+","Femmes+",5,"35 to 44 years","35 à 44 ans",1366716,2259468,0.6048840779
2021,"GE 44, 2021","ÉG 44, 2021",99,"Canada","Canada","Women+","Femmes+",6,"45 to 54 years","45 à 54 ans",1445913,2223582,0.6502631014
2021,"GE 44, 2021","ÉG 44, 2021",99,"Canada","Canada","Women+","Femmes+",7,"55 to 64 years","55 à 64 ans",1779626,2548984,0.6981710075
2021,"GE 44, 2021","ÉG 44, 2021",99,"Canada","Canada","Women+","Femmes+",8,"65 to 74 years","65 à 74 ans",1514276,2003523,0.7558068937
2021,"GE 44, 2021","ÉG 44, 2021",99,"Canada","Canada","Women+","Femmes+",9,"75 years and over","75 ans et plus",1037586,1612587,0.6434295597
2021,"GE 44, 2021","ÉG 44, 2021",99,"Canada","Canada","Women+","Femmes+",10,"All ages","Tous les âges",8995360,14091321,0.6383617284
2021,"GE 44, 2021","ÉG 44, 2021",99,"Canada","Canada","Men+","Hommes+",1,"First time","1re fois",147986,358009,0.4133581258
2021,"GE 44, 2021","ÉG 44, 2021",99,"Canada","Canada","Men+","Hommes+",2,"Not first time","2e fois ou plus",441136,1008859,0.4372625442
2021,"GE 44, 2021","ÉG 44, 2021",99,"Canada","Canada","Men+","Hommes+",3,"18 to 24 years","18 à 24 ans",589123,1366869,0.4310015147
2021,"GE 44, 2021","ÉG 44, 2021",99,"Canada","Canada","Men+","Hommes+",4,"25 to 34 years","25 à 34 ans",1093662,2193646,0.4985588696
2021,"GE 44, 2021","ÉG 44, 2021",99,"Canada","Canada","Men+","Hommes+",5,"35 to 44 years","35 à 44 ans",1251745,2178342,0.5746319938
2021,"GE 44, 2021","ÉG 44, 2021",99,"Canada","Canada","Men+","Hommes+",6,"45 to 54 years","45 à 54 ans",1338839,2143227,0.6246836597
2021,"GE 44, 2021","ÉG 44, 2021",99,"Canada","Canada","Men+","Hommes+",7,"55 to 64 years","55 à 64 ans",1643464,2463723,0.6670653476
2021,"GE 44, 2021","ÉG 44, 2021",99,"Canada","Canada","Men+","Hommes+",8,"65 to 74 years","65 à 74 ans",1402581,1888687,0.7426219867
2021,"GE 44, 2021","ÉG 44, 2021",99,"Canada","Canada","Men+","Hommes+",9,"75 years and over","75 ans et plus",895038,1321350,0.6773663722
2021,"GE 44, 2021","ÉG 44, 2021",99,"Canada","Canada","Men+","Hommes+",10,"All ages","Tous les âges",8214451,13555844,0.6059711962
2025,"GE 45, 2025","ÉG 45, 2025",10,"Newfoundland and Labrador","Terre-Neuve-et-Labrador","All genders","Tous les genres",1,"First time","1re fois",8771,13315,0.6587250811007
2025,"GE 45, 2025","ÉG 45, 2025",10,"Newfoundland and Labrador","Terre-Neuve-et-Labrador","All genders","Tous les genres",2,"Not first time","2e fois ou plus",8636,14722,0.586644902747189
2025,"GE 45, 2025","ÉG 45, 2025",10,"Newfoundland and Labrador","Terre-Neuve-et-Labrador","All genders","Tous les genres",3,"18 to 24 years","18 à 24 ans",17407,28037,0.620877029936586
2025,"GE 45, 2025","ÉG 45, 2025",10,"Newfoundland and Labrador","Terre-Neuve-et-Labrador","All genders","Tous les genres",4,"25 to 34 years","25 à 34 ans",28873,50683,0.56966825185824
2025,"GE 45, 2025","ÉG 45, 2025",10,"Newfoundland and Labrador","Terre-Neuve-et-Labrador","All genders","Tous les genres",5,"35 to 44 years","35 à 44 ans",36205,60645,0.597000247997036
2025,"GE 45, 2025","ÉG 45, 2025",10,"Newfoundland and Labrador","Terre-Neuve-et-Labrador","All genders","Tous les genres",6,"45 to 54 years","45 à 54 ans",44687,69630,0.641781858475724
2025,"GE 45, 2025","ÉG 45, 2025",10,"Newfoundland and Labrador","Terre-Neuve-et-Labrador","All genders","Tous les genres",7,"55 to 64 years","55 à 64 ans",58640,83487,0.702378849075664
2025,"GE 45, 2025","ÉG 45, 2025",10,"Newfoundland and Labrador","Terre-Neuve-et-Labrador","All genders","Tous les genres",8,"65 to 74 years","65 à 74 ans",57856,78140,0.740409731514314
2025,"GE 45, 2025","ÉG 45, 2025",10,"Newfoundland and Labrador","Terre-Neuve-et-Labrador","All genders","Tous les genres",9,"75 years and over","75 ans et plus",37550,56969,0.659127726806783
2025,"GE 45, 2025","ÉG 45, 2025",10,"Newfoundland and Labrador","Terre-Neuve-et-Labrador","All genders","Tous les genres",10,"All ages","Tous les âges",281218,427592,0.657678347583678
2025,"GE 45, 2025","ÉG 45, 2025",10,"Newfoundland and Labrador","Terre-Neuve-et-Labrador","Women+","Femmes+",1,"First time","1re fois",4419,6507,0.679106574768468
2025,"GE 45, 2025","ÉG 45, 2025",10,"Newfoundland and Labrador","Terre-Neuve-et-Labrador","Women+","Femmes+",2,"Not first time","2e fois ou plus",4400,7275,0.604885371498565
2025,"GE 45, 2025","ÉG 45, 2025",10,"Newfoundland and Labrador","Terre-Neuve-et-Labrador","Women+","Femmes+",3,"18 to 24 years","18 à 24 ans",8820,13782,0.63992966694198
2025,"GE 45, 2025","ÉG 45, 2025",10,"Newfoundland and Labrador","Terre-Neuve-et-Labrador","Women+","Femmes+",4,"25 to 34 years","25 à 34 ans",14911,25386,0.587377044479586
2025,"GE 45, 2025","ÉG 45, 2025",10,"Newfoundland and Labrador","Terre-Neuve-et-Labrador","Women+","Femmes+",5,"35 to 44 years","35 à 44 ans",19050,30906,0.61638795456965
2025,"GE 45, 2025","ÉG 45, 2025",10,"Newfoundland and Labrador","Terre-Neuve-et-Labrador","Women+","Femmes+",6,"45 to 54 years","45 à 54 ans",23797,35538,0.669639695746501
2025,"GE 45, 2025","ÉG 45, 2025",10,"Newfoundland and Labrador","Terre-Neuve-et-Labrador","Women+","Femmes+",7,"55 to 64 years","55 à 64 ans",31002,42691,0.726193450674207
2025,"GE 45, 2025","ÉG 45, 2025",10,"Newfoundland and Labrador","Terre-Neuve-et-Labrador","Women+","Femmes+",8,"65 to 74 years","65 à 74 ans",29900,40120,0.745250578545357
2025,"GE 45, 2025","ÉG 45, 2025",10,"Newfoundland and Labrador","Terre-Neuve-et-Labrador","Women+","Femmes+",9,"75 years and over","75 ans et plus",19738,31319,0.63021754707099
2025,"GE 45, 2025","ÉG 45, 2025",10,"Newfoundland and Labrador","Terre-Neuve-et-Labrador","Women+","Femmes+",10,"All ages","Tous les âges",147218,219742,0.669956803390758
2025,"GE 45, 2025","ÉG 45, 2025",10,"Newfoundland and Labrador","Terre-Neuve-et-Labrador","Men+","Hommes+",1,"First time","1re fois",4352,6808,0.639243536200044
2025,"GE 45, 2025","ÉG 45, 2025",10,"Newfoundland and Labrador","Terre-Neuve-et-Labrador","Men+","Hommes+",2,"Not first time","2e fois ou plus",4236,7447,0.568826537262404
2025,"GE 45, 2025","ÉG 45, 2025",10,"Newfoundland and Labrador","Terre-Neuve-et-Labrador","Men+","Hommes+",3,"18 to 24 years","18 à 24 ans",8588,14255,0.602456503006555
2025,"GE 45, 2025","ÉG 45, 2025",10,"Newfoundland and Labrador","Terre-Neuve-et-Labrador","Men+","Hommes+",4,"25 to 34 years","25 à 34 ans",13962,25298,0.551897889404547
2025,"GE 45, 2025","ÉG 45, 2025",10,"Newfoundland and Labrador","Terre-Neuve-et-Labrador","Men+","Hommes+",5,"35 to 44 years","35 à 44 ans",17155,29740,0.576852208122152
2025,"GE 45, 2025","ÉG 45, 2025",10,"Newfoundland and Labrador","Terre-Neuve-et-Labrador","Men+","Hommes+",6,"45 to 54 years","45 à 54 ans",20890,34093,0.612743217427924
2025,"GE 45, 2025","ÉG 45, 2025",10,"Newfoundland and Labrador","Terre-Neuve-et-Labrador","Men+","Hommes+",7,"55 to 64 years","55 à 64 ans",27637,40796,0.677457695579916
2025,"GE 45, 2025","ÉG 45, 2025",10,"Newfoundland and Labrador","Terre-Neuve-et-Labrador","Men+","Hommes+",8,"65 to 74 years","65 à 74 ans",27956,38020,0.735301482229285
2025,"GE 45, 2025","ÉG 45, 2025",10,"Newfoundland and Labrador","Terre-Neuve-et-Labrador","Men+","Hommes+",9,"75 years and over","75 ans et plus",17812,25650,0.694428247427956
2025,"GE 45, 2025","ÉG 45, 2025",10,"Newfoundland and Labrador","Terre-Neuve-et-Labrador","Men+","Hommes+",10,"All ages","Tous les âges",134000,207850,0.644697401894608
2025,"GE 45, 2025","ÉG 45, 2025",11,"Prince Edward Island","Île-du-Prince-Édouard","All genders","Tous les genres",1,"First time","1re fois",3739,4760,0.785626895707744
2025,"GE 45, 2025","ÉG 45, 2025",11,"Prince Edward Island","Île-du-Prince-Édouard","All genders","Tous les genres",2,"Not first time","2e fois ou plus",3434,4989,0.688265074453335
2025,"GE 45, 2025","ÉG 45, 2025",11,"Prince Edward Island","Île-du-Prince-Édouard","All genders","Tous les genres",3,"18 to 24 years","18 à 24 ans",7173,9749,0.735801343532849
2025,"GE 45, 2025","ÉG 45, 2025",11,"Prince Edward Island","Île-du-Prince-Édouard","All genders","Tous les genres",4,"25 to 34 years","25 à 34 ans",12042,17539,0.686610646964017
2025,"GE 45, 2025","ÉG 45, 2025",11,"Prince Edward Island","Île-du-Prince-Édouard","All genders","Tous les genres",5,"35 to 44 years","35 à 44 ans",13927,18537,0.751308573209662
2025,"GE 45, 2025","ÉG 45, 2025",11,"Prince Edward Island","Île-du-Prince-Édouard","All genders","Tous les genres",6,"45 to 54 years","45 à 54 ans",15028,18982,0.791717452178605
2025,"GE 45, 2025","ÉG 45, 2025",11,"Prince Edward Island","Île-du-Prince-Édouard","All genders","Tous les genres",7,"55 to 64 years","55 à 64 ans",18732,22511,0.832122321669933
2025,"GE 45, 2025","ÉG 45, 2025",11,"Prince Edward Island","Île-du-Prince-Édouard","All genders","Tous les genres",8,"65 to 74 years","65 à 74 ans",18075,20928,0.86369294356404
2025,"GE 45, 2025","ÉG 45, 2025",11,"Prince Edward Island","Île-du-Prince-Édouard","All genders","Tous les genres",9,"75 years and over","75 ans et plus",13167,16484,0.798795141199482
2025,"GE 45, 2025","ÉG 45, 2025",11,"Prince Edward Island","Île-du-Prince-Édouard","All genders","Tous les genres",10,"All ages","Tous les âges",98145,124729,0.786865925326107
2025,"GE 45, 2025","ÉG 45, 2025",11,"Prince Edward Island","Île-du-Prince-Édouard","Women+","Femmes+",1,"First time","1re fois",1891,2363,0.800187680500596
2025,"GE 45, 2025","ÉG 45, 2025",11,"Prince Edward Island","Île-du-Prince-Édouard","Women+","Femmes+",2,"Not first time","2e fois ou plus",1748,2462,0.709732230681736
2025,"GE 45, 2025","ÉG 45, 2025",11,"Prince Edward Island","Île-du-Prince-Édouard","Women+","Femmes+",3,"18 to 24 years","18 à 24 ans",3639,4826,0.75403186347917
2025,"GE 45, 2025","ÉG 45, 2025",11,"Prince Edward Island","Île-du-Prince-Édouard","Women+","Femmes+",4,"25 to 34 years","25 à 34 ans",6205,8821,0.703368339535043
2025,"GE 45, 2025","ÉG 45, 2025",11,"Prince Edward Island","Île-du-Prince-Édouard","Women+","Femmes+",5,"35 to 44 years","35 à 44 ans",7338,9508,0.771756355982159
2025,"GE 45, 2025","ÉG 45, 2025",11,"Prince Edward Island","Île-du-Prince-Édouard","Women+","Femmes+",6,"45 to 54 years","45 à 54 ans",7907,9753,0.810761840847166
2025,"GE 45, 2025","ÉG 45, 2025",11,"Prince Edward Island","Île-du-Prince-Édouard","Women+","Femmes+",7,"55 to 64 years","55 à 64 ans",9804,11557,0.848318806567733
2025,"GE 45, 2025","ÉG 45, 2025",11,"Prince Edward Island","Île-du-Prince-Édouard","Women+","Femmes+",8,"65 to 74 years","65 à 74 ans",9503,10945,0.868271391385887
2025,"GE 45, 2025","ÉG 45, 2025",11,"Prince Edward Island","Île-du-Prince-Édouard","Women+","Femmes+",9,"75 years and over","75 ans et plus",7262,9255,0.784634411965807
2025,"GE 45, 2025","ÉG 45, 2025",11,"Prince Edward Island","Île-du-Prince-Édouard","Women+","Femmes+",10,"All ages","Tous les âges",51657,64665,0.798849013881162
2025,"GE 45, 2025","ÉG 45, 2025",11,"Prince Edward Island","Île-du-Prince-Édouard","Men+","Hommes+",1,"First time","1re fois",1848,2396,0.771266640511827
2025,"GE 45, 2025","ÉG 45, 2025",11,"Prince Edward Island","Île-du-Prince-Édouard","Men+","Hommes+",2,"Not first time","2e fois ou plus",1686,2527,0.667343158632191
2025,"GE 45, 2025","ÉG 45, 2025",11,"Prince Edward Island","Île-du-Prince-Édouard","Men+","Hommes+",3,"18 to 24 years","18 à 24 ans",3534,4923,0.717930677719382
2025,"GE 45, 2025","ÉG 45, 2025",11,"Prince Edward Island","Île-du-Prince-Édouard","Men+","Hommes+",4,"25 to 34 years","25 à 34 ans",5838,8718,0.669654129764104
2025,"GE 45, 2025","ÉG 45, 2025",11,"Prince Edward Island","Île-du-Prince-Édouard","Men+","Hommes+",5,"35 to 44 years","35 à 44 ans",6589,9029,0.729775163311085
2025,"GE 45, 2025","ÉG 45, 2025",11,"Prince Edward Island","Île-du-Prince-Édouard","Men+","Hommes+",6,"45 to 54 years","45 à 54 ans",7121,9229,0.771591235742405
2025,"GE 45, 2025","ÉG 45, 2025",11,"Prince Edward Island","Île-du-Prince-Édouard","Men+","Hommes+",7,"55 to 64 years","55 à 64 ans",8928,10954,0.815035230898786
2025,"GE 45, 2025","ÉG 45, 2025",11,"Prince Edward Island","Île-du-Prince-Édouard","Men+","Hommes+",8,"65 to 74 years","65 à 74 ans",8572,9983,0.85867359827583
2025,"GE 45, 2025","ÉG 45, 2025",11,"Prince Edward Island","Île-du-Prince-Édouard","Men+","Hommes+",9,"75 years and over","75 ans et plus",5905,7229,0.816925604663782
2025,"GE 45, 2025","ÉG 45, 2025",11,"Prince Edward Island","Île-du-Prince-Édouard","Men+","Hommes+",10,"All ages","Tous les âges",46488,60064,0.773965114947522
2025,"GE 45, 2025","ÉG 45, 2025",12,"Nova Scotia","Nouvelle-Écosse","All genders","Tous les genres",1,"First time","1re fois",18978,26065,0.728120492561388
2025,"GE 45, 2025","ÉG 45, 2025",12,"Nova Scotia","Nouvelle-Écosse","All genders","Tous les genres",2,"Not first time","2e fois ou plus",19299,30319,0.63654876725426
2025,"GE 45, 2025","ÉG 45, 2025",12,"Nova Scotia","Nouvelle-Écosse","All genders","Tous les genres",3,"18 to 24 years","18 à 24 ans",38278,56383,0.678880244398104
2025,"GE 45, 2025","ÉG 45, 2025",12,"Nova Scotia","Nouvelle-Écosse","All genders","Tous les genres",4,"25 to 34 years","25 à 34 ans",72357,113613,0.636871464360969
2025,"GE 45, 2025","ÉG 45, 2025",12,"Nova Scotia","Nouvelle-Écosse","All genders","Tous les genres",5,"35 to 44 years","35 à 44 ans",83399,122756,0.679390579803085
2025,"GE 45, 2025","ÉG 45, 2025",12,"Nova Scotia","Nouvelle-Écosse","All genders","Tous les genres",6,"45 to 54 years","45 à 54 ans",88497,122701,0.721240439409085
2025,"GE 45, 2025","ÉG 45, 2025",12,"Nova Scotia","Nouvelle-Écosse","All genders","Tous les genres",7,"55 to 64 years","55 à 64 ans",113093,147343,0.767548012820028
2025,"GE 45, 2025","ÉG 45, 2025",12,"Nova Scotia","Nouvelle-Écosse","All genders","Tous les genres",8,"65 to 74 years","65 à 74 ans",109956,135851,0.809385866751891
2025,"GE 45, 2025","ÉG 45, 2025",12,"Nova Scotia","Nouvelle-Écosse","All genders","Tous les genres",9,"75 years and over","75 ans et plus",76867,106424,0.722266500318823
2025,"GE 45, 2025","ÉG 45, 2025",12,"Nova Scotia","Nouvelle-Écosse","All genders","Tous les genres",10,"All ages","Tous les âges",582447,805073,0.723471039272215
2025,"GE 45, 2025","ÉG 45, 2025",12,"Nova Scotia","Nouvelle-Écosse","Women+","Femmes+",1,"First time","1re fois",9663,12870,0.750858355297678
2025,"GE 45, 2025","ÉG 45, 2025",12,"Nova Scotia","Nouvelle-Écosse","Women+","Femmes+",2,"Not first time","2e fois ou plus",10059,15272,0.65869547941132
2025,"GE 45, 2025","ÉG 45, 2025",12,"Nova Scotia","Nouvelle-Écosse","Women+","Femmes+",3,"18 to 24 years","18 à 24 ans",19723,28142,0.700843714127453
2025,"GE 45, 2025","ÉG 45, 2025",12,"Nova Scotia","Nouvelle-Écosse","Women+","Femmes+",4,"25 to 34 years","25 à 34 ans",37549,57090,0.657714005349791
2025,"GE 45, 2025","ÉG 45, 2025",12,"Nova Scotia","Nouvelle-Écosse","Women+","Femmes+",5,"35 to 44 years","35 à 44 ans",43620,62207,0.701205745440437
2025,"GE 45, 2025","ÉG 45, 2025",12,"Nova Scotia","Nouvelle-Écosse","Women+","Femmes+",6,"45 to 54 years","45 à 54 ans",46914,63090,0.743613869750204
2025,"GE 45, 2025","ÉG 45, 2025",12,"Nova Scotia","Nouvelle-Écosse","Women+","Femmes+",7,"55 to 64 years","55 à 64 ans",59633,75843,0.786269812468836
2025,"GE 45, 2025","ÉG 45, 2025",12,"Nova Scotia","Nouvelle-Écosse","Women+","Femmes+",8,"65 to 74 years","65 à 74 ans",57955,70757,0.819065493193799
2025,"GE 45, 2025","ÉG 45, 2025",12,"Nova Scotia","Nouvelle-Écosse","Women+","Femmes+",9,"75 years and over","75 ans et plus",41557,59372,0.699936501910656
2025,"GE 45, 2025","ÉG 45, 2025",12,"Nova Scotia","Nouvelle-Écosse","Women+","Femmes+",10,"All ages","Tous les âges",306950,416500,0.736975008871923
2025,"GE 45, 2025","ÉG 45, 2025",12,"Nova Scotia","Nouvelle-Écosse","Men+","Hommes+",1,"First time","1re fois",9315,13195,0.705942875474987
2025,"GE 45, 2025","ÉG 45, 2025",12,"Nova Scotia","Nouvelle-Écosse","Men+","Hommes+",2,"Not first time","2e fois ou plus",9240,15047,0.614071022149946
2025,"GE 45, 2025","ÉG 45, 2025",12,"Nova Scotia","Nouvelle-Écosse","Men+","Hommes+",3,"18 to 24 years","18 à 24 ans",18555,28242,0.656994702878863
2025,"GE 45, 2025","ÉG 45, 2025",12,"Nova Scotia","Nouvelle-Écosse","Men+","Hommes+",4,"25 to 34 years","25 à 34 ans",34808,56523,0.615819962396044
2025,"GE 45, 2025","ÉG 45, 2025",12,"Nova Scotia","Nouvelle-Écosse","Men+","Hommes+",5,"35 to 44 years","35 à 44 ans",39780,60549,0.656978208607605
2025,"GE 45, 2025","ÉG 45, 2025",12,"Nova Scotia","Nouvelle-Écosse","Men+","Hommes+",6,"45 to 54 years","45 à 54 ans",41583,59612,0.697561725384767
2025,"GE 45, 2025","ÉG 45, 2025",12,"Nova Scotia","Nouvelle-Écosse","Men+","Hommes+",7,"55 to 64 years","55 à 64 ans",53460,71500,0.747689222220556
2025,"GE 45, 2025","ÉG 45, 2025",12,"Nova Scotia","Nouvelle-Écosse","Men+","Hommes+",8,"65 to 74 years","65 à 74 ans",52002,65094,0.798864216297643
2025,"GE 45, 2025","ÉG 45, 2025",12,"Nova Scotia","Nouvelle-Écosse","Men+","Hommes+",9,"75 years and over","75 ans et plus",35310,47052,0.750443720404644
2025,"GE 45, 2025","ÉG 45, 2025",12,"Nova Scotia","Nouvelle-Écosse","Men+","Hommes+",10,"All ages","Tous les âges",275497,388573,0.708996516243044
2025,"GE 45, 2025","ÉG 45, 2025",13,"New Brunswick","Nouveau-Brunswick","All genders","Tous les genres",1,"First time","1re fois",15023,21424,0.701255490848846
2025,"GE 45, 2025","ÉG 45, 2025",13,"New Brunswick","Nouveau-Brunswick","All genders","Tous les genres",2,"Not first time","2e fois ou plus",14829,23824,0.622414446707982
2025,"GE 45, 2025","ÉG 45, 2025",13,"New Brunswick","Nouveau-Brunswick","All genders","Tous les genres",3,"18 to 24 years","18 à 24 ans",29852,45248,0.659743497417119
2025,"GE 45, 2025","ÉG 45, 2025",13,"New Brunswick","Nouveau-Brunswick","All genders","Tous les genres",4,"25 to 34 years","25 à 34 ans",52906,84312,0.627508861035015
2025,"GE 45, 2025","ÉG 45, 2025",13,"New Brunswick","Nouveau-Brunswick","All genders","Tous les genres",5,"35 to 44 years","35 à 44 ans",65406,95155,0.687364365117242
2025,"GE 45, 2025","ÉG 45, 2025",13,"New Brunswick","Nouveau-Brunswick","All genders","Tous les genres",6,"45 to 54 years","45 à 54 ans",75593,102909,0.734558894073301
2025,"GE 45, 2025","ÉG 45, 2025",13,"New Brunswick","Nouveau-Brunswick","All genders","Tous les genres",7,"55 to 64 years","55 à 64 ans",92412,118768,0.778086734499031
2025,"GE 45, 2025","ÉG 45, 2025",13,"New Brunswick","Nouveau-Brunswick","All genders","Tous les genres",8,"65 to 74 years","65 à 74 ans",91086,111769,0.814943021744093
2025,"GE 45, 2025","ÉG 45, 2025",13,"New Brunswick","Nouveau-Brunswick","All genders","Tous les genres",9,"75 years and over","75 ans et plus",63817,86183,0.74047424479338
2025,"GE 45, 2025","ÉG 45, 2025",13,"New Brunswick","Nouveau-Brunswick","All genders","Tous les genres",10,"All ages","Tous les âges",471071,644344,0.731086189985474
2025,"GE 45, 2025","ÉG 45, 2025",13,"New Brunswick","Nouveau-Brunswick","Women+","Femmes+",1,"First time","1re fois",7628,10577,0.721203639727279
2025,"GE 45, 2025","ÉG 45, 2025",13,"New Brunswick","Nouveau-Brunswick","Women+","Femmes+",2,"Not first time","2e fois ou plus",7593,11784,0.644337650323355
2025,"GE 45, 2025","ÉG 45, 2025",13,"New Brunswick","Nouveau-Brunswick","Women+","Femmes+",3,"18 to 24 years","18 à 24 ans",15221,22361,0.680696441612163
2025,"GE 45, 2025","ÉG 45, 2025",13,"New Brunswick","Nouveau-Brunswick","Women+","Femmes+",4,"25 to 34 years","25 à 34 ans",26967,41479,0.650123360996742
2025,"GE 45, 2025","ÉG 45, 2025",13,"New Brunswick","Nouveau-Brunswick","Women+","Femmes+",5,"35 to 44 years","35 à 44 ans",33822,47735,0.708538684898454
2025,"GE 45, 2025","ÉG 45, 2025",13,"New Brunswick","Nouveau-Brunswick","Women+","Femmes+",6,"45 to 54 years","45 à 54 ans",39301,52032,0.755335599942762
2025,"GE 45, 2025","ÉG 45, 2025",13,"New Brunswick","Nouveau-Brunswick","Women+","Femmes+",7,"55 to 64 years","55 à 64 ans",47753,60007,0.795783333569913
2025,"GE 45, 2025","ÉG 45, 2025",13,"New Brunswick","Nouveau-Brunswick","Women+","Femmes+",8,"65 to 74 years","65 à 74 ans",47264,57662,0.819679734790861
2025,"GE 45, 2025","ÉG 45, 2025",13,"New Brunswick","Nouveau-Brunswick","Women+","Femmes+",9,"75 years and over","75 ans et plus",34185,47680,0.716966943514354
2025,"GE 45, 2025","ÉG 45, 2025",13,"New Brunswick","Nouveau-Brunswick","Women+","Femmes+",10,"All ages","Tous les âges",244513,328956,0.743300565453562
2025,"GE 45, 2025","ÉG 45, 2025",13,"New Brunswick","Nouveau-Brunswick","Men+","Hommes+",1,"First time","1re fois",7395,10846,0.681802754929406
2025,"GE 45, 2025","ÉG 45, 2025",13,"New Brunswick","Nouveau-Brunswick","Men+","Hommes+",2,"Not first time","2e fois ou plus",7236,12040,0.600958089461352
2025,"GE 45, 2025","ÉG 45, 2025",13,"New Brunswick","Nouveau-Brunswick","Men+","Hommes+",3,"18 to 24 years","18 à 24 ans",14631,22887,0.63927189453652
2025,"GE 45, 2025","ÉG 45, 2025",13,"New Brunswick","Nouveau-Brunswick","Men+","Hommes+",4,"25 to 34 years","25 à 34 ans",25940,42833,0.605609074747494
2025,"GE 45, 2025","ÉG 45, 2025",13,"New Brunswick","Nouveau-Brunswick","Men+","Hommes+",5,"35 to 44 years","35 à 44 ans",31584,47419,0.666049103408765
2025,"GE 45, 2025","ÉG 45, 2025",13,"New Brunswick","Nouveau-Brunswick","Men+","Hommes+",6,"45 to 54 years","45 à 54 ans",36292,50878,0.713311003441028
2025,"GE 45, 2025","ÉG 45, 2025",13,"New Brunswick","Nouveau-Brunswick","Men+","Hommes+",7,"55 to 64 years","55 à 64 ans",44659,58760,0.760014604944234
2025,"GE 45, 2025","ÉG 45, 2025",13,"New Brunswick","Nouveau-Brunswick","Men+","Hommes+",8,"65 to 74 years","65 à 74 ans",43821,54107,0.809895089990055
2025,"GE 45, 2025","ÉG 45, 2025",13,"New Brunswick","Nouveau-Brunswick","Men+","Hommes+",9,"75 years and over","75 ans et plus",29632,38504,0.769583655096763
2025,"GE 45, 2025","ÉG 45, 2025",13,"New Brunswick","Nouveau-Brunswick","Men+","Hommes+",10,"All ages","Tous les âges",226558,315388,0.718346354980922
2025,"GE 45, 2025","ÉG 45, 2025",24,"Quebec","Québec","All genders","Tous les genres",1,"First time","1re fois",183164,284349,0.64415291712925
2025,"GE 45, 2025","ÉG 45, 2025",24,"Quebec","Québec","All genders","Tous les genres",2,"Not first time","2e fois ou plus",161123,269511,0.597833939037091
2025,"GE 45, 2025","ÉG 45, 2025",24,"Quebec","Québec","All genders","Tous les genres",3,"18 to 24 years","18 à 24 ans",344287,553860,0.621613849301256
2025,"GE 45, 2025","ÉG 45, 2025",24,"Quebec","Québec","All genders","Tous les genres",4,"25 to 34 years","25 à 34 ans",568237,942451,0.602935334522817
2025,"GE 45, 2025","ÉG 45, 2025",24,"Quebec","Québec","All genders","Tous les genres",5,"35 to 44 years","35 à 44 ans",665654,1047284,0.635600798381771
2025,"GE 45, 2025","ÉG 45, 2025",24,"Quebec","Québec","All genders","Tous les genres",6,"45 to 54 years","45 à 54 ans",714289,1050831,0.67973777533277
2025,"GE 45, 2025","ÉG 45, 2025",24,"Quebec","Québec","All genders","Tous les genres",7,"55 to 64 years","55 à 64 ans",812507,1135360,0.715637785479921
2025,"GE 45, 2025","ÉG 45, 2025",24,"Quebec","Québec","All genders","Tous les genres",8,"65 to 74 years","65 à 74 ans",833817,1069669,0.779509363271403
2025,"GE 45, 2025","ÉG 45, 2025",24,"Quebec","Québec","All genders","Tous les genres",9,"75 years and over","75 ans et plus",599986,881229,0.680851843340284
2025,"GE 45, 2025","ÉG 45, 2025",24,"Quebec","Québec","All genders","Tous les genres",10,"All ages","Tous les âges",4538778,6680684,0.679388218332135
2025,"GE 45, 2025","ÉG 45, 2025",24,"Quebec","Québec","Women+","Femmes+",1,"First time","1re fois",94545,139257,0.678922211388893
2025,"GE 45, 2025","ÉG 45, 2025",24,"Quebec","Québec","Women+","Femmes+",2,"Not first time","2e fois ou plus",84026,132498,0.634166485600067
2025,"GE 45, 2025","ÉG 45, 2025",24,"Quebec","Québec","Women+","Femmes+",3,"18 to 24 years","18 à 24 ans",178571,271756,0.657100896080589
2025,"GE 45, 2025","ÉG 45, 2025",24,"Quebec","Québec","Women+","Femmes+",4,"25 to 34 years","25 à 34 ans",294428,466852,0.630667962435869
2025,"GE 45, 2025","ÉG 45, 2025",24,"Quebec","Québec","Women+","Femmes+",5,"35 to 44 years","35 à 44 ans",344661,522963,0.659054458633284
2025,"GE 45, 2025","ÉG 45, 2025",24,"Quebec","Québec","Women+","Femmes+",6,"45 to 54 years","45 à 54 ans",366076,521151,0.702437750240176
2025,"GE 45, 2025","ÉG 45, 2025",24,"Quebec","Québec","Women+","Femmes+",7,"55 to 64 years","55 à 64 ans",417356,566304,0.736983309678855
2025,"GE 45, 2025","ÉG 45, 2025",24,"Quebec","Québec","Women+","Femmes+",8,"65 to 74 years","65 à 74 ans",432367,549029,0.787512819072853
2025,"GE 45, 2025","ÉG 45, 2025",24,"Quebec","Québec","Women+","Femmes+",9,"75 years and over","75 ans et plus",322556,496738,0.649348740061322
2025,"GE 45, 2025","ÉG 45, 2025",24,"Quebec","Québec","Women+","Femmes+",10,"All ages","Tous les âges",2356016,3394791,0.694009073736968
2025,"GE 45, 2025","ÉG 45, 2025",24,"Quebec","Québec","Men+","Hommes+",1,"First time","1re fois",88619,145092,0.610781789149172
2025,"GE 45, 2025","ÉG 45, 2025",24,"Quebec","Québec","Men+","Hommes+",2,"Not first time","2e fois ou plus",77097,137013,0.562698527518184
2025,"GE 45, 2025","ÉG 45, 2025",24,"Quebec","Québec","Men+","Hommes+",3,"18 to 24 years","18 à 24 ans",165716,282105,0.587428645880156
2025,"GE 45, 2025","ÉG 45, 2025",24,"Quebec","Québec","Men+","Hommes+",4,"25 to 34 years","25 à 34 ans",273809,475599,0.575712787461996
2025,"GE 45, 2025","ÉG 45, 2025",24,"Quebec","Québec","Men+","Hommes+",5,"35 to 44 years","35 à 44 ans",320993,524321,0.612207904170224
2025,"GE 45, 2025","ÉG 45, 2025",24,"Quebec","Québec","Men+","Hommes+",6,"45 to 54 years","45 à 54 ans",348213,529680,0.657403324909042
2025,"GE 45, 2025","ÉG 45, 2025",24,"Quebec","Québec","Men+","Hommes+",7,"55 to 64 years","55 à 64 ans",395150,569057,0.694395534043215
2025,"GE 45, 2025","ÉG 45, 2025",24,"Quebec","Québec","Men+","Hommes+",8,"65 to 74 years","65 à 74 ans",401449,520640,0.77106949920484
2025,"GE 45, 2025","ÉG 45, 2025",24,"Quebec","Québec","Men+","Hommes+",9,"75 years and over","75 ans et plus",277430,384491,0.721551790885443
2025,"GE 45, 2025","ÉG 45, 2025",24,"Quebec","Québec","Men+","Hommes+",10,"All ages","Tous les âges",2182762,3285893,0.664282811884483
2025,"GE 45, 2025","ÉG 45, 2025",35,"Ontario","Ontario","All genders","Tous les genres",1,"First time","1re fois",308054,415788,0.740891675678046
2025,"GE 45, 2025","ÉG 45, 2025",35,"Ontario","Ontario","All genders","Tous les genres",2,"Not first time","2e fois ou plus",306822,471735,0.650412454053598
2025,"GE 45, 2025","ÉG 45, 2025",35,"Ontario","Ontario","All genders","Tous les genres",3,"18 to 24 years","18 à 24 ans",614876,887523,0.69280027809866
2025,"GE 45, 2025","ÉG 45, 2025",35,"Ontario","Ontario","All genders","Tous les genres",4,"25 to 34 years","25 à 34 ans",1075304,1702362,0.631654103684679
2025,"GE 45, 2025","ÉG 45, 2025",35,"Ontario","Ontario","All genders","Tous les genres",5,"35 to 44 years","35 à 44 ans",1217871,1847773,0.65910177826924
2025,"GE 45, 2025","ÉG 45, 2025",35,"Ontario","Ontario","All genders","Tous les genres",6,"45 to 54 years","45 à 54 ans",1219615,1745734,0.698626296930187
2025,"GE 45, 2025","ÉG 45, 2025",35,"Ontario","Ontario","All genders","Tous les genres",7,"55 to 64 years","55 à 64 ans",1407196,1935838,0.726918276234146
2025,"GE 45, 2025","ÉG 45, 2025",35,"Ontario","Ontario","All genders","Tous les genres",8,"65 to 74 years","65 à 74 ans",1220659,1608574,0.758845772275088
2025,"GE 45, 2025","ÉG 45, 2025",35,"Ontario","Ontario","All genders","Tous les genres",9,"75 years and over","75 ans et plus",884602,1320828,0.669733071428366
2025,"GE 45, 2025","ÉG 45, 2025",35,"Ontario","Ontario","All genders","Tous les genres",10,"All ages","Tous les âges",7640124,11048632,0.691499544921036
2025,"GE 45, 2025","ÉG 45, 2025",35,"Ontario","Ontario","Women+","Femmes+",1,"First time","1re fois",156535,206250,0.758956639844008
2025,"GE 45, 2025","ÉG 45, 2025",35,"Ontario","Ontario","Women+","Femmes+",2,"Not first time","2e fois ou plus",156752,233533,0.671222721848495
2025,"GE 45, 2025","ÉG 45, 2025",35,"Ontario","Ontario","Women+","Femmes+",3,"18 to 24 years","18 à 24 ans",313287,439783,0.712368309368333
2025,"GE 45, 2025","ÉG 45, 2025",35,"Ontario","Ontario","Women+","Femmes+",4,"25 to 34 years","25 à 34 ans",543672,840250,0.647035721978779
2025,"GE 45, 2025","ÉG 45, 2025",35,"Ontario","Ontario","Women+","Femmes+",5,"35 to 44 years","35 à 44 ans",624831,931557,0.670738801618487
2025,"GE 45, 2025","ÉG 45, 2025",35,"Ontario","Ontario","Women+","Femmes+",6,"45 to 54 years","45 à 54 ans",636452,893208,0.712546671904836
2025,"GE 45, 2025","ÉG 45, 2025",35,"Ontario","Ontario","Women+","Femmes+",7,"55 to 64 years","55 à 64 ans",729432,982271,0.742597850924555
2025,"GE 45, 2025","ÉG 45, 2025",35,"Ontario","Ontario","Women+","Femmes+",8,"65 to 74 years","65 à 74 ans",638708,833473,0.766321546715904
2025,"GE 45, 2025","ÉG 45, 2025",35,"Ontario","Ontario","Women+","Femmes+",9,"75 years and over","75 ans et plus",473813,733150,0.64626990974907
2025,"GE 45, 2025","ÉG 45, 2025",35,"Ontario","Ontario","Women+","Femmes+",10,"All ages","Tous les âges",3960196,5653691,0.70046201303101
2025,"GE 45, 2025","ÉG 45, 2025",35,"Ontario","Ontario","Men+","Hommes+",1,"First time","1re fois",151519,209538,0.723110175999345
2025,"GE 45, 2025","ÉG 45, 2025",35,"Ontario","Ontario","Men+","Hommes+",2,"Not first time","2e fois ou plus",150070,238202,0.630010134001102
2025,"GE 45, 2025","ÉG 45, 2025",35,"Ontario","Ontario","Men+","Hommes+",3,"18 to 24 years","18 à 24 ans",301589,447740,0.673580019898129
2025,"GE 45, 2025","ÉG 45, 2025",35,"Ontario","Ontario","Men+","Hommes+",4,"25 to 34 years","25 à 34 ans",531632,862112,0.616662548945241
2025,"GE 45, 2025","ÉG 45, 2025",35,"Ontario","Ontario","Men+","Hommes+",5,"35 to 44 years","35 à 44 ans",593039,916217,0.647269919800486
2025,"GE 45, 2025","ÉG 45, 2025",35,"Ontario","Ontario","Men+","Hommes+",6,"45 to 54 years","45 à 54 ans",583163,852526,0.684041653568407
2025,"GE 45, 2025","ÉG 45, 2025",35,"Ontario","Ontario","Men+","Hommes+",7,"55 to 64 years","55 à 64 ans",677763,953567,0.710766711277014
2025,"GE 45, 2025","ÉG 45, 2025",35,"Ontario","Ontario","Men+","Hommes+",8,"65 to 74 years","65 à 74 ans",581951,775101,0.750807004150818
2025,"GE 45, 2025","ÉG 45, 2025",35,"Ontario","Ontario","Men+","Hommes+",9,"75 years and over","75 ans et plus",410790,587678,0.699004234255253
2025,"GE 45, 2025","ÉG 45, 2025",35,"Ontario","Ontario","Men+","Hommes+",10,"All ages","Tous les âges",3679928,5394941,0.682107221448449
2025,"GE 45, 2025","ÉG 45, 2025",46,"Manitoba","Manitoba","All genders","Tous les genres",1,"First time","1re fois",25977,36787,0.706149495451096
2025,"GE 45, 2025","ÉG 45, 2025",46,"Manitoba","Manitoba","All genders","Tous les genres",2,"Not first time","2e fois ou plus",25964,43101,0.602410630431768
2025,"GE 45, 2025","ÉG 45, 2025",46,"Manitoba","Manitoba","All genders","Tous les genres",3,"18 to 24 years","18 à 24 ans",51942,79888,0.650180566274636
2025,"GE 45, 2025","ÉG 45, 2025",46,"Manitoba","Manitoba","All genders","Tous les genres",4,"25 to 34 years","25 à 34 ans",88938,152323,0.58387639830927
2025,"GE 45, 2025","ÉG 45, 2025",46,"Manitoba","Manitoba","All genders","Tous les genres",5,"35 to 44 years","35 à 44 ans",103635,165723,0.625348127333923
2025,"GE 45, 2025","ÉG 45, 2025",46,"Manitoba","Manitoba","All genders","Tous les genres",6,"45 to 54 years","45 à 54 ans",102613,153256,0.669554584812743
2025,"GE 45, 2025","ÉG 45, 2025",46,"Manitoba","Manitoba","All genders","Tous les genres",7,"55 to 64 years","55 à 64 ans",114344,159554,0.716650686846312
2025,"GE 45, 2025","ÉG 45, 2025",46,"Manitoba","Manitoba","All genders","Tous les genres",8,"65 to 74 years","65 à 74 ans",108433,140316,0.772777742806034
2025,"GE 45, 2025","ÉG 45, 2025",46,"Manitoba","Manitoba","All genders","Tous les genres",9,"75 years and over","75 ans et plus",75769,110233,0.687351610749316
2025,"GE 45, 2025","ÉG 45, 2025",46,"Manitoba","Manitoba","All genders","Tous les genres",10,"All ages","Tous les âges",645673,961292,0.671672082988312
2025,"GE 45, 2025","ÉG 45, 2025",46,"Manitoba","Manitoba","Women+","Femmes+",1,"First time","1re fois",13250,18163,0.729498142511087
2025,"GE 45, 2025","ÉG 45, 2025",46,"Manitoba","Manitoba","Women+","Femmes+",2,"Not first time","2e fois ou plus",13048,21036,0.62025758082514
2025,"GE 45, 2025","ÉG 45, 2025",46,"Manitoba","Manitoba","Women+","Femmes+",3,"18 to 24 years","18 à 24 ans",26298,39199,0.670873483015936
2025,"GE 45, 2025","ÉG 45, 2025",46,"Manitoba","Manitoba","Women+","Femmes+",4,"25 to 34 years","25 à 34 ans",44388,74883,0.592764294460998
2025,"GE 45, 2025","ÉG 45, 2025",46,"Manitoba","Manitoba","Women+","Femmes+",5,"35 to 44 years","35 à 44 ans",52540,83056,0.632590728541056
2025,"GE 45, 2025","ÉG 45, 2025",46,"Manitoba","Manitoba","Women+","Femmes+",6,"45 to 54 years","45 à 54 ans",52526,77020,0.68198279365624
2025,"GE 45, 2025","ÉG 45, 2025",46,"Manitoba","Manitoba","Women+","Femmes+",7,"55 to 64 years","55 à 64 ans",58804,80465,0.730794789678566
2025,"GE 45, 2025","ÉG 45, 2025",46,"Manitoba","Manitoba","Women+","Femmes+",8,"65 to 74 years","65 à 74 ans",56279,72208,0.779405197147515
2025,"GE 45, 2025","ÉG 45, 2025",46,"Manitoba","Manitoba","Women+","Femmes+",9,"75 years and over","75 ans et plus",41270,62528,0.660017909408813
2025,"GE 45, 2025","ÉG 45, 2025",46,"Manitoba","Manitoba","Women+","Femmes+",10,"All ages","Tous les âges",332105,489359,0.678652322875811
2025,"GE 45, 2025","ÉG 45, 2025",46,"Manitoba","Manitoba","Men+","Hommes+",1,"First time","1re fois",12727,18624,0.683379723361538
2025,"GE 45, 2025","ÉG 45, 2025",46,"Manitoba","Manitoba","Men+","Hommes+",2,"Not first time","2e fois ou plus",12916,22064,0.585395247018611
2025,"GE 45, 2025","ÉG 45, 2025",46,"Manitoba","Manitoba","Men+","Hommes+",3,"18 to 24 years","18 à 24 ans",25644,40689,0.630245323533991
2025,"GE 45, 2025","ÉG 45, 2025",46,"Manitoba","Manitoba","Men+","Hommes+",4,"25 to 34 years","25 à 34 ans",44550,77440,0.575281965104223
2025,"GE 45, 2025","ÉG 45, 2025",46,"Manitoba","Manitoba","Men+","Hommes+",5,"35 to 44 years","35 à 44 ans",51094,82667,0.618071494457448
2025,"GE 45, 2025","ÉG 45, 2025",46,"Manitoba","Manitoba","Men+","Hommes+",6,"45 to 54 years","45 à 54 ans",50087,76236,0.65699851341082
2025,"GE 45, 2025","ÉG 45, 2025",46,"Manitoba","Manitoba","Men+","Hommes+",7,"55 to 64 years","55 à 64 ans",55541,79088,0.702260337254759
2025,"GE 45, 2025","ÉG 45, 2025",46,"Manitoba","Manitoba","Men+","Hommes+",8,"65 to 74 years","65 à 74 ans",52154,68108,0.765751362319967
2025,"GE 45, 2025","ÉG 45, 2025",46,"Manitoba","Manitoba","Men+","Hommes+",9,"75 years and over","75 ans et plus",34499,47705,0.723178765687278
2025,"GE 45, 2025","ÉG 45, 2025",46,"Manitoba","Manitoba","Men+","Hommes+",10,"All ages","Tous les âges",313568,471933,0.664434100369572
2025,"GE 45, 2025","ÉG 45, 2025",47,"Saskatchewan","Saskatchewan","All genders","Tous les genres",1,"First time","1re fois",21487,31080,0.691349460503122
2025,"GE 45, 2025","ÉG 45, 2025",47,"Saskatchewan","Saskatchewan","All genders","Tous les genres",2,"Not first time","2e fois ou plus",21059,36605,0.575320476923417
2025,"GE 45, 2025","ÉG 45, 2025",47,"Saskatchewan","Saskatchewan","All genders","Tous les genres",3,"18 to 24 years","18 à 24 ans",42546,67684,0.628599305486828
2025,"GE 45, 2025","ÉG 45, 2025",47,"Saskatchewan","Saskatchewan","All genders","Tous les genres",4,"25 to 34 years","25 à 34 ans",75602,131614,0.574419216289132
2025,"GE 45, 2025","ÉG 45, 2025",47,"Saskatchewan","Saskatchewan","All genders","Tous les genres",5,"35 to 44 years","35 à 44 ans",96449,152792,0.63124689996278
2025,"GE 45, 2025","ÉG 45, 2025",47,"Saskatchewan","Saskatchewan","All genders","Tous les genres",6,"45 to 54 years","45 à 54 ans",88251,129960,0.679057543971199
2025,"GE 45, 2025","ÉG 45, 2025",47,"Saskatchewan","Saskatchewan","All genders","Tous les genres",7,"55 to 64 years","55 à 64 ans",98236,133849,0.733934065018979
2025,"GE 45, 2025","ÉG 45, 2025",47,"Saskatchewan","Saskatchewan","All genders","Tous les genres",8,"65 to 74 years","65 à 74 ans",99294,124579,0.797037202591623
2025,"GE 45, 2025","ÉG 45, 2025",47,"Saskatchewan","Saskatchewan","All genders","Tous les genres",9,"75 years and over","75 ans et plus",65270,92908,0.7025229019266
2025,"GE 45, 2025","ÉG 45, 2025",47,"Saskatchewan","Saskatchewan","All genders","Tous les genres",10,"All ages","Tous les âges",565648,833386,0.678734703966709
2025,"GE 45, 2025","ÉG 45, 2025",47,"Saskatchewan","Saskatchewan","Women+","Femmes+",1,"First time","1re fois",10857,15337,0.707870410757875
2025,"GE 45, 2025","ÉG 45, 2025",47,"Saskatchewan","Saskatchewan","Women+","Femmes+",2,"Not first time","2e fois ou plus",10457,17881,0.584827545189439
2025,"GE 45, 2025","ÉG 45, 2025",47,"Saskatchewan","Saskatchewan","Women+","Femmes+",3,"18 to 24 years","18 à 24 ans",21314,33218,0.6416378786293
2025,"GE 45, 2025","ÉG 45, 2025",47,"Saskatchewan","Saskatchewan","Women+","Femmes+",4,"25 to 34 years","25 à 34 ans",37809,64513,0.586067200602749
2025,"GE 45, 2025","ÉG 45, 2025",47,"Saskatchewan","Saskatchewan","Women+","Femmes+",5,"35 to 44 years","35 à 44 ans",48579,75480,0.643606553646781
2025,"GE 45, 2025","ÉG 45, 2025",47,"Saskatchewan","Saskatchewan","Women+","Femmes+",6,"45 to 54 years","45 à 54 ans",44572,64219,0.694063879220236
2025,"GE 45, 2025","ÉG 45, 2025",47,"Saskatchewan","Saskatchewan","Women+","Femmes+",7,"55 to 64 years","55 à 64 ans",50369,67097,0.750688948181795
2025,"GE 45, 2025","ÉG 45, 2025",47,"Saskatchewan","Saskatchewan","Women+","Femmes+",8,"65 to 74 years","65 à 74 ans",50613,62971,0.803751020627605
2025,"GE 45, 2025","ÉG 45, 2025",47,"Saskatchewan","Saskatchewan","Women+","Femmes+",9,"75 years and over","75 ans et plus",35075,51975,0.6748518108272
2025,"GE 45, 2025","ÉG 45, 2025",47,"Saskatchewan","Saskatchewan","Women+","Femmes+",10,"All ages","Tous les âges",288331,419472,0.687366824438324
2025,"GE 45, 2025","ÉG 45, 2025",47,"Saskatchewan","Saskatchewan","Men+","Hommes+",1,"First time","1re fois",10630,15743,0.675254156649195
2025,"GE 45, 2025","ÉG 45, 2025",47,"Saskatchewan","Saskatchewan","Men+","Hommes+",2,"Not first time","2e fois ou plus",10602,18724,0.566241538441496
2025,"GE 45, 2025","ÉG 45, 2025",47,"Saskatchewan","Saskatchewan","Men+","Hommes+",3,"18 to 24 years","18 à 24 ans",21232,34466,0.616033142931551
2025,"GE 45, 2025","ÉG 45, 2025",47,"Saskatchewan","Saskatchewan","Men+","Hommes+",4,"25 to 34 years","25 à 34 ans",37793,67101,0.563220452176423
2025,"GE 45, 2025","ÉG 45, 2025",47,"Saskatchewan","Saskatchewan","Men+","Hommes+",5,"35 to 44 years","35 à 44 ans",47870,77312,0.619180113418993
2025,"GE 45, 2025","ÉG 45, 2025",47,"Saskatchewan","Saskatchewan","Men+","Hommes+",6,"45 to 54 years","45 à 54 ans",43679,65742,0.664398885699254
2025,"GE 45, 2025","ÉG 45, 2025",47,"Saskatchewan","Saskatchewan","Men+","Hommes+",7,"55 to 64 years","55 à 64 ans",47867,66752,0.717092517894528
2025,"GE 45, 2025","ÉG 45, 2025",47,"Saskatchewan","Saskatchewan","Men+","Hommes+",8,"65 to 74 years","65 à 74 ans",48681,61608,0.790174872727805
2025,"GE 45, 2025","ÉG 45, 2025",47,"Saskatchewan","Saskatchewan","Men+","Hommes+",9,"75 years and over","75 ans et plus",30194,40933,0.737658605921483
2025,"GE 45, 2025","ÉG 45, 2025",47,"Saskatchewan","Saskatchewan","Men+","Hommes+",10,"All ages","Tous les âges",277317,413914,0.669986661998807
2025,"GE 45, 2025","ÉG 45, 2025",48,"Alberta","Alberta","All genders","Tous les genres",1,"First time","1re fois",101149,133962,0.755059160068222
2025,"GE 45, 2025","ÉG 45, 2025",48,"Alberta","Alberta","All genders","Tous les genres",2,"Not first time","2e fois ou plus",92379,145553,0.634676490677694
2025,"GE 45, 2025","ÉG 45, 2025",48,"Alberta","Alberta","All genders","Tous les genres",3,"18 to 24 years","18 à 24 ans",193528,279515,0.692371691552358
2025,"GE 45, 2025","ÉG 45, 2025",48,"Alberta","Alberta","All genders","Tous les genres",4,"25 to 34 years","25 à 34 ans",330453,523871,0.630789990063799
2025,"GE 45, 2025","ÉG 45, 2025",48,"Alberta","Alberta","All genders","Tous les genres",5,"35 to 44 years","35 à 44 ans",437328,655739,0.666923379779926
2025,"GE 45, 2025","ÉG 45, 2025",48,"Alberta","Alberta","All genders","Tous les genres",6,"45 to 54 years","45 à 54 ans",392462,560316,0.700428472340702
2025,"GE 45, 2025","ÉG 45, 2025",48,"Alberta","Alberta","All genders","Tous les genres",7,"55 to 64 years","55 à 64 ans",384258,525018,0.73189500848051
2025,"GE 45, 2025","ÉG 45, 2025",48,"Alberta","Alberta","All genders","Tous les genres",8,"65 to 74 years","65 à 74 ans",338385,437244,0.773904139810944
2025,"GE 45, 2025","ÉG 45, 2025",48,"Alberta","Alberta","All genders","Tous les genres",9,"75 years and over","75 ans et plus",205248,295953,0.693513971666982
2025,"GE 45, 2025","ÉG 45, 2025",48,"Alberta","Alberta","All genders","Tous les genres",10,"All ages","Tous les âges",2281661,3277657,0.696125616560854
2025,"GE 45, 2025","ÉG 45, 2025",48,"Alberta","Alberta","Women+","Femmes+",1,"First time","1re fois",51268,66244,0.773937512348868
2025,"GE 45, 2025","ÉG 45, 2025",48,"Alberta","Alberta","Women+","Femmes+",2,"Not first time","2e fois ou plus",46668,71308,0.654462949135883
2025,"GE 45, 2025","ÉG 45, 2025",48,"Alberta","Alberta","Women+","Femmes+",3,"18 to 24 years","18 à 24 ans",97937,137552,0.71200079968313
2025,"GE 45, 2025","ÉG 45, 2025",48,"Alberta","Alberta","Women+","Femmes+",4,"25 to 34 years","25 à 34 ans",167720,258342,0.649219155323876
2025,"GE 45, 2025","ÉG 45, 2025",48,"Alberta","Alberta","Women+","Femmes+",5,"35 to 44 years","35 à 44 ans",221896,324261,0.684312439394096
2025,"GE 45, 2025","ÉG 45, 2025",48,"Alberta","Alberta","Women+","Femmes+",6,"45 to 54 years","45 à 54 ans",197294,274592,0.718498938862069
2025,"GE 45, 2025","ÉG 45, 2025",48,"Alberta","Alberta","Women+","Femmes+",7,"55 to 64 years","55 à 64 ans",196127,261409,0.750265981513753
2025,"GE 45, 2025","ÉG 45, 2025",48,"Alberta","Alberta","Women+","Femmes+",8,"65 to 74 years","65 à 74 ans",172237,220873,0.779802719425808
2025,"GE 45, 2025","ÉG 45, 2025",48,"Alberta","Alberta","Women+","Femmes+",9,"75 years and over","75 ans et plus",108506,162927,0.665977487540155
2025,"GE 45, 2025","ÉG 45, 2025",48,"Alberta","Alberta","Women+","Femmes+",10,"All ages","Tous les âges",1161717,1639955,0.708383002700866
2025,"GE 45, 2025","ÉG 45, 2025",48,"Alberta","Alberta","Men+","Hommes+",1,"First time","1re fois",49881,67718,0.736591857064577
2025,"GE 45, 2025","ÉG 45, 2025",48,"Alberta","Alberta","Men+","Hommes+",2,"Not first time","2e fois ou plus",45711,74245,0.615672768934677
2025,"GE 45, 2025","ÉG 45, 2025",48,"Alberta","Alberta","Men+","Hommes+",3,"18 to 24 years","18 à 24 ans",95591,141963,0.673352563071382
2025,"GE 45, 2025","ÉG 45, 2025",48,"Alberta","Alberta","Men+","Hommes+",4,"25 to 34 years","25 à 34 ans",162732,265529,0.612859679406807
2025,"GE 45, 2025","ÉG 45, 2025",48,"Alberta","Alberta","Men+","Hommes+",5,"35 to 44 years","35 à 44 ans",215432,331479,0.649912974077529
2025,"GE 45, 2025","ÉG 45, 2025",48,"Alberta","Alberta","Men+","Hommes+",6,"45 to 54 years","45 à 54 ans",195168,285725,0.6830620880803
2025,"GE 45, 2025","ÉG 45, 2025",48,"Alberta","Alberta","Men+","Hommes+",7,"55 to 64 years","55 à 64 ans",188131,263608,0.713677283709134
2025,"GE 45, 2025","ÉG 45, 2025",48,"Alberta","Alberta","Men+","Hommes+",8,"65 to 74 years","65 à 74 ans",166148,216371,0.767882844778981
2025,"GE 45, 2025","ÉG 45, 2025",48,"Alberta","Alberta","Men+","Hommes+",9,"75 years and over","75 ans et plus",96742,133026,0.727240067265182
2025,"GE 45, 2025","ÉG 45, 2025",48,"Alberta","Alberta","Men+","Hommes+",10,"All ages","Tous les âges",1119944,1637702,0.683851360745781
2025,"GE 45, 2025","ÉG 45, 2025",59,"British Columbia","Colombie-Britannique","All genders","Tous les genres",1,"First time","1re fois",89723,122873,0.730213251832474
2025,"GE 45, 2025","ÉG 45, 2025",59,"British Columbia","Colombie-Britannique","All genders","Tous les genres",2,"Not first time","2e fois ou plus",92674,144848,0.639802315667048
2025,"GE 45, 2025","ÉG 45, 2025",59,"British Columbia","Colombie-Britannique","All genders","Tous les genres",3,"18 to 24 years","18 à 24 ans",182397,267720,0.681297207664119
2025,"GE 45, 2025","ÉG 45, 2025",59,"British Columbia","Colombie-Britannique","All genders","Tous les genres",4,"25 to 34 years","25 à 34 ans",365102,578667,0.630936344011913
2025,"GE 45, 2025","ÉG 45, 2025",59,"British Columbia","Colombie-Britannique","All genders","Tous les genres",5,"35 to 44 years","35 à 44 ans",436218,662164,0.658776432631437
2025,"GE 45, 2025","ÉG 45, 2025",59,"British Columbia","Colombie-Britannique","All genders","Tous les genres",6,"45 to 54 years","45 à 54 ans",407706,590668,0.690245678223018
2025,"GE 45, 2025","ÉG 45, 2025",59,"British Columbia","Colombie-Britannique","All genders","Tous les genres",7,"55 to 64 years","55 à 64 ans",468030,653178,0.716542358100633
2025,"GE 45, 2025","ÉG 45, 2025",59,"British Columbia","Colombie-Britannique","All genders","Tous les genres",8,"65 to 74 years","65 à 74 ans",460037,603951,0.761713082809598
2025,"GE 45, 2025","ÉG 45, 2025",59,"British Columbia","Colombie-Britannique","All genders","Tous les genres",9,"75 years and over","75 ans et plus",340008,487736,0.697115392733544
2025,"GE 45, 2025","ÉG 45, 2025",59,"British Columbia","Colombie-Britannique","All genders","Tous les genres",10,"All ages","Tous les âges",2659499,3844085,0.691841881748192
2025,"GE 45, 2025","ÉG 45, 2025",59,"British Columbia","Colombie-Britannique","Women+","Femmes+",1,"First time","1re fois",46150,61501,0.750393905151146
2025,"GE 45, 2025","ÉG 45, 2025",59,"British Columbia","Colombie-Britannique","Women+","Femmes+",2,"Not first time","2e fois ou plus",47631,71807,0.663313975977411
2025,"GE 45, 2025","ÉG 45, 2025",59,"British Columbia","Colombie-Britannique","Women+","Femmes+",3,"18 to 24 years","18 à 24 ans",93781,133308,0.703487650404352
2025,"GE 45, 2025","ÉG 45, 2025",59,"British Columbia","Colombie-Britannique","Women+","Femmes+",4,"25 to 34 years","25 à 34 ans",187011,287001,0.651604200546007
2025,"GE 45, 2025","ÉG 45, 2025",59,"British Columbia","Colombie-Britannique","Women+","Femmes+",5,"35 to 44 years","35 à 44 ans",221983,329751,0.673184180966565
2025,"GE 45, 2025","ÉG 45, 2025",59,"British Columbia","Colombie-Britannique","Women+","Femmes+",6,"45 to 54 years","45 à 54 ans",211511,299446,0.706342901073168
2025,"GE 45, 2025","ÉG 45, 2025",59,"British Columbia","Colombie-Britannique","Women+","Femmes+",7,"55 to 64 years","55 à 64 ans",245167,335056,0.731721479961946
2025,"GE 45, 2025","ÉG 45, 2025",59,"British Columbia","Colombie-Britannique","Women+","Femmes+",8,"65 to 74 years","65 à 74 ans",241900,313802,0.770867044349476
2025,"GE 45, 2025","ÉG 45, 2025",59,"British Columbia","Colombie-Britannique","Women+","Femmes+",9,"75 years and over","75 ans et plus",178721,264011,0.67694577257024
2025,"GE 45, 2025","ÉG 45, 2025",59,"British Columbia","Colombie-Britannique","Women+","Femmes+",10,"All ages","Tous les âges",1380075,1962375,0.70326758784949
2025,"GE 45, 2025","ÉG 45, 2025",59,"British Columbia","Colombie-Britannique","Men+","Hommes+",1,"First time","1re fois",43573,61372,0.709990256826148
2025,"GE 45, 2025","ÉG 45, 2025",59,"British Columbia","Colombie-Britannique","Men+","Hommes+",2,"Not first time","2e fois ou plus",45043,73040,0.616687546134455
2025,"GE 45, 2025","ÉG 45, 2025",59,"British Columbia","Colombie-Britannique","Men+","Hommes+",3,"18 to 24 years","18 à 24 ans",88617,134412,0.659289059625017
2025,"GE 45, 2025","ÉG 45, 2025",59,"British Columbia","Colombie-Britannique","Men+","Hommes+",4,"25 to 34 years","25 à 34 ans",178091,291666,0.610599064826011
2025,"GE 45, 2025","ÉG 45, 2025",59,"British Columbia","Colombie-Britannique","Men+","Hommes+",5,"35 to 44 years","35 à 44 ans",214235,332413,0.644484072639285
2025,"GE 45, 2025","ÉG 45, 2025",59,"British Columbia","Colombie-Britannique","Men+","Hommes+",6,"45 to 54 years","45 à 54 ans",196195,291223,0.673693939663521
2025,"GE 45, 2025","ÉG 45, 2025",59,"British Columbia","Colombie-Britannique","Men+","Hommes+",7,"55 to 64 years","55 à 64 ans",222863,318123,0.700555291871059
2025,"GE 45, 2025","ÉG 45, 2025",59,"British Columbia","Colombie-Britannique","Men+","Hommes+",8,"65 to 74 years","65 à 74 ans",218137,290148,0.75181284888021
2025,"GE 45, 2025","ÉG 45, 2025",59,"British Columbia","Colombie-Britannique","Men+","Hommes+",9,"75 years and over","75 ans et plus",161287,223725,0.720916953671353
2025,"GE 45, 2025","ÉG 45, 2025",59,"British Columbia","Colombie-Britannique","Men+","Hommes+",10,"All ages","Tous les âges",1279424,1881710,0.679926382694335
2025,"GE 45, 2025","ÉG 45, 2025",60,"Yukon","Yukon","All genders","Tous les genres",1,"First time","1re fois",724,938,0.772588227225667
2025,"GE 45, 2025","ÉG 45, 2025",60,"Yukon","Yukon","All genders","Tous les genres",2,"Not first time","2e fois ou plus",691,1069,0.646280047310269
2025,"GE 45, 2025","ÉG 45, 2025",60,"Yukon","Yukon","All genders","Tous les genres",3,"18 to 24 years","18 à 24 ans",1415,2006,0.705300082359746
2025,"GE 45, 2025","ÉG 45, 2025",60,"Yukon","Yukon","All genders","Tous les genres",4,"25 to 34 years","25 à 34 ans",3556,5248,0.677515459254024
2025,"GE 45, 2025","ÉG 45, 2025",60,"Yukon","Yukon","All genders","Tous les genres",5,"35 to 44 years","35 à 44 ans",4678,6759,0.692039443837098
2025,"GE 45, 2025","ÉG 45, 2025",60,"Yukon","Yukon","All genders","Tous les genres",6,"45 to 54 years","45 à 54 ans",3735,5270,0.708638332688688
2025,"GE 45, 2025","ÉG 45, 2025",60,"Yukon","Yukon","All genders","Tous les genres",7,"55 to 64 years","55 à 64 ans",3762,5141,0.731897907798682
2025,"GE 45, 2025","ÉG 45, 2025",60,"Yukon","Yukon","All genders","Tous les genres",8,"65 to 74 years","65 à 74 ans",3685,4551,0.809654115196294
2025,"GE 45, 2025","ÉG 45, 2025",60,"Yukon","Yukon","All genders","Tous les genres",9,"75 years and over","75 ans et plus",1931,2416,0.798998859244675
2025,"GE 45, 2025","ÉG 45, 2025",60,"Yukon","Yukon","All genders","Tous les genres",10,"All ages","Tous les âges",22761,31392,0.725057339449541
2025,"GE 45, 2025","ÉG 45, 2025",60,"Yukon","Yukon","Women+","Femmes+",1,"First time","1re fois",350,464,0.754853802094191
2025,"GE 45, 2025","ÉG 45, 2025",60,"Yukon","Yukon","Women+","Femmes+",2,"Not first time","2e fois ou plus",344,515,0.667727653712581
2025,"GE 45, 2025","ÉG 45, 2025",60,"Yukon","Yukon","Women+","Femmes+",3,"18 to 24 years","18 à 24 ans",695,980,0.709016820847759
2025,"GE 45, 2025","ÉG 45, 2025",60,"Yukon","Yukon","Women+","Femmes+",4,"25 to 34 years","25 à 34 ans",1890,2722,0.694413921574493
2025,"GE 45, 2025","ÉG 45, 2025",60,"Yukon","Yukon","Women+","Femmes+",5,"35 to 44 years","35 à 44 ans",2444,3444,0.709532698421203
2025,"GE 45, 2025","ÉG 45, 2025",60,"Yukon","Yukon","Women+","Femmes+",6,"45 to 54 years","45 à 54 ans",1960,2673,0.733052013850547
2025,"GE 45, 2025","ÉG 45, 2025",60,"Yukon","Yukon","Women+","Femmes+",7,"55 to 64 years","55 à 64 ans",1915,2556,0.749317220978809
2025,"GE 45, 2025","ÉG 45, 2025",60,"Yukon","Yukon","Women+","Femmes+",8,"65 to 74 years","65 à 74 ans",1866,2203,0.847263169338385
2025,"GE 45, 2025","ÉG 45, 2025",60,"Yukon","Yukon","Women+","Femmes+",9,"75 years and over","75 ans et plus",939,1158,0.811097685944394
2025,"GE 45, 2025","ÉG 45, 2025",60,"Yukon","Yukon","Women+","Femmes+",10,"All ages","Tous les âges",11709,15736,0.744097796277957
2025,"GE 45, 2025","ÉG 45, 2025",60,"Yukon","Yukon","Men+","Hommes+",1,"First time","1re fois",374,473,0.789982392370541
2025,"GE 45, 2025","ÉG 45, 2025",60,"Yukon","Yukon","Men+","Hommes+",2,"Not first time","2e fois ou plus",347,554,0.626310882642738
2025,"GE 45, 2025","ÉG 45, 2025",60,"Yukon","Yukon","Men+","Hommes+",3,"18 to 24 years","18 à 24 ans",721,1027,0.701754322921611
2025,"GE 45, 2025","ÉG 45, 2025",60,"Yukon","Yukon","Men+","Hommes+",4,"25 to 34 years","25 à 34 ans",1665,2526,0.659303945342905
2025,"GE 45, 2025","ÉG 45, 2025",60,"Yukon","Yukon","Men+","Hommes+",5,"35 to 44 years","35 à 44 ans",2234,3315,0.673864861140029
2025,"GE 45, 2025","ÉG 45, 2025",60,"Yukon","Yukon","Men+","Hommes+",6,"45 to 54 years","45 à 54 ans",1775,2597,0.683509611406817
2025,"GE 45, 2025","ÉG 45, 2025",60,"Yukon","Yukon","Men+","Hommes+",7,"55 to 64 years","55 à 64 ans",1847,2585,0.714675181582716
2025,"GE 45, 2025","ÉG 45, 2025",60,"Yukon","Yukon","Men+","Hommes+",8,"65 to 74 years","65 à 74 ans",1818,2348,0.774374006231218
2025,"GE 45, 2025","ÉG 45, 2025",60,"Yukon","Yukon","Men+","Hommes+",9,"75 years and over","75 ans et plus",991,1258,0.787864396554757
2025,"GE 45, 2025","ÉG 45, 2025",60,"Yukon","Yukon","Men+","Hommes+",10,"All ages","Tous les âges",11052,15656,0.705920418396622
2025,"GE 45, 2025","ÉG 45, 2025",61,"Northwest Territories","Territoires du Nord-Ouest","All genders","Tous les genres",1,"First time","1re fois",566,1093,0.518041851092168
2025,"GE 45, 2025","ÉG 45, 2025",61,"Northwest Territories","Territoires du Nord-Ouest","All genders","Tous les genres",2,"Not first time","2e fois ou plus",634,1389,0.456286516039174
2025,"GE 45, 2025","ÉG 45, 2025",61,"Northwest Territories","Territoires du Nord-Ouest","All genders","Tous les genres",3,"18 to 24 years","18 à 24 ans",1200,2481,0.483483784968209
2025,"GE 45, 2025","ÉG 45, 2025",61,"Northwest Territories","Territoires du Nord-Ouest","All genders","Tous les genres",4,"25 to 34 years","25 à 34 ans",2841,5806,0.489291952148604
2025,"GE 45, 2025","ÉG 45, 2025",61,"Northwest Territories","Territoires du Nord-Ouest","All genders","Tous les genres",5,"35 to 44 years","35 à 44 ans",3583,6474,0.553361062054391
2025,"GE 45, 2025","ÉG 45, 2025",61,"Northwest Territories","Territoires du Nord-Ouest","All genders","Tous les genres",6,"45 to 54 years","45 à 54 ans",3098,5364,0.577646227122556
2025,"GE 45, 2025","ÉG 45, 2025",61,"Northwest Territories","Territoires du Nord-Ouest","All genders","Tous les genres",7,"55 to 64 years","55 à 64 ans",3123,5358,0.58288100773871
2025,"GE 45, 2025","ÉG 45, 2025",61,"Northwest Territories","Territoires du Nord-Ouest","All genders","Tous les genres",8,"65 to 74 years","65 à 74 ans",2078,3387,0.61369034975363
2025,"GE 45, 2025","ÉG 45, 2025",61,"Northwest Territories","Territoires du Nord-Ouest","All genders","Tous les genres",9,"75 years and over","75 ans et plus",826,1628,0.507158294010419
2025,"GE 45, 2025","ÉG 45, 2025",61,"Northwest Territories","Territoires du Nord-Ouest","All genders","Tous les genres",10,"All ages","Tous les âges",16748,30497,0.549168770698757
2025,"GE 45, 2025","ÉG 45, 2025",61,"Northwest Territories","Territoires du Nord-Ouest","Women+","Femmes+",1,"First time","1re fois",280,523,0.535040239602076
2025,"GE 45, 2025","ÉG 45, 2025",61,"Northwest Territories","Territoires du Nord-Ouest","Women+","Femmes+",2,"Not first time","2e fois ou plus",339,714,0.475061417869091
2025,"GE 45, 2025","ÉG 45, 2025",61,"Northwest Territories","Territoires du Nord-Ouest","Women+","Femmes+",3,"18 to 24 years","18 à 24 ans",619,1237,0.50043326329153
2025,"GE 45, 2025","ÉG 45, 2025",61,"Northwest Territories","Territoires du Nord-Ouest","Women+","Femmes+",4,"25 to 34 years","25 à 34 ans",1427,2826,0.504759493443071
2025,"GE 45, 2025","ÉG 45, 2025",61,"Northwest Territories","Territoires du Nord-Ouest","Women+","Femmes+",5,"35 to 44 years","35 à 44 ans",1941,3226,0.601761964704232
2025,"GE 45, 2025","ÉG 45, 2025",61,"Northwest Territories","Territoires du Nord-Ouest","Women+","Femmes+",6,"45 to 54 years","45 à 54 ans",1602,2628,0.609691686080824
2025,"GE 45, 2025","ÉG 45, 2025",61,"Northwest Territories","Territoires du Nord-Ouest","Women+","Femmes+",7,"55 to 64 years","55 à 64 ans",1586,2563,0.618869869779082
2025,"GE 45, 2025","ÉG 45, 2025",61,"Northwest Territories","Territoires du Nord-Ouest","Women+","Femmes+",8,"65 to 74 years","65 à 74 ans",997,1579,0.63127263939274
2025,"GE 45, 2025","ÉG 45, 2025",61,"Northwest Territories","Territoires du Nord-Ouest","Women+","Femmes+",9,"75 years and over","75 ans et plus",412,824,0.499769323352929
2025,"GE 45, 2025","ÉG 45, 2025",61,"Northwest Territories","Territoires du Nord-Ouest","Women+","Femmes+",10,"All ages","Tous les âges",8584,14884,0.576750508583407
2025,"GE 45, 2025","ÉG 45, 2025",61,"Northwest Territories","Territoires du Nord-Ouest","Men+","Hommes+",1,"First time","1re fois",286,569,0.502419959392821
2025,"GE 45, 2025","ÉG 45, 2025",61,"Northwest Territories","Territoires du Nord-Ouest","Men+","Hommes+",2,"Not first time","2e fois ou plus",294,675,0.436423319256792
2025,"GE 45, 2025","ÉG 45, 2025",61,"Northwest Territories","Territoires du Nord-Ouest","Men+","Hommes+",3,"18 to 24 years","18 à 24 ans",581,1244,0.466629705792972
2025,"GE 45, 2025","ÉG 45, 2025",61,"Northwest Territories","Territoires du Nord-Ouest","Men+","Hommes+",4,"25 to 34 years","25 à 34 ans",1414,2980,0.474620567714132
2025,"GE 45, 2025","ÉG 45, 2025",61,"Northwest Territories","Territoires du Nord-Ouest","Men+","Hommes+",5,"35 to 44 years","35 à 44 ans",1641,3248,0.505288586036104
2025,"GE 45, 2025","ÉG 45, 2025",61,"Northwest Territories","Territoires du Nord-Ouest","Men+","Hommes+",6,"45 to 54 years","45 à 54 ans",1496,2736,0.5468687412327
2025,"GE 45, 2025","ÉG 45, 2025",61,"Northwest Territories","Territoires du Nord-Ouest","Men+","Hommes+",7,"55 to 64 years","55 à 64 ans",1536,2794,0.549862051033475
2025,"GE 45, 2025","ÉG 45, 2025",61,"Northwest Territories","Territoires du Nord-Ouest","Men+","Hommes+",8,"65 to 74 years","65 à 74 ans",1082,1808,0.598331435408198
2025,"GE 45, 2025","ÉG 45, 2025",61,"Northwest Territories","Territoires du Nord-Ouest","Men+","Hommes+",9,"75 years and over","75 ans et plus",414,804,0.514731600060591
2025,"GE 45, 2025","ÉG 45, 2025",61,"Northwest Territories","Territoires du Nord-Ouest","Men+","Hommes+",10,"All ages","Tous les âges",8164,15613,0.522876174398454
2025,"GE 45, 2025","ÉG 45, 2025",62,"Nunavut","Nunavut","All genders","Tous les genres",1,"First time","1re fois",220,633,0.346987275075174
2025,"GE 45, 2025","ÉG 45, 2025",62,"Nunavut","Nunavut","All genders","Tous les genres",2,"Not first time","2e fois ou plus",264,1018,0.259557593352812
2025,"GE 45, 2025","ÉG 45, 2025",62,"Nunavut","Nunavut","All genders","Tous les genres",3,"18 to 24 years","18 à 24 ans",484,1652,0.293086459809239
2025,"GE 45, 2025","ÉG 45, 2025",62,"Nunavut","Nunavut","All genders","Tous les genres",4,"25 to 34 years","25 à 34 ans",1419,5089,0.278863653334501
2025,"GE 45, 2025","ÉG 45, 2025",62,"Nunavut","Nunavut","All genders","Tous les genres",5,"35 to 44 years","35 à 44 ans",1695,5261,0.322139579112768
2025,"GE 45, 2025","ÉG 45, 2025",62,"Nunavut","Nunavut","All genders","Tous les genres",6,"45 to 54 years","45 à 54 ans",1587,4084,0.38862980883037
2025,"GE 45, 2025","ÉG 45, 2025",62,"Nunavut","Nunavut","All genders","Tous les genres",7,"55 to 64 years","55 à 64 ans",1468,3427,0.428285959430534
2025,"GE 45, 2025","ÉG 45, 2025",62,"Nunavut","Nunavut","All genders","Tous les genres",8,"65 to 74 years","65 à 74 ans",795,1634,0.486633674181973
2025,"GE 45, 2025","ÉG 45, 2025",62,"Nunavut","Nunavut","All genders","Tous les genres",9,"75 years and over","75 ans et plus",300,767,0.390649749398878
2025,"GE 45, 2025","ÉG 45, 2025",62,"Nunavut","Nunavut","All genders","Tous les genres",10,"All ages","Tous les âges",7747,21912,0.353550565899963
2025,"GE 45, 2025","ÉG 45, 2025",62,"Nunavut","Nunavut","Women+","Femmes+",1,"First time","1re fois",125,340,0.367345797020241
2025,"GE 45, 2025","ÉG 45, 2025",62,"Nunavut","Nunavut","Women+","Femmes+",2,"Not first time","2e fois ou plus",128,525,0.243283056228386
2025,"GE 45, 2025","ÉG 45, 2025",62,"Nunavut","Nunavut","Women+","Femmes+",3,"18 to 24 years","18 à 24 ans",253,865,0.292016855913715
2025,"GE 45, 2025","ÉG 45, 2025",62,"Nunavut","Nunavut","Women+","Femmes+",4,"25 to 34 years","25 à 34 ans",772,2564,0.301240062639441
2025,"GE 45, 2025","ÉG 45, 2025",62,"Nunavut","Nunavut","Women+","Femmes+",5,"35 to 44 years","35 à 44 ans",935,2613,0.357725481253766
2025,"GE 45, 2025","ÉG 45, 2025",62,"Nunavut","Nunavut","Women+","Femmes+",6,"45 to 54 years","45 à 54 ans",780,1939,0.402280331441228
2025,"GE 45, 2025","ÉG 45, 2025",62,"Nunavut","Nunavut","Women+","Femmes+",7,"55 to 64 years","55 à 64 ans",707,1628,0.434334674780659
2025,"GE 45, 2025","ÉG 45, 2025",62,"Nunavut","Nunavut","Women+","Femmes+",8,"65 to 74 years","65 à 74 ans",370,761,0.486198051849976
2025,"GE 45, 2025","ÉG 45, 2025",62,"Nunavut","Nunavut","Women+","Femmes+",9,"75 years and over","75 ans et plus",147,381,0.386369977821132
2025,"GE 45, 2025","ÉG 45, 2025",62,"Nunavut","Nunavut","Women+","Femmes+",10,"All ages","Tous les âges",3964,10750,0.368710632400002
2025,"GE 45, 2025","ÉG 45, 2025",62,"Nunavut","Nunavut","Men+","Hommes+",1,"First time","1re fois",95,294,0.323432004091089
2025,"GE 45, 2025","ÉG 45, 2025",62,"Nunavut","Nunavut","Men+","Hommes+",2,"Not first time","2e fois ou plus",137,493,0.276891024478405
2025,"GE 45, 2025","ÉG 45, 2025",62,"Nunavut","Nunavut","Men+","Hommes+",3,"18 to 24 years","18 à 24 ans",232,787,0.294262369181299
2025,"GE 45, 2025","ÉG 45, 2025",62,"Nunavut","Nunavut","Men+","Hommes+",4,"25 to 34 years","25 à 34 ans",647,2525,0.25614924575467
2025,"GE 45, 2025","ÉG 45, 2025",62,"Nunavut","Nunavut","Men+","Hommes+",5,"35 to 44 years","35 à 44 ans",760,2648,0.287024430902996
2025,"GE 45, 2025","ÉG 45, 2025",62,"Nunavut","Nunavut","Men+","Hommes+",6,"45 to 54 years","45 à 54 ans",807,2145,0.376286819575867
2025,"GE 45, 2025","ÉG 45, 2025",62,"Nunavut","Nunavut","Men+","Hommes+",7,"55 to 64 years","55 à 64 ans",761,1799,0.422813452552655
2025,"GE 45, 2025","ÉG 45, 2025",62,"Nunavut","Nunavut","Men+","Hommes+",8,"65 to 74 years","65 à 74 ans",425,873,0.487013282701148
2025,"GE 45, 2025","ÉG 45, 2025",62,"Nunavut","Nunavut","Men+","Hommes+",9,"75 years and over","75 ans et plus",152,386,0.394873963665025
2025,"GE 45, 2025","ÉG 45, 2025",62,"Nunavut","Nunavut","Men+","Hommes+",10,"All ages","Tous les âges",3783,11162,0.338951062307896
2025,"GE 45, 2025","ÉG 45, 2025",99,"Canada","Canada","All genders","Tous les genres",1,"First time","1re fois",777576,1093065,0.711372824345115
2025,"GE 45, 2025","ÉG 45, 2025",99,"Canada","Canada","All genders","Tous les genres",2,"Not first time","2e fois ou plus",747809,1188682,0.629107653248703
2025,"GE 45, 2025","ÉG 45, 2025",99,"Canada","Canada","All genders","Tous les genres",3,"18 to 24 years","18 à 24 ans",1525385,2281747,0.668516562152081
2025,"GE 45, 2025","ÉG 45, 2025",99,"Canada","Canada","All genders","Tous les genres",4,"25 to 34 years","25 à 34 ans",2677630,4313579,0.620744295997312
2025,"GE 45, 2025","ÉG 45, 2025",99,"Canada","Canada","All genders","Tous les genres",5,"35 to 44 years","35 à 44 ans",3166047,4847062,0.653188914156124
2025,"GE 45, 2025","ÉG 45, 2025",99,"Canada","Canada","All genders","Tous les genres",6,"45 to 54 years","45 à 54 ans",3157162,4559705,0.692404798449739
2025,"GE 45, 2025","ÉG 45, 2025",99,"Canada","Canada","All genders","Tous les genres",7,"55 to 64 years","55 à 64 ans",3575800,4928831,0.725486448428935
2025,"GE 45, 2025","ÉG 45, 2025",99,"Canada","Canada","All genders","Tous les genres",8,"65 to 74 years","65 à 74 ans",3344157,4340593,0.77043781318198
2025,"GE 45, 2025","ÉG 45, 2025",99,"Canada","Canada","All genders","Tous les genres",9,"75 years and over","75 ans et plus",2365339,3459759,0.683671799702136
2025,"GE 45, 2025","ÉG 45, 2025",99,"Canada","Canada","All genders","Tous les genres",10,"All ages","Tous les âges",19811520,28731275,0.689545451776853
2025,"GE 45, 2025","ÉG 45, 2025",99,"Canada","Canada","Women+","Femmes+",1,"First time","1re fois",396961,540396,0.734574545769442
2025,"GE 45, 2025","ÉG 45, 2025",99,"Canada","Canada","Women+","Femmes+",2,"Not first time","2e fois ou plus",383194,586611,0.653234181424099
2025,"GE 45, 2025","ÉG 45, 2025",99,"Canada","Canada","Women+","Femmes+",3,"18 to 24 years","18 à 24 ans",780155,1127007,0.692236610017569
2025,"GE 45, 2025","ÉG 45, 2025",99,"Canada","Canada","Women+","Femmes+",4,"25 to 34 years","25 à 34 ans",1364749,2132729,0.639907376674549
2025,"GE 45, 2025","ÉG 45, 2025",99,"Canada","Canada","Women+","Femmes+",5,"35 to 44 years","35 à 44 ans",1623640,2426705,0.669071758442226
2025,"GE 45, 2025","ÉG 45, 2025",99,"Canada","Canada","Women+","Femmes+",6,"45 to 54 years","45 à 54 ans",1630694,2297286,0.709834703710383
2025,"GE 45, 2025","ÉG 45, 2025",99,"Canada","Canada","Women+","Femmes+",7,"55 to 64 years","55 à 64 ans",1849655,2489447,0.742998497637675
2025,"GE 45, 2025","ÉG 45, 2025",99,"Canada","Canada","Women+","Femmes+",8,"65 to 74 years","65 à 74 ans",1739960,2236382,0.778024153992803
2025,"GE 45, 2025","ÉG 45, 2025",99,"Canada","Canada","Women+","Femmes+",9,"75 years and over","75 ans et plus",1264181,1921319,0.657975595154075
2025,"GE 45, 2025","ÉG 45, 2025",99,"Canada","Canada","Women+","Femmes+",10,"All ages","Tous les âges",10253033,14630875,0.700780595730214
2025,"GE 45, 2025","ÉG 45, 2025",99,"Canada","Canada","Men+","Hommes+",1,"First time","1re fois",380615,552669,0.688686325584309
2025,"GE 45, 2025","ÉG 45, 2025",99,"Canada","Canada","Men+","Hommes+",2,"Not first time","2e fois ou plus",364615,602071,0.605600658043467
2025,"GE 45, 2025","ÉG 45, 2025",99,"Canada","Canada","Men+","Hommes+",3,"18 to 24 years","18 à 24 ans",745230,1154740,0.645366190069615
2025,"GE 45, 2025","ÉG 45, 2025",99,"Canada","Canada","Men+","Hommes+",4,"25 to 34 years","25 à 34 ans",1312881,2180851,0.602004062091797
2025,"GE 45, 2025","ÉG 45, 2025",99,"Canada","Canada","Men+","Hommes+",5,"35 to 44 years","35 à 44 ans",1542407,2420357,0.637264409094757
2025,"GE 45, 2025","ÉG 45, 2025",99,"Canada","Canada","Men+","Hommes+",6,"45 to 54 years","45 à 54 ans",1526468,2262419,0.674706271911638
2025,"GE 45, 2025","ÉG 45, 2025",99,"Canada","Canada","Men+","Hommes+",7,"55 to 64 years","55 à 64 ans",1726144,2439384,0.707615000181375
2025,"GE 45, 2025","ÉG 45, 2025",99,"Canada","Canada","Men+","Hommes+",8,"65 to 74 years","65 à 74 ans",1604197,2104210,0.762374949806833
2025,"GE 45, 2025","ÉG 45, 2025",99,"Canada","Canada","Men+","Hommes+",9,"75 years and over","75 ans et plus",1101159,1538440,0.71576314181053
2025,"GE 45, 2025","ÉG 45, 2025",99,"Canada","Canada","Men+","Hommes+",10,"All ages","Tous les âges",9558487,14100400,0.67788762703184
